date,symbol,open,close,dividend,split
2024-08-29,ASTS,27.899999618530273,29.25,0.0,0.0
2024-08-30,ASTS,28.969999313354492,29.040000915527344,0.0,0.0
2024-09-03,ASTS,29.299999237060547,29.40999984741211,0.0,0.0
2024-09-04,ASTS,31.989999771118164,33.08000183105469,0.0,0.0
2024-09-05,ASTS,29.280000686645508,28.450000762939453,0.0,0.0
2024-09-06,ASTS,28.709999084472656,26.110000610351562,0.0,0.0
2024-09-09,ASTS,26.6299991607666,25.940000534057617,0.0,0.0
2024-09-10,ASTS,26.239999771118164,26.110000610351562,0.0,0.0
2024-09-11,ASTS,26.889999389648438,27.899999618530273,0.0,0.0
2024-09-12,ASTS,26.700000762939453,26.790000915527344,0.0,0.0
2024-09-13,ASTS,26.790000915527344,29.829999923706055,0.0,0.0
2024-09-16,ASTS,28.96500015258789,29.84000015258789,0.0,0.0
2024-09-17,ASTS,30.3700008392334,28.0,0.0,0.0
2024-09-18,ASTS,28.34000015258789,28.299999237060547,0.0,0.0
2024-09-19,ASTS,29.149999618530273,28.610000610351562,0.0,0.0
2024-09-20,ASTS,28.450000762939453,26.5,0.0,0.0
2024-09-23,ASTS,26.6200008392334,26.610000610351562,0.0,0.0
2024-09-24,ASTS,26.440000534057617,25.850000381469727,0.0,0.0
2024-09-25,ASTS,25.799999237060547,24.389999389648438,0.0,0.0
2024-09-26,ASTS,24.6299991607666,23.829999923706055,0.0,0.0
2024-09-27,ASTS,23.149999618530273,25.31999969482422,0.0,0.0
2024-09-30,ASTS,25.5,26.149999618530273,0.0,0.0
2024-10-01,ASTS,25.899999618530273,24.104999542236328,0.0,0.0
2024-10-02,ASTS,23.979999542236328,23.84000015258789,0.0,0.0
2024-10-03,ASTS,23.670000076293945,23.219999313354492,0.0,0.0
2024-10-04,ASTS,23.809999465942383,26.110000610351562,0.0,0.0
2024-10-07,ASTS,25.940000534057617,24.90999984741211,0.0,0.0
2024-10-08,ASTS,24.54400062561035,24.200000762939453,0.0,0.0
2024-10-09,ASTS,24.170000076293945,22.610000610351562,0.0,0.0
2024-10-10,ASTS,22.350000381469727,23.06999969482422,0.0,0.0
2024-10-11,ASTS,23.06999969482422,24.18000030517578,0.0,0.0
2024-10-14,ASTS,24.239999771118164,25.1200008392334,0.0,0.0
2024-10-15,ASTS,24.440000534057617,24.25,0.0,0.0
2024-10-16,ASTS,24.760000228881836,28.219999313354492,0.0,0.0
2024-10-17,ASTS,27.84000015258789,28.489999771118164,0.0,0.0
2024-10-18,ASTS,28.790000915527344,28.139999389648438,0.0,0.0
2024-10-21,ASTS,28.520000457763672,27.639999389648438,0.0,0.0
2024-10-22,ASTS,27.290000915527344,27.889999389648438,0.0,0.0
2024-10-23,ASTS,27.5,26.260000228881836,0.0,0.0
2024-10-24,ASTS,27.540000915527344,25.06999969482422,0.0,0.0
2024-10-25,ASTS,25.125,25.6200008392334,0.0,0.0
2024-10-28,ASTS,25.96500015258789,26.729999542236328,0.0,0.0
2024-10-29,ASTS,26.739999771118164,26.979999542236328,0.0,0.0
2024-10-30,ASTS,26.979999542236328,25.1299991607666,0.0,0.0
2024-10-31,ASTS,24.940000534057617,23.809999465942383,0.0,0.0
2024-11-01,ASTS,24.209999084472656,23.850000381469727,0.0,0.0
2024-11-04,ASTS,23.56999969482422,23.940000534057617,0.0,0.0
2024-11-05,ASTS,23.950000762939453,24.1299991607666,0.0,0.0
2024-11-06,ASTS,23.889999389648438,22.520000457763672,0.0,0.0
2024-11-07,ASTS,22.8799991607666,21.454999923706055,0.0,0.0
2024-11-08,ASTS,21.309999465942383,21.989999771118164,0.0,0.0
2024-11-11,ASTS,22.549999237060547,24.760000228881836,0.0,0.0
2024-11-12,ASTS,24.559999465942383,24.260000228881836,0.0,0.0
2024-11-13,ASTS,26.0,27.889999389648438,0.0,0.0
2024-11-14,ASTS,29.0,26.799999237060547,0.0,0.0
2024-11-15,ASTS,23.18000030517578,24.229999542236328,0.0,0.0
2024-11-18,ASTS,24.34000015258789,25.799999237060547,0.0,0.0
2024-11-19,ASTS,25.1299991607666,26.139999389648438,0.0,0.0
2024-11-20,ASTS,25.549999237060547,23.584999084472656,0.0,0.0
2024-11-21,ASTS,24.06999969482422,24.139999389648438,0.0,0.0
2024-11-22,ASTS,24.030000686645508,24.100000381469727,0.0,0.0
2024-11-25,ASTS,24.6299991607666,24.209999084472656,0.0,0.0
2024-11-26,ASTS,23.892000198364258,23.389999389648438,0.0,0.0
2024-11-27,ASTS,23.940000534057617,23.290000915527344,0.0,0.0
2024-11-29,ASTS,23.53499984741211,23.809999465942383,0.0,0.0
2024-12-02,ASTS,24.1200008392334,23.219999313354492,0.0,0.0
2024-12-03,ASTS,23.229999542236328,22.90999984741211,0.0,0.0
2024-12-04,ASTS,22.899999618530273,22.639999389648438,0.0,0.0
2024-12-05,ASTS,22.65999984741211,22.510000228881836,0.0,0.0
2024-12-06,ASTS,22.81999969482422,25.31999969482422,0.0,0.0
2024-12-09,ASTS,27.739999771118164,25.985000610351562,0.0,0.0
2024-12-10,ASTS,25.579999923706055,24.360000610351562,0.0,0.0
2024-12-11,ASTS,24.59000015258789,23.559999465942383,0.0,0.0
2024-12-12,ASTS,23.40999984741211,23.329999923706055,0.0,0.0
2024-12-13,ASTS,23.059999465942383,23.479999542236328,0.0,0.0
2024-12-16,ASTS,23.299999237060547,24.299999237060547,0.0,0.0
2024-12-17,ASTS,24.299999237060547,24.780000686645508,0.0,0.0
2024-12-18,ASTS,24.690000534057617,23.360000610351562,0.0,0.0
2024-12-19,ASTS,23.440000534057617,23.0,0.0,0.0
2024-12-20,ASTS,22.5,22.8799991607666,0.0,0.0
2024-12-23,ASTS,22.979999542236328,23.25,0.0,0.0
2024-12-24,ASTS,23.290000915527344,23.489999771118164,0.0,0.0
2024-12-26,ASTS,23.3799991607666,24.68000030517578,0.0,0.0
2024-12-27,ASTS,24.610000610351562,22.920000076293945,0.0,0.0
2024-12-30,ASTS,22.5,21.809999465942383,0.0,0.0
2024-12-31,ASTS,22.020000457763672,21.100000381469727,0.0,0.0
2025-01-02,ASTS,21.139999389648438,21.639999389648438,0.0,0.0
2025-01-03,ASTS,21.700000762939453,23.969999313354492,0.0,0.0
2025-01-06,ASTS,24.770000457763672,24.139999389648438,0.0,0.0
2025-01-07,ASTS,24.270000457763672,23.0,0.0,0.0
2025-01-08,ASTS,22.510000228881836,22.510000228881836,0.0,0.0
2025-01-10,ASTS,21.729999542236328,22.3700008392334,0.0,0.0
2025-01-13,ASTS,21.600000381469727,21.06999969482422,0.0,0.0
2025-01-14,ASTS,21.469999313354492,20.479999542236328,0.0,0.0
2025-01-15,ASTS,21.200000762939453,21.540000915527344,0.0,0.0
2025-01-16,ASTS,21.520000457763672,21.0,0.0,0.0
2025-01-17,ASTS,21.3799991607666,20.780000686645508,0.0,0.0
2025-01-21,ASTS,20.899999618530273,23.100000381469727,0.0,0.0
2025-01-22,ASTS,23.219999313354492,22.489999771118164,0.0,0.0
2025-01-23,ASTS,19.149999618530273,19.799999237060547,0.0,0.0
2025-01-24,ASTS,20.450000762939453,20.350000381469727,0.0,0.0
2025-01-27,ASTS,19.770000457763672,19.15999984741211,0.0,0.0
2025-01-28,ASTS,19.649999618530273,20.139999389648438,0.0,0.0
2025-01-29,ASTS,19.540000915527344,17.719999313354492,0.0,0.0
2025-01-30,ASTS,18.520000457763672,18.209999084472656,0.0,0.0
2025-01-31,ASTS,19.239999771118164,20.239999771118164,0.0,0.0
2025-02-03,ASTS,18.889999389648438,21.469999313354492,0.0,0.0
2025-02-04,ASTS,21.950000762939453,23.09000015258789,0.0,0.0
2025-02-05,ASTS,23.200000762939453,24.709999084472656,0.0,0.0
2025-02-06,ASTS,25.44499969482422,27.1200008392334,0.0,0.0
2025-02-07,ASTS,27.760000228881836,26.510000228881836,0.0,0.0
2025-02-10,ASTS,27.395000457763672,31.139999389648438,0.0,0.0
2025-02-11,ASTS,30.594999313354492,28.399999618530273,0.0,0.0
2025-02-12,ASTS,28.469999313354492,27.610000610351562,0.0,0.0
2025-02-13,ASTS,27.700000762939453,30.049999237060547,0.0,0.0
2025-02-14,ASTS,30.18000030517578,32.099998474121094,0.0,0.0
2025-02-18,ASTS,32.89500045776367,30.899999618530273,0.0,0.0
2025-02-19,ASTS,31.059999465942383,31.170000076293945,0.0,0.0
2025-02-20,ASTS,30.915000915527344,31.6299991607666,0.0,0.0
2025-02-21,ASTS,31.5049991607666,28.639999389648438,0.0,0.0
2025-02-24,ASTS,28.389999389648438,28.56999969482422,0.0,0.0
2025-02-25,ASTS,27.700000762939453,26.170000076293945,0.0,0.0
2025-02-26,ASTS,28.565000534057617,27.239999771118164,0.0,0.0
2025-02-27,ASTS,28.059999465942383,26.079999923706055,0.0,0.0
2025-02-28,ASTS,25.469999313354492,27.110000610351562,0.0,0.0
2025-03-03,ASTS,29.079999923706055,25.6200008392334,0.0,0.0
2025-03-04,ASTS,24.520000457763672,28.610000610351562,0.0,0.0
2025-03-05,ASTS,30.1200008392334,33.79999923706055,0.0,0.0
2025-03-06,ASTS,32.63999938964844,32.18000030517578,0.0,0.0
2025-03-07,ASTS,31.399999618530273,33.400001525878906,0.0,0.0
2025-03-10,ASTS,32.11000061035156,29.139999389648438,0.0,0.0
2025-03-11,ASTS,28.959999084472656,28.65999984741211,0.0,0.0
2025-03-12,ASTS,29.989999771118164,27.559999465942383,0.0,0.0
2025-03-13,ASTS,27.52199935913086,26.1200008392334,0.0,0.0
2025-03-14,ASTS,26.549999237060547,28.149999618530273,0.0,0.0
2025-03-17,ASTS,27.739999771118164,28.020000457763672,0.0,0.0
2025-03-18,ASTS,27.760000228881836,26.25,0.0,0.0
2025-03-19,ASTS,26.44499969482422,25.649999618530273,0.0,0.0
2025-03-20,ASTS,25.559999465942383,24.690000534057617,0.0,0.0
2025-03-21,ASTS,24.219999313354492,25.709999084472656,0.0,0.0
2025-03-24,ASTS,26.6200008392334,29.299999237060547,0.0,0.0
2025-03-25,ASTS,28.920000076293945,28.549999237060547,0.0,0.0
2025-03-26,ASTS,28.579999923706055,27.290000915527344,0.0,0.0
2025-03-27,ASTS,27.0,25.799999237060547,0.0,0.0
2025-03-28,ASTS,25.670000076293945,24.059999465942383,0.0,0.0
2025-03-31,ASTS,22.829999923706055,22.739999771118164,0.0,0.0
2025-04-01,ASTS,22.770000457763672,21.850000381469727,0.0,0.0
2025-04-02,ASTS,21.3700008392334,22.40999984741211,0.0,0.0
2025-04-03,ASTS,20.079999923706055,21.579999923706055,0.0,0.0
2025-04-04,ASTS,20.600000381469727,20.06999969482422,0.0,0.0
2025-04-07,ASTS,18.5,21.329999923706055,0.0,0.0
2025-04-08,ASTS,22.764999389648438,20.299999237060547,0.0,0.0
2025-04-09,ASTS,20.239999771118164,24.139999389648438,0.0,0.0
2025-04-10,ASTS,24.010000228881836,23.139999389648438,0.0,0.0
2025-04-11,ASTS,23.049999237060547,23.280000686645508,0.0,0.0
2025-04-14,ASTS,24.190000534057617,22.90999984741211,0.0,0.0
2025-04-15,ASTS,22.899999618530273,22.920000076293945,0.0,0.0
2025-04-16,ASTS,22.674999237060547,22.389999389648438,0.0,0.0
2025-04-17,ASTS,22.729999542236328,23.389999389648438,0.0,0.0
2025-04-21,ASTS,22.709999084472656,20.764999389648438,0.0,0.0
2025-04-22,ASTS,21.174999237060547,21.299999237060547,0.0,0.0
2025-04-23,ASTS,22.69499969482422,22.420000076293945,0.0,0.0
2025-04-24,ASTS,23.0,24.06999969482422,0.0,0.0
2025-04-25,ASTS,23.84000015258789,23.760000228881836,0.0,0.0
2025-04-28,ASTS,24.100000381469727,24.25,0.0,0.0
2025-04-29,ASTS,24.209999084472656,23.899999618530273,0.0,0.0
2025-04-30,ASTS,22.850000381469727,23.209999084472656,0.0,0.0
2025-05-01,ASTS,23.809999465942383,23.020000457763672,0.0,0.0
2025-05-02,ASTS,24.344999313354492,26.420000076293945,0.0,0.0
2025-05-05,ASTS,25.915000915527344,24.75,0.0,0.0
2025-05-06,ASTS,24.204999923706055,25.079999923706055,0.0,0.0
2025-05-07,ASTS,25.385000228881836,25.31999969482422,0.0,0.0
2025-05-08,ASTS,25.895000457763672,25.25,0.0,0.0
2025-05-09,ASTS,25.510000228881836,25.760000228881836,0.0,0.0
2025-05-12,ASTS,27.170000076293945,27.15999984741211,0.0,0.0
2025-05-13,ASTS,25.895000457763672,26.549999237060547,0.0,0.0
2025-05-14,ASTS,26.989999771118164,26.25,0.0,0.0
2025-05-15,ASTS,26.139999389648438,26.239999771118164,0.0,0.0
2025-05-16,ASTS,27.0,26.65999984741211,0.0,0.0
2025-05-19,ASTS,25.674999237060547,24.610000610351562,0.0,0.0
2025-05-20,ASTS,24.639999389648438,25.030000686645508,0.0,0.0
2025-05-21,ASTS,24.799999237060547,23.829999923706055,0.0,0.0
2025-05-22,ASTS,24.06999969482422,24.40999984741211,0.0,0.0
2025-05-23,ASTS,24.149999618530273,24.094999313354492,0.0,0.0
2025-05-27,ASTS,24.729999542236328,24.84000015258789,0.0,0.0
2025-05-28,ASTS,25.010000228881836,24.780000686645508,0.0,0.0
2025-05-29,ASTS,25.110000610351562,23.56999969482422,0.0,0.0
2025-05-30,ASTS,23.389999389648438,23.06999969482422,0.0,0.0
2025-06-02,ASTS,22.975000381469727,24.149999618530273,0.0,0.0
2025-06-03,ASTS,24.329999923706055,25.18000030517578,0.0,0.0
2025-06-04,ASTS,25.795000076293945,28.690000534057617,0.0,0.0
2025-06-05,ASTS,28.049999237060547,30.850000381469727,0.0,0.0
2025-06-06,ASTS,31.010000228881836,31.190000534057617,0.0,0.0
2025-06-09,ASTS,32.279998779296875,34.81999969482422,0.0,0.0
2025-06-10,ASTS,35.18000030517578,35.709999084472656,0.0,0.0
2025-06-11,ASTS,35.720001220703125,36.470001220703125,0.0,0.0
2025-06-12,ASTS,35.95500183105469,36.91999816894531,0.0,0.0
2025-06-13,ASTS,36.2400016784668,38.369998931884766,0.0,0.0
2025-06-16,ASTS,39.2599983215332,41.90999984741211,0.0,0.0
2025-06-17,ASTS,40.709999084472656,40.099998474121094,0.0,0.0
2025-06-18,ASTS,41.310001373291016,44.349998474121094,0.0,0.0
2025-06-20,ASTS,45.650001525878906,45.939998626708984,0.0,0.0
2025-06-23,ASTS,43.744998931884766,50.20000076293945,0.0,0.0
2025-06-24,ASTS,50.43000030517578,53.220001220703125,0.0,0.0
2025-06-25,ASTS,50.5,49.970001220703125,0.0,0.0
2025-06-26,ASTS,50.869998931884766,50.619998931884766,0.0,0.0
2025-06-27,ASTS,51.810001373291016,49.36000061035156,0.0,0.0
2025-06-30,ASTS,50.20000076293945,46.72999954223633,0.0,0.0
2025-07-01,ASTS,46.5,45.11000061035156,0.0,0.0
2025-07-02,ASTS,45.16999816894531,45.709999084472656,0.0,0.0
2025-07-03,ASTS,47.400001525878906,45.599998474121094,0.0,0.0
2025-07-07,ASTS,46.150001525878906,45.689998626708984,0.0,0.0
2025-07-08,ASTS,46.060001373291016,45.459999084472656,0.0,0.0
2025-07-09,ASTS,45.53499984741211,42.5,0.0,0.0
2025-07-10,ASTS,43.279998779296875,43.970001220703125,0.0,0.0
2025-07-11,ASTS,43.47999954223633,45.58000183105469,0.0,0.0
2025-07-14,ASTS,45.334999084472656,47.86000061035156,0.0,0.0
2025-07-15,ASTS,48.290000915527344,51.119998931884766,0.0,0.0
2025-07-16,ASTS,51.68000030517578,52.630001068115234,0.0,0.0
2025-07-17,ASTS,52.709999084472656,57.45000076293945,0.0,0.0
2025-07-18,ASTS,56.064998626708984,57.97999954223633,0.0,0.0
2025-07-21,ASTS,59.7400016784668,56.66999816894531,0.0,0.0
2025-07-22,ASTS,55.68000030517578,57.09000015258789,0.0,0.0
2025-07-23,ASTS,58.13999938964844,58.91999816894531,0.0,0.0
2025-07-24,ASTS,58.91999816894531,60.060001373291016,0.0,0.0
2025-07-25,ASTS,56.25,54.334999084472656,0.0,0.0
2025-07-28,ASTS,55.040000915527344,54.220001220703125,0.0,0.0
2025-07-29,ASTS,53.91999816894531,53.09000015258789,0.0,0.0
2025-07-30,ASTS,53.599998474121094,54.290000915527344,0.0,0.0
2025-07-31,ASTS,54.4900016784668,53.16999816894531,0.0,0.0
2025-08-01,ASTS,50.900001525878906,52.459999084472656,0.0,0.0
2025-08-04,ASTS,51.22999954223633,51.380001068115234,0.0,0.0
2025-08-05,ASTS,51.70500183105469,52.56999969482422,0.0,0.0
2025-08-06,ASTS,54.13999938964844,51.790000915527344,0.0,0.0
2025-08-07,ASTS,52.029998779296875,47.709999084472656,0.0,0.0
2025-08-08,ASTS,48.0,46.630001068115234,0.0,0.0
2025-08-11,ASTS,46.25,45.91999816894531,0.0,0.0
2025-08-12,ASTS,51.23500061035156,49.7599983215332,0.0,0.0
2025-08-13,ASTS,50.494998931884766,50.04999923706055,0.0,0.0
2025-08-14,ASTS,50.31999969482422,48.5,0.0,0.0
2025-08-15,ASTS,48.91999816894531,48.08000183105469,0.0,0.0
2025-08-18,ASTS,48.2400016784668,48.15999984741211,0.0,0.0
2025-08-19,ASTS,47.73500061035156,44.95000076293945,0.0,0.0
2025-08-20,ASTS,44.25,45.08000183105469,0.0,0.0
2025-08-21,ASTS,44.33000183105469,44.97999954223633,0.0,0.0
2025-08-22,ASTS,44.93000030517578,47.06999969482422,0.0,0.0
2025-08-25,ASTS,47.84000015258789,50.0099983215332,0.0,0.0
2025-08-26,ASTS,51.125,50.43000030517578,0.0,0.0
2025-08-27,ASTS,50.5,48.25,0.0,0.0
2025-08-28,ASTS,48.56999969482422,48.95000076293945,0.0,0.0
2025-08-29,ASTS,48.57500076293945,48.939998626708984,0.0,0.0
2025-09-02,ASTS,48.16999816894531,48.7599983215332,0.0,0.0
2025-09-03,ASTS,49.06999969482422,45.220001220703125,0.0,0.0
2025-09-04,ASTS,45.400001525878906,41.86000061035156,0.0,0.0
2025-09-05,ASTS,42.56999969482422,42.40999984741211,0.0,0.0
2025-09-08,ASTS,36.9119987487793,40.77000045776367,0.0,0.0
2025-09-09,ASTS,39.59000015258789,36.90999984741211,0.0,0.0
2025-09-10,ASTS,38.099998474121094,37.58000183105469,0.0,0.0
2025-09-11,ASTS,37.709999084472656,38.369998931884766,0.0,0.0
2025-09-12,ASTS,38.59000015258789,38.720001220703125,0.0,0.0
2025-09-15,ASTS,40.27000045776367,40.970001220703125,0.0,0.0
2025-09-16,ASTS,41.0,40.43000030517578,0.0,0.0
2025-09-17,ASTS,40.279998779296875,41.189998626708984,0.0,0.0
2025-09-18,ASTS,41.93000030517578,41.439998626708984,0.0,0.0
2025-09-19,ASTS,41.97999954223633,45.099998474121094,0.0,0.0
2025-09-22,ASTS,46.76499938964844,48.849998474121094,0.0,0.0
2025-09-23,ASTS,48.89500045776367,54.79999923706055,0.0,0.0
2025-09-24,ASTS,54.97999954223633,54.5,0.0,0.0
2025-09-25,ASTS,51.650001525878906,49.38999938964844,0.0,0.0
2025-09-26,ASTS,50.209999084472656,49.09000015258789,0.0,0.0
2025-09-29,ASTS,49.959999084472656,48.84000015258789,0.0,0.0
2025-09-30,ASTS,48.56999969482422,49.08000183105469,0.0,0.0
2025-10-01,ASTS,53.5099983215332,56.939998626708984,0.0,0.0
2025-10-02,ASTS,58.529998779296875,66.16000366210938,0.0,0.0
2025-10-03,ASTS,65.66000366210938,67.76000213623047,0.0,0.0
2025-10-06,ASTS,69.16500091552734,72.9000015258789,0.0,0.0
2025-10-07,ASTS,67.41000366210938,74.75,0.0,0.0
2025-10-08,ASTS,84.80999755859375,81.19999694824219,0.0,0.0
2025-10-09,ASTS,80.70500183105469,86.79000091552734,0.0,0.0
2025-10-10,ASTS,89.80000305175781,82.02999877929688,0.0,0.0
2025-10-13,ASTS,86.6500015258789,90.5,0.0,0.0
2025-10-14,ASTS,88.69499969482422,94.5,0.0,0.0
2025-10-15,ASTS,98.79000091552734,95.69000244140625,0.0,0.0
2025-10-16,ASTS,95.0,89.5,0.0,0.0
2025-10-17,ASTS,83.37000274658203,83.48999786376953,0.0,0.0
2025-10-20,ASTS,86.42500305175781,82.80999755859375,0.0,0.0
2025-10-21,ASTS,81.5,78.61000061035156,0.0,0.0
2025-10-22,ASTS,72.05000305175781,71.3499984741211,0.0,0.0
2025-10-23,ASTS,71.875,71.72000122070312,0.0,0.0
2025-10-24,ASTS,74.0,73.69999694824219,0.0,0.0
2025-10-27,ASTS,76.0,79.44999694824219,0.0,0.0
2025-10-28,ASTS,80.58999633789062,77.7699966430664,0.0,0.0
2025-10-29,ASTS,83.30999755859375,80.05999755859375,0.0,0.0
2025-10-30,ASTS,78.2300033569336,76.68000030517578,0.0,0.0
2025-10-31,ASTS,77.8499984741211,80.25,0.0,0.0
2025-11-03,ASTS,80.36000061035156,71.1449966430664,0.0,0.0
2025-11-04,ASTS,67.80999755859375,70.05000305175781,0.0,0.0
2025-11-05,ASTS,69.7699966430664,70.37999725341797,0.0,0.0
2025-11-06,ASTS,68.81500244140625,65.27999877929688,0.0,0.0
2025-11-07,ASTS,64.20500183105469,69.19000244140625,0.0,0.0
2025-11-10,ASTS,71.30999755859375,68.69999694824219,0.0,0.0
2025-11-11,ASTS,67.87000274658203,67.88999938964844,0.0,0.0
2025-11-12,ASTS,68.19499969482422,64.48999786376953,0.0,0.0
2025-11-13,ASTS,64.04499816894531,61.439998626708984,0.0,0.0
2025-11-14,ASTS,58.65999984741211,61.400001525878906,0.0,0.0
2025-11-17,ASTS,60.560001373291016,56.599998474121094,0.0,0.0
2025-11-18,ASTS,55.90999984741211,58.220001220703125,0.0,0.0
2025-11-19,ASTS,58.90999984741211,58.0099983215332,0.0,0.0
2025-11-20,ASTS,61.380001068115234,50.70000076293945,0.0,0.0
2025-11-21,ASTS,53.005001068115234,51.369998931884766,0.0,0.0
2025-11-24,ASTS,53.0,55.0,0.0,0.0
2025-11-25,ASTS,55.23500061035156,55.5099983215332,0.0,0.0
2025-11-26,ASTS,56.404998779296875,55.52000045776367,0.0,0.0
2025-11-28,ASTS,56.66999816894531,56.20000076293945,0.0,0.0
2025-12-01,ASTS,54.349998474121094,52.61000061035156,0.0,0.0
2025-12-02,ASTS,53.21500015258789,56.88999938964844,0.0,0.0
2025-12-03,ASTS,57.58000183105469,61.439998626708984,0.0,0.0
2025-12-04,ASTS,62.220001220703125,72.6500015258789,0.0,0.0
2025-12-05,ASTS,71.4000015258789,73.91999816894531,0.0,0.0
2025-12-08,ASTS,74.98999786376953,74.0,0.0,0.0
2025-12-09,ASTS,73.27999877929688,72.83999633789062,0.0,0.0
2025-12-10,ASTS,72.75,79.05000305175781,0.0,0.0
2025-12-11,ASTS,78.32499694824219,84.75,0.0,0.0
2025-12-12,ASTS,83.0199966430664,76.69999694824219,0.0,0.0
2025-12-15,ASTS,77.23999786376953,67.80999755859375,0.0,0.0
2025-12-16,ASTS,65.6050033569336,68.37000274658203,0.0,0.0
2025-12-17,ASTS,70.0199966430664,61.86000061035156,0.0,0.0
2025-12-18,ASTS,65.19999694824219,65.93000030517578,0.0,0.0
2025-12-19,ASTS,67.7249984741211,75.83999633789062,0.0,0.0
2025-12-22,ASTS,79.66000366210938,86.4800033569336,0.0,0.0
2025-12-23,ASTS,82.2300033569336,85.66999816894531,0.0,0.0
2025-12-24,ASTS,89.94999694824219,78.05000305175781,0.0,0.0
2025-12-26,ASTS,77.0,71.94999694824219,0.0,0.0
2025-12-29,ASTS,70.63999938964844,71.47000122070312,0.0,0.0
2025-12-30,ASTS,72.36000061035156,74.68000030517578,0.0,0.0
2025-12-31,ASTS,75.00499725341797,72.62999725341797,0.0,0.0
2026-01-02,ASTS,74.33999633789062,83.47000122070312,0.0,0.0
2026-01-05,ASTS,82.02999877929688,90.91999816894531,0.0,0.0
2026-01-06,ASTS,90.9000015258789,97.48999786376953,0.0,0.0
2026-01-07,ASTS,91.05000305175781,85.7300033569336,0.0,0.0
2026-01-08,ASTS,88.625,90.55999755859375,0.0,0.0
2026-01-09,ASTS,90.30000305175781,97.66999816894531,0.0,0.0
2026-01-12,ASTS,95.44000244140625,98.38999938964844,0.0,0.0
2026-01-13,ASTS,96.73999786376953,92.72000122070312,0.0,0.0
2026-01-14,ASTS,91.33499908447266,95.22000122070312,0.0,0.0
2026-01-15,ASTS,94.61000061035156,101.25,0.0,0.0
2026-01-16,ASTS,107.26000213623047,115.7699966430664,0.0,0.0
2026-01-20,ASTS,113.0999984741211,112.44000244140625,0.0,0.0
2026-01-21,ASTS,116.5999984741211,103.5,0.0,0.0
2026-01-22,ASTS,109.68000030517578,116.37000274658203,0.0,0.0
2026-01-23,ASTS,115.52999877929688,113.56999969482422,0.0,0.0
2026-01-26,ASTS,112.55000305175781,104.77999877929688,0.0,0.0
2026-01-27,ASTS,106.27999877929688,111.33999633789062,0.0,0.0
2026-01-28,ASTS,113.5250015258789,121.2300033569336,0.0,0.0
2026-01-29,ASTS,122.3949966430664,122.08999633789062,0.0,0.0
2026-01-30,ASTS,120.73999786376953,111.20999908447266,0.0,0.0
2026-02-02,ASTS,109.88999938964844,104.55000305175781,0.0,0.0
2026-02-03,ASTS,108.0,115.76000213623047,0.0,0.0
2026-02-04,ASTS,114.36000061035156,103.5,0.0,0.0
2026-02-05,ASTS,98.5999984741211,93.2699966430664,0.0,0.0
2026-02-06,ASTS,97.75,101.79000091552734,0.0,0.0
2026-02-09,ASTS,100.50499725341797,102.12000274658203,0.0,0.0
2026-02-10,ASTS,100.0,96.2699966430664,0.0,0.0
2026-02-11,ASTS,100.76000213623047,96.91999816894531,0.0,0.0
2026-02-12,ASTS,87.9000015258789,82.22000122070312,0.0,0.0
2026-02-13,ASTS,82.13999938964844,82.51000213623047,0.0,0.0
2026-02-17,ASTS,80.87000274658203,83.02999877929688,0.0,0.0
2026-02-18,ASTS,83.01000213623047,84.43000030517578,0.0,0.0
2026-02-19,ASTS,82.87999725341797,86.4000015258789,0.0,0.0
2026-02-20,ASTS,85.12999725341797,80.19999694824219,0.0,0.0
2026-02-23,ASTS,78.25199890136719,83.9000015258789,0.0,0.0
2026-02-24,ASTS,81.56500244140625,85.81999969482422,0.0,0.0
2026-02-25,ASTS,87.0,82.36000061035156,0.0,0.0
2026-02-26,ASTS,81.9000015258789,85.76000213623047,0.0,0.0
2026-02-27,ASTS,82.72000122070312,79.19000244140625,0.0,0.0
2026-03-02,ASTS,78.84500122070312,86.91999816894531,0.0,0.0
2026-03-03,ASTS,88.01000213623047,92.68000030517578,0.0,0.0
2026-03-04,ASTS,95.05999755859375,104.88999938964844,0.0,0.0
2026-03-05,ASTS,103.02999877929688,93.86000061035156,0.0,0.0
2026-03-06,ASTS,91.54000091552734,89.4749984741211,0.0,0.0
2026-03-09,ASTS,87.69000244140625,89.76000213623047,0.0,0.0
2026-03-10,ASTS,90.0,87.52999877929688,0.0,0.0
2026-03-11,ASTS,86.80000305175781,88.20999908447266,0.0,0.0
2026-03-12,ASTS,87.04000091552734,87.08999633789062,0.0,0.0
2026-03-13,ASTS,89.0199966430664,86.33999633789062,0.0,0.0
2026-03-16,ASTS,88.0,89.11000061035156,0.0,0.0
2026-03-17,ASTS,89.91999816894531,95.69999694824219,0.0,0.0
2026-03-18,ASTS,94.66999816894531,90.73999786376953,0.0,0.0
2026-03-19,ASTS,88.0250015258789,94.08999633789062,0.0,0.0
2026-03-20,ASTS,94.54000091552734,89.93000030517578,0.0,0.0
2026-03-23,ASTS,90.38999938964844,88.41999816894531,0.0,0.0
2026-03-24,ASTS,87.25,86.9800033569336,0.0,0.0
2026-03-25,ASTS,89.58999633789062,96.05999755859375,0.0,0.0
2026-03-26,ASTS,93.55000305175781,87.86000061035156,0.0,0.0
2026-03-27,ASTS,89.44000244140625,78.66999816894531,0.0,0.0
2026-03-30,ASTS,79.53600311279297,73.81999969482422,0.0,0.0
2026-03-31,ASTS,77.23999786376953,82.87000274658203,0.0,0.0
2026-04-01,ASTS,84.52999877929688,83.98999786376953,0.0,0.0
2026-04-02,ASTS,79.19999694824219,92.62000274658203,0.0,0.0
2026-04-06,ASTS,93.93499755859375,94.80999755859375,0.0,0.0
2026-04-07,ASTS,93.0999984741211,92.56999969482422,0.0,0.0
2026-04-08,ASTS,100.66000366210938,96.45999908447266,0.0,0.0
2026-04-09,ASTS,96.13500213623047,91.61000061035156,0.0,0.0
2026-04-10,ASTS,92.8499984741211,94.9000015258789,0.0,0.0
2026-04-13,ASTS,93.05000305175781,98.97000122070312,0.0,0.0
2026-04-14,ASTS,102.94999694824219,88.56999969482422,0.0,0.0
2026-04-15,ASTS,88.84500122070312,86.91000366210938,0.0,0.0
2026-04-16,ASTS,87.36000061035156,90.94000244140625,0.0,0.0
2026-04-17,ASTS,89.88999938964844,85.52999877929688,0.0,0.0
2026-04-20,ASTS,74.0999984741211,81.0,0.0,0.0
2026-04-21,ASTS,82.33000183105469,80.01000213623047,0.0,0.0
2026-04-22,ASTS,84.66000366210938,84.66000366210938,0.0,0.0
2026-04-23,ASTS,82.53500366210938,78.75,0.0,0.0
2026-04-24,ASTS,79.0,76.4000015258789,0.0,0.0
2026-04-27,ASTS,76.69999694824219,77.19999694824219,0.0,0.0
2026-04-28,ASTS,75.22000122070312,71.87999725341797,0.0,0.0
2026-04-29,ASTS,71.19000244140625,69.8499984741211,0.0,0.0
2026-04-30,ASTS,72.27999877929688,73.9000015258789,0.0,0.0
2026-05-01,ASTS,74.0999984741211,70.88999938964844,0.0,0.0
2026-05-04,ASTS,70.44999694824219,68.43000030517578,0.0,0.0
2026-05-05,ASTS,68.8499984741211,63.869998931884766,0.0,0.0
2026-05-06,ASTS,66.2699966430664,70.68000030517578,0.0,0.0
2026-05-07,ASTS,72.37999725341797,65.3499984741211,0.0,0.0
2026-05-08,ASTS,66.72000122070312,75.05000305175781,0.0,0.0
2026-05-11,ASTS,78.02999877929688,82.55000305175781,0.0,0.0
2026-05-12,ASTS,73.43000030517578,72.95999908447266,0.0,0.0
2026-05-13,ASTS,72.66500091552734,74.80999755859375,0.0,0.0
2026-05-14,ASTS,76.69999694824219,83.01000213623047,0.0,0.0
2026-05-15,ASTS,78.94999694824219,83.66999816894531,0.0,0.0
2026-05-18,ASTS,87.81999969482422,86.83000183105469,0.0,0.0
2026-05-19,ASTS,85.37999725341797,88.0999984741211,0.0,0.0
2026-05-20,ASTS,87.26000213623047,89.58000183105469,0.0,0.0
2026-05-21,ASTS,89.44999694824219,96.2300033569336,0.0,0.0
2026-05-22,ASTS,98.5199966430664,105.86000061035156,0.0,0.0
2026-05-26,ASTS,112.59500122070312,119.69999694824219,0.0,0.0
2026-05-27,ASTS,124.0,129.60000610351562,0.0,0.0
2026-05-28,ASTS,126.86499786376953,133.08999633789062,0.0,0.0
2026-05-29,ASTS,113.45999908447266,113.41000366210938,0.0,0.0
2026-06-01,ASTS,108.66999816894531,105.6500015258789,0.0,0.0
2026-06-02,ASTS,109.91000366210938,118.16999816894531,0.0,0.0
2026-06-03,ASTS,113.50499725341797,107.7300033569336,0.0,0.0
2026-06-04,ASTS,103.3499984741211,107.29000091552734,0.0,0.0
2026-06-05,ASTS,103.33000183105469,93.5999984741211,0.0,0.0
2026-06-08,ASTS,97.12999725341797,92.05999755859375,0.0,0.0
2026-06-09,ASTS,97.2249984741211,88.70999908447266,0.0,0.0
2026-06-10,ASTS,88.79499816894531,87.31999969482422,0.0,0.0
2026-06-11,ASTS,87.47000122070312,97.55999755859375,0.0,0.0
2026-06-12,ASTS,97.0,82.41000366210938,0.0,0.0
2026-06-15,ASTS,86.02999877929688,87.56999969482422,0.0,0.0
2026-06-16,ASTS,85.69999694824219,82.25,0.0,0.0
2026-06-17,ASTS,85.87000274658203,85.43000030517578,0.0,0.0
2026-06-18,ASTS,85.30000305175781,80.66000366210938,0.0,0.0
2026-06-22,ASTS,79.66400146484375,73.19000244140625,0.0,0.0
2026-06-23,ASTS,71.86499786376953,72.87000274658203,0.0,0.0
2026-06-24,ASTS,71.9000015258789,68.01000213623047,0.0,0.0
2026-06-25,ASTS,68.76000213623047,65.62000274658203,0.0,0.0
2026-06-26,ASTS,64.67500305175781,71.44999694824219,0.0,0.0
2026-06-29,ASTS,76.12999725341797,86.7699966430664,0.0,0.0
2026-06-30,ASTS,81.91500091552734,88.86000061035156,0.0,0.0
2026-07-01,ASTS,86.91000366210938,86.0999984741211,0.0,0.0
2026-07-02,ASTS,87.41999816894531,85.12999725341797,0.0,0.0
2026-07-06,ASTS,86.28500366210938,80.63999938964844,0.0,0.0
2026-07-07,ASTS,79.07499694824219,74.20999908447266,0.0,0.0
2026-07-08,ASTS,73.76000213623047,74.94999694824219,0.0,0.0
2026-07-09,ASTS,75.33999633789062,73.87999725341797,0.0,0.0
2026-07-10,ASTS,74.08000183105469,73.31999969482422,0.0,0.0
2026-07-13,ASTS,72.0,67.58000183105469,0.0,0.0
2026-07-14,ASTS,69.77999877929688,68.81999969482422,0.0,0.0
2026-07-15,ASTS,68.86000061035156,66.30999755859375,0.0,0.0
2026-07-16,ASTS,59.20000076293945,55.0099983215332,0.0,0.0
2026-07-17,ASTS,54.845001220703125,57.79999923706055,0.0,0.0
2026-07-20,ASTS,58.11000061035156,57.41999816894531,0.0,0.0
2026-07-21,ASTS,58.880001068115234,63.34000015258789,0.0,0.0
2026-07-22,ASTS,62.744998931884766,61.95000076293945,0.0,0.0
2026-07-23,ASTS,59.970001220703125,59.18000030517578,0.0,0.0
2026-07-24,ASTS,59.45000076293945,56.20000076293945,0.0,0.0
2026-07-27,ASTS,56.43000030517578,58.290000915527344,0.0,0.0
2026-07-28,ASTS,56.290000915527344,56.54999923706055,0.0,0.0
2026-07-29,ASTS,57.36000061035156,53.029998779296875,0.0,0.0
2026-07-30,ASTS,55.04999923706055,58.439998626708984,0.0,0.0
2026-07-31,ASTS,60.650001525878906,58.97999954223633,0.0,0.0
2026-08-03,ASTS,56.810001373291016,63.52000045776367,0.0,0.0
2026-08-04,ASTS,68.5,70.30999755859375,0.0,0.0
2026-08-05,ASTS,67.87999725341797,68.37999725341797,0.0,0.0
2026-08-06,ASTS,65.8499984741211,67.36000061035156,0.0,0.0
2026-08-07,ASTS,69.06999969482422,71.94000244140625,0.0,0.0
2026-08-10,ASTS,71.61000061035156,68.76000213623047,0.0,0.0
2026-08-11,ASTS,69.73999786376953,71.62999725341797,0.0,0.0
2026-08-12,ASTS,72.6500015258789,74.30999755859375,0.0,0.0
2026-08-13,ASTS,72.16999816894531,71.5199966430664,0.0,0.0
2026-08-14,ASTS,71.04000091552734,70.9800033569336,0.0,0.0
2026-08-17,ASTS,70.62000274658203,71.13999938964844,0.0,0.0
2026-08-18,ASTS,67.625,67.06999969482422,0.0,0.0
2026-08-19,ASTS,66.90499877929688,66.43000030517578,0.0,0.0
2026-08-20,ASTS,66.05000305175781,65.05999755859375,0.0,0.0
2026-08-21,ASTS,67.125,68.6500015258789,0.0,0.0
2026-08-24,ASTS,66.75,62.349998474121094,0.0,0.0
2026-08-25,ASTS,63.279998779296875,62.0099983215332,0.0,0.0
2026-08-26,ASTS,60.935001373291016,59.880001068115234,0.0,0.0
2026-08-27,ASTS,60.54999923706055,61.439998626708984,0.0,0.0
2026-08-28,ASTS,61.04999923706055,58.04999923706055,0.0,0.0
2024-08-29,AVGO,158.49000549316406,156.92999267578125,0.0,0.0
2024-08-30,AVGO,161.1199951171875,162.82000732421875,0.0,0.0
2024-09-03,AVGO,160.3800048828125,152.7899932861328,0.0,0.0
2024-09-04,AVGO,150.3000030517578,154.1199951171875,0.0,0.0
2024-09-05,AVGO,150.57000732421875,152.82000732421875,0.0,0.0
2024-09-06,AVGO,143.25,137.0,0.0,0.0
2024-09-09,AVGO,139.11000061035156,140.82000732421875,0.0,0.0
2024-09-10,AVGO,141.22000122070312,148.2100067138672,0.0,0.0
2024-09-11,AVGO,148.38999938964844,158.27000427246094,0.0,0.0
2024-09-12,AVGO,158.10000610351562,164.55999755859375,0.0,0.0
2024-09-13,AVGO,166.74000549316406,167.69000244140625,0.0,0.0
2024-09-16,AVGO,165.19000244140625,164.02000427246094,0.0,0.0
2024-09-17,AVGO,165.49000549316406,162.47000122070312,0.0,0.0
2024-09-18,AVGO,163.77000427246094,161.6699981689453,0.0,0.0
2024-09-19,AVGO,167.67999267578125,167.4199981689453,0.53,0.0
2024-09-20,AVGO,167.17999267578125,171.10000610351562,0.0,0.0
2024-09-23,AVGO,172.0,172.94000244140625,0.0,0.0
2024-09-24,AVGO,172.80999755859375,174.83999633789062,0.0,0.0
2024-09-25,AVGO,174.64999389648438,175.52000427246094,0.0,0.0
2024-09-26,AVGO,178.5,178.08999633789062,0.0,0.0
2024-09-27,AVGO,178.1699981689453,172.69000244140625,0.0,0.0
2024-09-30,AVGO,171.8699951171875,172.5,0.0,0.0
2024-10-01,AVGO,172.16000366210938,167.47000122070312,0.0,0.0
2024-10-02,AVGO,167.5500030517578,170.66000366210938,0.0,0.0
2024-10-03,AVGO,169.6199951171875,171.88999938964844,0.0,0.0
2024-10-04,AVGO,176.3000030517578,176.63999938964844,0.0,0.0
2024-10-07,AVGO,174.82000732421875,175.0800018310547,0.0,0.0
2024-10-08,AVGO,175.4199981689453,180.72999572753906,0.0,0.0
2024-10-09,AVGO,179.24000549316406,185.9499969482422,0.0,0.0
2024-10-10,AVGO,183.55999755859375,185.69000244140625,0.0,0.0
2024-10-11,AVGO,181.13999938964844,181.47999572753906,0.0,0.0
2024-10-14,AVGO,183.3000030517578,182.30999755859375,0.0,0.0
2024-10-15,AVGO,180.7899932861328,175.97999572753906,0.0,0.0
2024-10-16,AVGO,178.50999450683594,176.82000732421875,0.0,0.0
2024-10-17,AVGO,181.3699951171875,181.52999877929688,0.0,0.0
2024-10-18,AVGO,182.32000732421875,179.88999938964844,0.0,0.0
2024-10-21,AVGO,179.3800048828125,179.99000549316406,0.0,0.0
2024-10-22,AVGO,178.66000366210938,179.3800048828125,0.0,0.0
2024-10-23,AVGO,177.58999633789062,173.50999450683594,0.0,0.0
2024-10-24,AVGO,174.25999450683594,171.35000610351562,0.0,0.0
2024-10-25,AVGO,174.19000244140625,173.0,0.0,0.0
2024-10-28,AVGO,173.0,172.02000427246094,0.0,0.0
2024-10-29,AVGO,172.44000244140625,179.24000549316406,0.0,0.0
2024-10-30,AVGO,177.47000122070312,176.63999938964844,0.0,0.0
2024-10-31,AVGO,174.4499969482422,169.77000427246094,0.0,0.0
2024-11-01,AVGO,168.25999450683594,168.9199981689453,0.0,0.0
2024-11-04,AVGO,169.27999877929688,168.5500030517578,0.0,0.0
2024-11-05,AVGO,170.0500030517578,173.89999389648438,0.0,0.0
2024-11-06,AVGO,179.6300048828125,179.5500030517578,0.0,0.0
2024-11-07,AVGO,181.99000549316406,183.80999755859375,0.0,0.0
2024-11-08,AVGO,182.99000549316406,183.63999938964844,0.0,0.0
2024-11-11,AVGO,183.39999389648438,178.91000366210938,0.0,0.0
2024-11-12,AVGO,178.89999389648438,176.22000122070312,0.0,0.0
2024-11-13,AVGO,174.7100067138672,173.5800018310547,0.0,0.0
2024-11-14,AVGO,174.77000427246094,170.3800048828125,0.0,0.0
2024-11-15,AVGO,168.47000122070312,164.83999633789062,0.0,0.0
2024-11-18,AVGO,165.66000366210938,165.6699981689453,0.0,0.0
2024-11-19,AVGO,166.66000366210938,165.35000610351562,0.0,0.0
2024-11-20,AVGO,165.5399932861328,163.25,0.0,0.0
2024-11-21,AVGO,166.25,163.94000244140625,0.0,0.0
2024-11-22,AVGO,164.3000030517578,164.22999572753906,0.0,0.0
2024-11-25,AVGO,165.39999389648438,164.82000732421875,0.0,0.0
2024-11-26,AVGO,164.60000610351562,164.74000549316406,0.0,0.0
2024-11-27,AVGO,163.1999969482422,159.6699981689453,0.0,0.0
2024-11-29,AVGO,159.57000732421875,162.0800018310547,0.0,0.0
2024-12-02,AVGO,162.9499969482422,166.50999450683594,0.0,0.0
2024-12-03,AVGO,164.47999572753906,168.14999389648438,0.0,0.0
2024-12-04,AVGO,173.44000244140625,170.55999755859375,0.0,0.0
2024-12-05,AVGO,170.75,170.47000122070312,0.0,0.0
2024-12-06,AVGO,170.10000610351562,179.52999877929688,0.0,0.0
2024-12-09,AVGO,178.9499969482422,178.94000244140625,0.0,0.0
2024-12-10,AVGO,177.80999755859375,171.80999755859375,0.0,0.0
2024-12-11,AVGO,180.00999450683594,183.1999969482422,0.0,0.0
2024-12-12,AVGO,180.92999267578125,180.66000366210938,0.0,0.0
2024-12-13,AVGO,213.89999389648438,224.8000030517578,0.0,0.0
2024-12-16,AVGO,231.7899932861328,250.0,0.0,0.0
2024-12-17,AVGO,240.64999389648438,240.22999572753906,0.0,0.0
2024-12-18,AVGO,239.41000366210938,223.6199951171875,0.0,0.0
2024-12-19,AVGO,227.91000366210938,218.32000732421875,0.0,0.0
2024-12-20,AVGO,220.36000061035156,220.7899932861328,0.0,0.0
2024-12-23,AVGO,226.69000244140625,232.35000610351562,0.59,0.0
2024-12-24,AVGO,240.1199951171875,239.67999267578125,0.0,0.0
2024-12-26,AVGO,240.0,245.36000061035156,0.0,0.0
2024-12-27,AVGO,245.63999938964844,241.75,0.0,0.0
2024-12-30,AVGO,234.6999969482422,235.5800018310547,0.0,0.0
2024-12-31,AVGO,235.8800048828125,231.83999633789062,0.0,0.0
2025-01-02,AVGO,236.16000366210938,231.97999572753906,0.0,0.0
2025-01-03,AVGO,233.58999633789062,232.5500030517578,0.0,0.0
2025-01-06,AVGO,236.5,236.41000366210938,0.0,0.0
2025-01-07,AVGO,239.5,228.63999938964844,0.0,0.0
2025-01-08,AVGO,229.6999969482422,229.30999755859375,0.0,0.0
2025-01-10,AVGO,227.3000030517578,224.30999755859375,0.0,0.0
2025-01-13,AVGO,219.99000549316406,225.2899932861328,0.0,0.0
2025-01-14,AVGO,226.57000732421875,224.6999969482422,0.0,0.0
2025-01-15,AVGO,228.5500030517578,228.0,0.0,0.0
2025-01-16,AVGO,235.22000122070312,229.41000366210938,0.0,0.0
2025-01-17,AVGO,237.0800018310547,237.44000244140625,0.0,0.0
2025-01-21,AVGO,241.5,240.30999755859375,0.0,0.0
2025-01-22,AVGO,246.75,240.91000366210938,0.0,0.0
2025-01-23,AVGO,238.41000366210938,240.27999877929688,0.0,0.0
2025-01-24,AVGO,244.6999969482422,244.6999969482422,0.0,0.0
2025-01-27,AVGO,213.39999389648438,202.1300048828125,0.0,0.0
2025-01-28,AVGO,208.00999450683594,207.36000061035156,0.0,0.0
2025-01-29,AVGO,208.83999633789062,206.35000610351562,0.0,0.0
2025-01-30,AVGO,218.57000732421875,215.66000366210938,0.0,0.0
2025-01-31,AVGO,219.66000366210938,221.27000427246094,0.0,0.0
2025-02-03,AVGO,215.4600067138672,217.72999572753906,0.0,0.0
2025-02-04,AVGO,219.35000610351562,222.42999267578125,0.0,0.0
2025-02-05,AVGO,233.94000244140625,232.0,0.0,0.0
2025-02-06,AVGO,234.5,231.36000061035156,0.0,0.0
2025-02-07,AVGO,235.0,224.8699951171875,0.0,0.0
2025-02-10,AVGO,227.42999267578125,235.0399932861328,0.0,0.0
2025-02-11,AVGO,232.47999572753906,235.0399932861328,0.0,0.0
2025-02-12,AVGO,230.36000061035156,236.35000610351562,0.0,0.0
2025-02-13,AVGO,236.05999755859375,235.8000030517578,0.0,0.0
2025-02-14,AVGO,234.52999877929688,233.0399932861328,0.0,0.0
2025-02-18,AVGO,230.10000610351562,228.52999877929688,0.0,0.0
2025-02-19,AVGO,227.85000610351562,228.72999572753906,0.0,0.0
2025-02-20,AVGO,228.64999389648438,226.74000549316406,0.0,0.0
2025-02-21,AVGO,225.64999389648438,218.66000366210938,0.0,0.0
2025-02-24,AVGO,218.60000610351562,207.92999267578125,0.0,0.0
2025-02-25,AVGO,207.0,202.5399932861328,0.0,0.0
2025-02-26,AVGO,206.91000366210938,212.94000244140625,0.0,0.0
2025-02-27,AVGO,217.27999877929688,197.8000030517578,0.0,0.0
2025-02-28,AVGO,195.75999450683594,199.42999267578125,0.0,0.0
2025-03-03,AVGO,204.0,187.3699951171875,0.0,0.0
2025-03-04,AVGO,189.22000122070312,187.47999572753906,0.0,0.0
2025-03-05,AVGO,191.86000061035156,191.5800018310547,0.0,0.0
2025-03-06,AVGO,181.0399932861328,179.4499969482422,0.0,0.0
2025-03-07,AVGO,187.72999572753906,194.9600067138672,0.0,0.0
2025-03-10,AVGO,189.60000610351562,184.4499969482422,0.0,0.0
2025-03-11,AVGO,188.0500030517578,190.08999633789062,0.0,0.0
2025-03-12,AVGO,196.22000122070312,194.22999572753906,0.0,0.0
2025-03-13,AVGO,193.14999389648438,191.36000061035156,0.0,0.0
2025-03-14,AVGO,196.1999969482422,195.5399932861328,0.0,0.0
2025-03-17,AVGO,188.0500030517578,194.5,0.0,0.0
2025-03-18,AVGO,190.44000244140625,188.6699981689453,0.0,0.0
2025-03-19,AVGO,189.33999633789062,195.57000732421875,0.0,0.0
2025-03-20,AVGO,191.52000427246094,190.5399932861328,0.59,0.0
2025-03-21,AVGO,188.2100067138672,191.66000366210938,0.0,0.0
2025-03-24,AVGO,194.3000030517578,191.25,0.0,0.0
2025-03-25,AVGO,190.88999938964844,188.25999450683594,0.0,0.0
2025-03-26,AVGO,186.66000366210938,179.27000427246094,0.0,0.0
2025-03-27,AVGO,177.66000366210938,171.99000549316406,0.0,0.0
2025-03-28,AVGO,171.92999267578125,169.1199951171875,0.0,0.0
2025-03-31,AVGO,164.49000549316406,167.42999267578125,0.0,0.0
2025-04-01,AVGO,166.3699951171875,168.52000427246094,0.0,0.0
2025-04-02,AVGO,166.0800018310547,172.08999633789062,0.0,0.0
2025-04-03,AVGO,160.5399932861328,154.00999450683594,0.0,0.0
2025-04-04,AVGO,148.1699981689453,146.2899932861328,0.0,0.0
2025-04-07,AVGO,144.49000549316406,154.13999938964844,0.0,0.0
2025-04-08,AVGO,167.6199951171875,156.02999877929688,0.0,0.0
2025-04-09,AVGO,160.5,185.14999389648438,0.0,0.0
2025-04-10,AVGO,175.3000030517578,172.3000030517578,0.0,0.0
2025-04-11,AVGO,173.6199951171875,181.94000244140625,0.0,0.0
2025-04-14,AVGO,185.0800018310547,178.36000061035156,0.0,0.0
2025-04-15,AVGO,179.72999572753906,178.9499969482422,0.0,0.0
2025-04-16,AVGO,170.42999267578125,174.61000061035156,0.0,0.0
2025-04-17,AVGO,176.25,170.99000549316406,0.0,0.0
2025-04-21,AVGO,166.99000549316406,166.2100067138672,0.0,0.0
2025-04-22,AVGO,167.42999267578125,169.5800018310547,0.0,0.0
2025-04-23,AVGO,177.77999877929688,176.91000366210938,0.0,0.0
2025-04-24,AVGO,179.69000244140625,188.14999389648438,0.0,0.0
2025-04-25,AVGO,186.9199981689453,192.30999755859375,0.0,0.0
2025-04-28,AVGO,190.52999877929688,192.47000122070312,0.0,0.0
2025-04-29,AVGO,191.72000122070312,191.1699981689453,0.0,0.0
2025-04-30,AVGO,185.89999389648438,192.47000122070312,0.0,0.0
2025-05-01,AVGO,198.13999938964844,197.3300018310547,0.0,0.0
2025-05-02,AVGO,203.89999389648438,203.63999938964844,0.0,0.0
2025-05-05,AVGO,200.25,200.72000122070312,0.0,0.0
2025-05-06,AVGO,196.44000244140625,200.08999633789062,0.0,0.0
2025-05-07,AVGO,199.2899932861328,204.80999755859375,0.0,0.0
2025-05-08,AVGO,208.0,207.77000427246094,0.0,0.0
2025-05-09,AVGO,209.3300018310547,208.1999969482422,0.0,0.0
2025-05-12,AVGO,219.49000549316406,221.5800018310547,0.0,0.0
2025-05-13,AVGO,222.0,232.4199981689453,0.0,0.0
2025-05-14,AVGO,230.22999572753906,232.1199951171875,0.0,0.0
2025-05-15,AVGO,230.16000366210938,232.63999938964844,0.0,0.0
2025-05-16,AVGO,232.32000732421875,228.61000061035156,0.0,0.0
2025-05-19,AVGO,221.85000610351562,230.6300048828125,0.0,0.0
2025-05-20,AVGO,226.49000549316406,231.67999267578125,0.0,0.0
2025-05-21,AVGO,228.38999938964844,229.72999572753906,0.0,0.0
2025-05-22,AVGO,228.33999633789062,230.52999877929688,0.0,0.0
2025-05-23,AVGO,226.94000244140625,228.72000122070312,0.0,0.0
2025-05-27,AVGO,232.8699951171875,235.64999389648438,0.0,0.0
2025-05-28,AVGO,237.14999389648438,239.42999267578125,0.0,0.0
2025-05-29,AVGO,245.91000366210938,241.97000122070312,0.0,0.0
2025-05-30,AVGO,241.22000122070312,242.07000732421875,0.0,0.0
2025-06-02,AVGO,243.25,248.7100067138672,0.0,0.0
2025-06-03,AVGO,250.0800018310547,256.8500061035156,0.0,0.0
2025-06-04,AVGO,258.05999755859375,261.0799865722656,0.0,0.0
2025-06-05,AVGO,262.95001220703125,259.92999267578125,0.0,0.0
2025-06-06,AVGO,251.13999938964844,246.92999267578125,0.0,0.0
2025-06-09,AVGO,245.0500030517578,244.27999877929688,0.0,0.0
2025-06-10,AVGO,244.22000122070312,244.6300048828125,0.0,0.0
2025-06-11,AVGO,246.36000061035156,252.91000366210938,0.0,0.0
2025-06-12,AVGO,250.19000244140625,256.07000732421875,0.0,0.0
2025-06-13,AVGO,250.66000366210938,248.6999969482422,0.0,0.0
2025-06-16,AVGO,250.35000610351562,252.10000610351562,0.0,0.0
2025-06-17,AVGO,250.9499969482422,249.3699951171875,0.0,0.0
2025-06-18,AVGO,250.88999938964844,251.25999450683594,0.0,0.0
2025-06-20,AVGO,253.2100067138672,249.99000549316406,0.59,0.0
2025-06-23,AVGO,249.11000061035156,253.77000427246094,0.0,0.0
2025-06-24,AVGO,258.7699890136719,263.7699890136719,0.0,0.0
2025-06-25,AVGO,266.0,264.6499938964844,0.0,0.0
2025-06-26,AVGO,265.0799865722656,270.1700134277344,0.0,0.0
2025-06-27,AVGO,270.29998779296875,269.3500061035156,0.0,0.0
2025-06-30,AVGO,274.7300109863281,275.6499938964844,0.0,0.0
2025-07-01,AVGO,274.3999938964844,264.739990234375,0.0,0.0
2025-07-02,AVGO,263.989990234375,269.8999938964844,0.0,0.0
2025-07-03,AVGO,270.7300109863281,275.17999267578125,0.0,0.0
2025-07-07,AVGO,275.1300048828125,274.17999267578125,0.0,0.0
2025-07-08,AVGO,276.3500061035156,271.79998779296875,0.0,0.0
2025-07-09,AVGO,272.9599914550781,277.8999938964844,0.0,0.0
2025-07-10,AVGO,279.7900085449219,275.3999938964844,0.0,0.0
2025-07-11,AVGO,274.1400146484375,274.3800048828125,0.0,0.0
2025-07-14,AVGO,274.1300048828125,275.6000061035156,0.0,0.0
2025-07-15,AVGO,279.80999755859375,280.94000244140625,0.0,0.0
2025-07-16,AVGO,280.1099853515625,280.80999755859375,0.0,0.0
2025-07-17,AVGO,281.1400146484375,286.45001220703125,0.0,0.0
2025-07-18,AVGO,287.1099853515625,283.3399963378906,0.0,0.0
2025-07-21,AVGO,283.9599914550781,288.2099914550781,0.0,0.0
2025-07-22,AVGO,287.6499938964844,278.5899963378906,0.0,0.0
2025-07-23,AVGO,276.7799987792969,283.69000244140625,0.0,0.0
2025-07-24,AVGO,289.7900085449219,288.7099914550781,0.0,0.0
2025-07-25,AVGO,288.07000732421875,290.17999267578125,0.0,0.0
2025-07-28,AVGO,292.4599914550781,294.29998779296875,0.0,0.0
2025-07-29,AVGO,297.5,297.4200134277344,0.0,0.0
2025-07-30,AVGO,297.1499938964844,302.6199951171875,0.0,0.0
2025-07-31,AVGO,302.79998779296875,293.70001220703125,0.0,0.0
2025-08-01,AVGO,286.5400085449219,288.6400146484375,0.0,0.0
2025-08-04,AVGO,292.20001220703125,297.7200012207031,0.0,0.0
2025-08-05,AVGO,297.80999755859375,292.92999267578125,0.0,0.0
2025-08-06,AVGO,292.8999938964844,301.6700134277344,0.0,0.0
2025-08-07,AVGO,306.1700134277344,303.760009765625,0.0,0.0
2025-08-08,AVGO,304.04998779296875,304.9700012207031,0.0,0.0
2025-08-11,AVGO,305.04998779296875,303.8999938964844,0.0,0.0
2025-08-12,AVGO,306.6300048828125,312.8299865722656,0.0,0.0
2025-08-13,AVGO,316.75,309.0899963378906,0.0,0.0
2025-08-14,AVGO,307.010009765625,311.2300109863281,0.0,0.0
2025-08-15,AVGO,311.0299987792969,306.3399963378906,0.0,0.0
2025-08-18,AVGO,302.70001220703125,305.760009765625,0.0,0.0
2025-08-19,AVGO,302.4200134277344,294.9100036621094,0.0,0.0
2025-08-20,AVGO,295.4599914550781,291.1700134277344,0.0,0.0
2025-08-21,AVGO,290.05999755859375,289.6000061035156,0.0,0.0
2025-08-22,AVGO,291.75,294.0,0.0,0.0
2025-08-25,AVGO,292.80999755859375,294.2300109863281,0.0,0.0
2025-08-26,AVGO,294.3500061035156,298.010009765625,0.0,0.0
2025-08-27,AVGO,297.5299987792969,300.25,0.0,0.0
2025-08-28,AVGO,302.92999267578125,308.6499938964844,0.0,0.0
2025-08-29,AVGO,307.010009765625,297.3900146484375,0.0,0.0
2025-09-02,AVGO,289.3399963378906,298.239990234375,0.0,0.0
2025-09-03,AVGO,302.2900085449219,302.3900146484375,0.0,0.0
2025-09-04,AVGO,305.05999755859375,306.1000061035156,0.0,0.0
2025-09-05,AVGO,355.7799987792969,334.8900146484375,0.0,0.0
2025-09-08,AVGO,342.75,345.6499938964844,0.0,0.0
2025-09-09,AVGO,349.54998779296875,336.6700134277344,0.0,0.0
2025-09-10,AVGO,351.5199890136719,369.57000732421875,0.0,0.0
2025-09-11,AVGO,371.17999267578125,359.6300048828125,0.0,0.0
2025-09-12,AVGO,362.9100036621094,359.8699951171875,0.0,0.0
2025-09-15,AVGO,359.8699951171875,364.0899963378906,0.0,0.0
2025-09-16,AVGO,365.42999267578125,360.0,0.0,0.0
2025-09-17,AVGO,358.8500061035156,346.1700134277344,0.0,0.0
2025-09-18,AVGO,350.0,345.3500061035156,0.0,0.0
2025-09-19,AVGO,344.6499938964844,344.94000244140625,0.0,0.0
2025-09-22,AVGO,342.42999267578125,338.7900085449219,0.59,0.0
2025-09-23,AVGO,340.239990234375,338.94000244140625,0.0,0.0
2025-09-24,AVGO,339.760009765625,339.30999755859375,0.0,0.0
2025-09-25,AVGO,332.989990234375,336.1000061035156,0.0,0.0
2025-09-26,AVGO,337.42999267578125,334.5299987792969,0.0,0.0
2025-09-29,AVGO,336.0,327.8999938964844,0.0,0.0
2025-09-30,AVGO,330.1199951171875,329.9100036621094,0.0,0.0
2025-10-01,AVGO,328.1499938964844,333.3900146484375,0.0,0.0
2025-10-02,AVGO,347.6099853515625,338.17999267578125,0.0,0.0
2025-10-03,AVGO,341.5,338.3699951171875,0.0,0.0
2025-10-06,AVGO,335.9200134277344,335.489990234375,0.0,0.0
2025-10-07,AVGO,337.0299987792969,336.4100036621094,0.0,0.0
2025-10-08,AVGO,333.82000732421875,345.5,0.0,0.0
2025-10-09,AVGO,345.75,345.0199890136719,0.0,0.0
2025-10-10,AVGO,345.3900146484375,324.6300048828125,0.0,0.0
2025-10-13,AVGO,352.7699890136719,356.70001220703125,0.0,0.0
2025-10-14,AVGO,350.1300048828125,344.1300048828125,0.0,0.0
2025-10-15,AVGO,354.4700012207031,351.3299865722656,0.0,0.0
2025-10-16,AVGO,356.79998779296875,354.1499938964844,0.0,0.0
2025-10-17,AVGO,349.6099853515625,349.3299865722656,0.0,0.0
2025-10-20,AVGO,353.79998779296875,349.239990234375,0.0,0.0
2025-10-21,AVGO,350.0,342.6600036621094,0.0,0.0
2025-10-22,AVGO,347.29998779296875,340.29998779296875,0.0,0.0
2025-10-23,AVGO,340.3999938964844,344.2900085449219,0.0,0.0
2025-10-24,AVGO,352.510009765625,354.1300048828125,0.0,0.0
2025-10-27,AVGO,361.5400085449219,362.04998779296875,0.0,0.0
2025-10-28,AVGO,362.6199951171875,372.9700012207031,0.0,0.0
2025-10-29,AVGO,373.19000244140625,385.9800109863281,0.0,0.0
2025-10-30,AVGO,386.3999938964844,376.4700012207031,0.0,0.0
2025-10-31,AVGO,378.2699890136719,369.6300048828125,0.0,0.0
2025-11-03,AVGO,372.0,362.54998779296875,0.0,0.0
2025-11-04,AVGO,358.5199890136719,351.94000244140625,0.0,0.0
2025-11-05,AVGO,350.8900146484375,358.9800109863281,0.0,0.0
2025-11-06,AVGO,360.1099853515625,355.5899963378906,0.0,0.0
2025-11-07,AVGO,354.19000244140625,349.42999267578125,0.0,0.0
2025-11-10,AVGO,357.8999938964844,358.3900146484375,0.0,0.0
2025-11-11,AVGO,358.9700012207031,351.9599914550781,0.0,0.0
2025-11-12,AVGO,358.0400085449219,355.2200012207031,0.0,0.0
2025-11-13,AVGO,351.5799865722656,339.9800109863281,0.0,0.0
2025-11-14,AVGO,331.4700012207031,342.4599914550781,0.0,0.0
2025-11-17,AVGO,339.82000732421875,342.6499938964844,0.0,0.0
2025-11-18,AVGO,343.20001220703125,340.5,0.0,0.0
2025-11-19,AVGO,340.7099914550781,354.4200134277344,0.0,0.0
2025-11-20,AVGO,366.0,346.82000732421875,0.0,0.0
2025-11-21,AVGO,345.1600036621094,340.20001220703125,0.0,0.0
2025-11-24,AVGO,347.7300109863281,377.9599914550781,0.0,0.0
2025-11-25,AVGO,384.92999267578125,385.0299987792969,0.0,0.0
2025-11-26,AVGO,385.54998779296875,397.57000732421875,0.0,0.0
2025-11-28,AVGO,399.3500061035156,402.9599914550781,0.0,0.0
2025-12-01,AVGO,394.8500061035156,386.0799865722656,0.0,0.0
2025-12-02,AVGO,388.30999755859375,381.57000732421875,0.0,0.0
2025-12-03,AVGO,380.0,380.6099853515625,0.0,0.0
2025-12-04,AVGO,380.67999267578125,381.0299987792969,0.0,0.0
2025-12-05,AVGO,386.1700134277344,390.239990234375,0.0,0.0
2025-12-08,AVGO,402.4800109863281,401.1000061035156,0.0,0.0
2025-12-09,AVGO,398.75,406.2900085449219,0.0,0.0
2025-12-10,AVGO,402.20001220703125,412.9700012207031,0.0,0.0
2025-12-11,AVGO,404.8299865722656,406.3699951171875,0.0,0.0
2025-12-12,AVGO,379.9599914550781,359.92999267578125,0.0,0.0
2025-12-15,AVGO,361.8900146484375,339.80999755859375,0.0,0.0
2025-12-16,AVGO,336.0199890136719,341.29998779296875,0.0,0.0
2025-12-17,AVGO,346.6099853515625,326.0199890136719,0.0,0.0
2025-12-18,AVGO,336.0,329.8800048828125,0.0,0.0
2025-12-19,AVGO,333.3399963378906,340.3599853515625,0.0,0.0
2025-12-22,AVGO,346.0299987792969,341.45001220703125,0.65,0.0
2025-12-23,AVGO,340.80999755859375,349.32000732421875,0.0,0.0
2025-12-24,AVGO,350.69000244140625,350.2200012207031,0.0,0.0
2025-12-26,AVGO,351.05999755859375,352.1300048828125,0.0,0.0
2025-12-29,AVGO,348.7200012207031,349.3900146484375,0.0,0.0
2025-12-30,AVGO,349.9700012207031,349.8500061035156,0.0,0.0
2025-12-31,AVGO,349.7300109863281,346.1000061035156,0.0,0.0
2026-01-02,AVGO,352.7799987792969,347.6199951171875,0.0,0.0
2026-01-05,AVGO,354.739990234375,343.4200134277344,0.0,0.0
2026-01-06,AVGO,343.6000061035156,343.7699890136719,0.0,0.0
2026-01-07,AVGO,341.70001220703125,343.5,0.0,0.0
2026-01-08,AVGO,342.7799987792969,332.4800109863281,0.0,0.0
2026-01-09,AVGO,337.9200134277344,344.9700012207031,0.0,0.0
2026-01-12,AVGO,340.95001220703125,352.2099914550781,0.0,0.0
2026-01-13,AVGO,352.8800048828125,354.6099853515625,0.0,0.0
2026-01-14,AVGO,348.9700012207031,339.8900146484375,0.0,0.0
2026-01-15,AVGO,349.1199951171875,343.0199890136719,0.0,0.0
2026-01-16,AVGO,346.2699890136719,351.7099914550781,0.0,0.0
2026-01-20,AVGO,344.1000061035156,332.6000061035156,0.0,0.0
2026-01-21,AVGO,335.510009765625,328.79998779296875,0.0,0.0
2026-01-22,AVGO,335.3500061035156,325.489990234375,0.0,0.0
2026-01-23,AVGO,319.29998779296875,320.04998779296875,0.0,0.0
2026-01-26,AVGO,319.79998779296875,324.8500061035156,0.0,0.0
2026-01-27,AVGO,329.760009765625,332.7900085449219,0.0,0.0
2026-01-28,AVGO,338.8500061035156,333.239990234375,0.0,0.0
2026-01-29,AVGO,332.55999755859375,330.7300109863281,0.0,0.0
2026-01-30,AVGO,332.44000244140625,331.29998779296875,0.0,0.0
2026-02-02,AVGO,326.1099853515625,331.1099853515625,0.0,0.0
2026-02-03,AVGO,336.739990234375,320.3299865722656,0.0,0.0
2026-02-04,AVGO,319.510009765625,308.04998779296875,0.0,0.0
2026-02-05,AVGO,314.3399963378906,310.510009765625,0.0,0.0
2026-02-06,AVGO,320.1000061035156,332.9200134277344,0.0,0.0
2026-02-09,AVGO,330.7699890136719,343.94000244140625,0.0,0.0
2026-02-10,AVGO,347.4700012207031,340.44000244140625,0.0,0.0
2026-02-11,AVGO,346.79998779296875,342.760009765625,0.0,0.0
2026-02-12,AVGO,343.8299865722656,331.1700134277344,0.0,0.0
2026-02-13,AVGO,329.8500061035156,325.1700134277344,0.0,0.0
2026-02-17,AVGO,319.67999267578125,332.5400085449219,0.0,0.0
2026-02-18,AVGO,329.5199890136719,333.510009765625,0.0,0.0
2026-02-19,AVGO,333.010009765625,333.989990234375,0.0,0.0
2026-02-20,AVGO,332.3599853515625,332.6499938964844,0.0,0.0
2026-02-23,AVGO,332.25,330.3399963378906,0.0,0.0
2026-02-24,AVGO,322.5400085449219,325.489990234375,0.0,0.0
2026-02-25,AVGO,330.739990234375,332.30999755859375,0.0,0.0
2026-02-26,AVGO,326.5,321.70001220703125,0.0,0.0
2026-02-27,AVGO,310.70001220703125,319.54998779296875,0.0,0.0
2026-03-02,AVGO,309.3599853515625,318.82000732421875,0.0,0.0
2026-03-03,AVGO,313.0,313.8399963378906,0.0,0.0
2026-03-04,AVGO,315.67999267578125,317.5299987792969,0.0,0.0
2026-03-05,AVGO,330.17999267578125,332.7699890136719,0.0,0.0
2026-03-06,AVGO,328.2799987792969,330.4800109863281,0.0,0.0
2026-03-09,AVGO,327.25,345.75,0.0,0.0
2026-03-10,AVGO,348.7300109863281,342.5799865722656,0.0,0.0
2026-03-11,AVGO,342.5899963378906,341.57000732421875,0.0,0.0
2026-03-12,AVGO,337.739990234375,335.9700012207031,0.0,0.0
2026-03-13,AVGO,337.67999267578125,322.1600036621094,0.0,0.0
2026-03-16,AVGO,326.0199890136719,324.9200134277344,0.0,0.0
2026-03-17,AVGO,325.760009765625,321.30999755859375,0.0,0.0
2026-03-18,AVGO,320.42999267578125,315.92999267578125,0.0,0.0
2026-03-19,AVGO,312.4700012207031,319.8399963378906,0.0,0.0
2026-03-20,AVGO,320.1199951171875,310.510009765625,0.0,0.0
2026-03-23,AVGO,318.0,322.510009765625,0.65,0.0
2026-03-24,AVGO,320.0,318.2900085449219,0.0,0.0
2026-03-25,AVGO,322.5899963378906,318.80999755859375,0.0,0.0
2026-03-26,AVGO,314.0199890136719,309.4200134277344,0.0,0.0
2026-03-27,AVGO,307.05999755859375,300.67999267578125,0.0,0.0
2026-03-30,AVGO,300.8699951171875,293.4100036621094,0.0,0.0
2026-03-31,AVGO,299.3900146484375,309.510009765625,0.0,0.0
2026-04-01,AVGO,313.3699951171875,313.489990234375,0.0,0.0
2026-04-02,AVGO,304.489990234375,314.54998779296875,0.0,0.0
2026-04-06,AVGO,315.05999755859375,314.42999267578125,0.0,0.0
2026-04-07,AVGO,326.7300109863281,333.9700012207031,0.0,0.0
2026-04-08,AVGO,351.75,350.6300048828125,0.0,0.0
2026-04-09,AVGO,352.29998779296875,354.9100036621094,0.0,0.0
2026-04-10,AVGO,360.94000244140625,371.54998779296875,0.0,0.0
2026-04-13,AVGO,369.6600036621094,379.75,0.0,0.0
2026-04-14,AVGO,377.8999938964844,380.7799987792969,0.0,0.0
2026-04-15,AVGO,389.8800048828125,396.7200012207031,0.0,0.0
2026-04-16,AVGO,395.0,398.4700012207031,0.0,0.0
2026-04-17,AVGO,400.8999938964844,406.5400085449219,0.0,0.0
2026-04-20,AVGO,405.70001220703125,399.6300048828125,0.0,0.0
2026-04-21,AVGO,399.4100036621094,402.1700134277344,0.0,0.0
2026-04-22,AVGO,406.9800109863281,422.6499938964844,0.0,0.0
2026-04-23,AVGO,422.3900146484375,419.94000244140625,0.0,0.0
2026-04-24,AVGO,424.9800109863281,422.760009765625,0.0,0.0
2026-04-27,AVGO,420.4800109863281,418.20001220703125,0.0,0.0
2026-04-28,AVGO,400.30999755859375,399.8299865722656,0.0,0.0
2026-04-29,AVGO,403.5,405.45001220703125,0.0,0.0
2026-04-30,AVGO,415.5199890136719,417.42999267578125,0.0,0.0
2026-05-01,AVGO,415.0899963378906,421.2799987792969,0.0,0.0
2026-05-04,AVGO,418.2200012207031,416.5,0.0,0.0
2026-05-05,AVGO,421.6600036621094,427.3599853515625,0.0,0.0
2026-05-06,AVGO,435.55999755859375,425.44000244140625,0.0,0.0
2026-05-07,AVGO,421.82000732421875,412.55999755859375,0.0,0.0
2026-05-08,AVGO,419.79998779296875,430.0,0.0,0.0
2026-05-11,AVGO,427.6199951171875,428.42999267578125,0.0,0.0
2026-05-12,AVGO,423.42999267578125,419.29998779296875,0.0,0.0
2026-05-13,AVGO,415.80999755859375,416.7900085449219,0.0,0.0
2026-05-14,AVGO,416.7300109863281,439.7900085449219,0.0,0.0
2026-05-15,AVGO,432.80999755859375,425.19000244140625,0.0,0.0
2026-05-18,AVGO,421.4100036621094,420.7099914550781,0.0,0.0
2026-05-19,AVGO,409.82000732421875,411.07000732421875,0.0,0.0
2026-05-20,AVGO,412.80999755859375,417.760009765625,0.0,0.0
2026-05-21,AVGO,413.54998779296875,414.57000732421875,0.0,0.0
2026-05-22,AVGO,417.489990234375,414.1400146484375,0.0,0.0
2026-05-26,AVGO,418.5,422.010009765625,0.0,0.0
2026-05-27,AVGO,425.07000732421875,421.8599853515625,0.0,0.0
2026-05-28,AVGO,421.1400146484375,426.5799865722656,0.0,0.0
2026-05-29,AVGO,432.95001220703125,446.7699890136719,0.0,0.0
2026-06-01,AVGO,450.0899963378906,459.9700012207031,0.0,0.0
2026-06-02,AVGO,488.7900085449219,481.57000732421875,0.0,0.0
2026-06-03,AVGO,494.7799987792969,479.2300109863281,0.0,0.0
2026-06-04,AVGO,408.989990234375,418.9100036621094,0.0,0.0
2026-06-05,AVGO,407.6099853515625,385.7300109863281,0.0,0.0
2026-06-08,AVGO,402.6199951171875,396.6000061035156,0.0,0.0
2026-06-09,AVGO,401.6099853515625,392.1600036621094,0.0,0.0
2026-06-10,AVGO,381.5,372.1000061035156,0.0,0.0
2026-06-11,AVGO,372.82000732421875,385.57000732421875,0.0,0.0
2026-06-12,AVGO,383.7200012207031,382.07000732421875,0.0,0.0
2026-06-15,AVGO,395.510009765625,393.94000244140625,0.0,0.0
2026-06-16,AVGO,390.2099914550781,376.7099914550781,0.0,0.0
2026-06-17,AVGO,388.7099914550781,392.8999938964844,0.0,0.0
2026-06-18,AVGO,409.5799865722656,411.3500061035156,0.0,0.0
2026-06-22,AVGO,413.6600036621094,392.1300048828125,0.65,0.0
2026-06-23,AVGO,377.8699951171875,380.1499938964844,0.0,0.0
2026-06-24,AVGO,386.6199951171875,382.07000732421875,0.0,0.0
2026-06-25,AVGO,386.5799865722656,378.9100036621094,0.0,0.0
2026-06-26,AVGO,370.45001220703125,365.0199890136719,0.0,0.0
2026-06-29,AVGO,373.6199951171875,372.45001220703125,0.0,0.0
2026-06-30,AVGO,374.7900085449219,377.75,0.0,0.0
2026-07-01,AVGO,371.8699951171875,369.3399963378906,0.0,0.0
2026-07-02,AVGO,365.7300109863281,360.45001220703125,0.0,0.0
2026-07-06,AVGO,373.6099853515625,373.8999938964844,0.0,0.0
2026-07-07,AVGO,366.55999755859375,370.7799987792969,0.0,0.0
2026-07-08,AVGO,377.5199890136719,388.69000244140625,0.0,0.0
2026-07-09,AVGO,402.19000244140625,401.1099853515625,0.0,0.0
2026-07-10,AVGO,398.5,399.9700012207031,0.0,0.0
2026-07-13,AVGO,393.4800109863281,384.04998779296875,0.0,0.0
2026-07-14,AVGO,395.7200012207031,389.1099853515625,0.0,0.0
2026-07-15,AVGO,396.0899963378906,394.2799987792969,0.0,0.0
2026-07-16,AVGO,384.5400085449219,374.45001220703125,0.0,0.0
2026-07-17,AVGO,366.04998779296875,370.8299865722656,0.0,0.0
2026-07-20,AVGO,378.760009765625,378.1600036621094,0.0,0.0
2026-07-21,AVGO,390.2099914550781,386.5,0.0,0.0
2026-07-22,AVGO,380.20001220703125,396.80999755859375,0.0,0.0
2026-07-23,AVGO,392.19000244140625,392.4700012207031,0.0,0.0
2026-07-24,AVGO,387.67999267578125,381.9200134277344,0.0,0.0
2026-07-27,AVGO,389.82000732421875,383.2200012207031,0.0,0.0
2026-07-28,AVGO,374.3599853515625,380.9100036621094,0.0,0.0
2026-07-29,AVGO,380.6400146484375,370.32000732421875,0.0,0.0
2026-07-30,AVGO,380.3500061035156,387.8399963378906,0.0,0.0
2026-07-31,AVGO,394.8299865722656,389.2799987792969,0.0,0.0
2026-08-03,AVGO,384.4100036621094,392.2300109863281,0.0,0.0
2026-08-04,AVGO,402.9700012207031,418.1600036621094,0.0,0.0
2026-08-05,AVGO,421.70001220703125,418.2799987792969,0.0,0.0
2026-08-06,AVGO,420.54998779296875,420.57000732421875,0.0,0.0
2026-08-07,AVGO,428.3999938964844,427.760009765625,0.0,0.0
2026-08-10,AVGO,426.989990234375,422.3999938964844,0.0,0.0
2026-08-11,AVGO,426.07000732421875,416.0799865722656,0.0,0.0
2026-08-12,AVGO,426.260009765625,416.04998779296875,0.0,0.0
2026-08-13,AVGO,415.80999755859375,417.82000732421875,0.0,0.0
2026-08-14,AVGO,411.9599914550781,392.989990234375,0.0,0.0
2026-08-17,AVGO,397.260009765625,392.42999267578125,0.0,0.0
2026-08-18,AVGO,384.32000732421875,380.0,0.0,0.0
2026-08-19,AVGO,372.3999938964844,362.4800109863281,0.0,0.0
2026-08-20,AVGO,364.3900146484375,364.0299987792969,0.0,0.0
2026-08-21,AVGO,370.69000244140625,368.45001220703125,0.0,0.0
2026-08-24,AVGO,364.9700012207031,358.760009765625,0.0,0.0
2026-08-25,AVGO,361.1000061035156,356.739990234375,0.0,0.0
2026-08-26,AVGO,357.1199951171875,355.5899963378906,0.0,0.0
2026-08-27,AVGO,361.7900085449219,371.5400085449219,0.0,0.0
2026-08-28,AVGO,373.6000061035156,368.7900085449219,0.0,0.0
2024-08-29,FXY,63.540000915527344,63.75,0.0,0.0
2024-08-30,FXY,63.54999923706055,63.279998779296875,0.0,0.0
2024-09-03,FXY,63.45000076293945,63.4900016784668,0.0,0.0
2024-09-04,FXY,63.83000183105469,64.31999969482422,0.0,0.0
2024-09-05,FXY,64.58999633789062,64.44000244140625,0.0,0.0
2024-09-06,FXY,64.55999755859375,64.88999938964844,0.0,0.0
2024-09-09,FXY,64.70999908447266,64.66999816894531,0.0,0.0
2024-09-10,FXY,64.62999725341797,64.97000122070312,0.0,0.0
2024-09-11,FXY,64.97000122070312,64.93000030517578,0.0,0.0
2024-09-12,FXY,64.9800033569336,65.1500015258789,0.0,0.0
2024-09-13,FXY,65.83000183105469,65.5999984741211,0.0,0.0
2024-09-16,FXY,65.87999725341797,65.72000122070312,0.0,0.0
2024-09-17,FXY,65.48999786376953,64.9800033569336,0.0,0.0
2024-09-18,FXY,65.20999908447266,64.86000061035156,0.0,0.0
2024-09-19,FXY,64.43000030517578,64.79000091552734,0.0,0.0
2024-09-20,FXY,64.26000213623047,64.19000244140625,0.0,0.0
2024-09-23,FXY,64.26000213623047,64.38999938964844,0.0,0.0
2024-09-24,FXY,64.16000366210938,64.4800033569336,0.0,0.0
2024-09-25,FXY,64.16000366210938,63.86000061035156,0.0,0.0
2024-09-26,FXY,63.97999954223633,63.90999984741211,0.0,0.0
2024-09-27,FXY,64.62000274658203,65.0199966430664,0.0,0.0
2024-09-30,FXY,64.73999786376953,64.30000305175781,0.0,0.0
2024-10-01,FXY,64.22000122070312,64.37000274658203,0.0,0.0
2024-10-02,FXY,63.5099983215332,63.09000015258789,0.0,0.0
2024-10-03,FXY,63.0,62.88999938964844,0.0,0.0
2024-10-04,FXY,62.130001068115234,62.09000015258789,0.0,0.0
2024-10-07,FXY,62.349998474121094,62.380001068115234,0.0,0.0
2024-10-08,FXY,62.380001068115234,62.29999923706055,0.0,0.0
2024-10-09,FXY,62.0,61.84000015258789,0.0,0.0
2024-10-10,FXY,62.06999969482422,62.130001068115234,0.0,0.0
2024-10-11,FXY,61.939998626708984,61.91999816894531,0.0,0.0
2024-10-14,FXY,61.61000061035156,61.65999984741211,0.0,0.0
2024-10-15,FXY,61.880001068115234,61.86000061035156,0.0,0.0
2024-10-16,FXY,61.849998474121094,61.68000030517578,0.0,0.0
2024-10-17,FXY,61.66999816894531,61.459999084472656,0.0,0.0
2024-10-18,FXY,61.65999984741211,61.79999923706055,0.0,0.0
2024-10-21,FXY,61.56999969482422,61.25,0.0,0.0
2024-10-22,FXY,61.34000015258789,61.150001525878906,0.0,0.0
2024-10-23,FXY,60.439998626708984,60.529998779296875,0.0,0.0
2024-10-24,FXY,60.72999954223633,60.83000183105469,0.0,0.0
2024-10-25,FXY,60.790000915527344,60.65999984741211,0.0,0.0
2024-10-28,FXY,60.4900016784668,60.29999923706055,0.0,0.0
2024-10-29,FXY,60.11000061035156,60.209999084472656,0.0,0.0
2024-10-30,FXY,60.25,60.25,0.0,0.0
2024-10-31,FXY,60.4900016784668,60.790000915527344,0.0,0.0
2024-11-01,FXY,60.689998626708984,60.36000061035156,0.0,0.0
2024-11-04,FXY,60.79999923706055,60.70000076293945,0.0,0.0
2024-11-05,FXY,60.86000061035156,61.0,0.0,0.0
2024-11-06,FXY,59.849998474121094,59.7599983215332,0.0,0.0
2024-11-07,FXY,60.20000076293945,60.45000076293945,0.0,0.0
2024-11-08,FXY,60.4900016784668,60.54999923706055,0.0,0.0
2024-11-11,FXY,60.06999969482422,60.06999969482422,0.0,0.0
2024-11-12,FXY,59.75,59.709999084472656,0.0,0.0
2024-11-13,FXY,59.77000045776367,59.34000015258789,0.0,0.0
2024-11-14,FXY,59.2599983215332,59.029998779296875,0.0,0.0
2024-11-15,FXY,59.45000076293945,59.83000183105469,0.0,0.0
2024-11-18,FXY,59.630001068115234,59.72999954223633,0.0,0.0
2024-11-19,FXY,59.91999816894531,59.68000030517578,0.0,0.0
2024-11-20,FXY,59.29999923706055,59.400001525878906,0.0,0.0
2024-11-21,FXY,59.79999923706055,59.72999954223633,0.0,0.0
2024-11-22,FXY,59.68000030517578,59.619998931884766,0.0,0.0
2024-11-25,FXY,60.040000915527344,59.91999816894531,0.0,0.0
2024-11-26,FXY,60.099998474121094,60.31999969482422,0.0,0.0
2024-11-27,FXY,61.06999969482422,61.119998931884766,0.0,0.0
2024-11-29,FXY,61.470001220703125,61.70000076293945,0.0,0.0
2024-12-02,FXY,61.56999969482422,61.75,0.0,0.0
2024-12-03,FXY,62.0,61.7400016784668,0.0,0.0
2024-12-04,FXY,61.16999816894531,61.29999923706055,0.0,0.0
2024-12-05,FXY,61.29999923706055,61.47999954223633,0.0,0.0
2024-12-06,FXY,61.720001220703125,61.529998779296875,0.0,0.0
2024-12-09,FXY,61.20000076293945,61.04999923706055,0.0,0.0
2024-12-10,FXY,60.810001373291016,60.77000045776367,0.0,0.0
2024-12-11,FXY,60.68000030517578,60.47999954223633,0.0,0.0
2024-12-12,FXY,60.599998474121094,60.470001220703125,0.0,0.0
2024-12-13,FXY,60.15999984741211,60.04999923706055,0.0,0.0
2024-12-16,FXY,59.900001525878906,59.88999938964844,0.0,0.0
2024-12-17,FXY,60.11000061035156,60.130001068115234,0.0,0.0
2024-12-18,FXY,59.95000076293945,59.68000030517578,0.0,0.0
2024-12-19,FXY,58.75,58.65999984741211,0.0,0.0
2024-12-20,FXY,59.0099983215332,59.040000915527344,0.0,0.0
2024-12-23,FXY,58.77000045776367,58.75,0.0,0.0
2024-12-24,FXY,58.70000076293945,58.66999816894531,0.0,0.0
2024-12-26,FXY,58.4900016784668,58.400001525878906,0.0,0.0
2024-12-27,FXY,58.439998626708984,58.459999084472656,0.0,0.0
2024-12-30,FXY,58.59000015258789,58.810001373291016,0.0,0.0
2024-12-31,FXY,58.75,58.619998931884766,0.0,0.0
2025-01-02,FXY,58.900001525878906,58.54999923706055,0.0,0.0
2025-01-03,FXY,58.70000076293945,58.689998626708984,0.0,0.0
2025-01-06,FXY,58.70000076293945,58.54999923706055,0.0,0.0
2025-01-07,FXY,58.540000915527344,58.4900016784668,0.0,0.0
2025-01-08,FXY,58.290000915527344,58.310001373291016,0.0,0.0
2025-01-10,FXY,58.310001373291016,58.47999954223633,0.0,0.0
2025-01-13,FXY,58.689998626708984,58.540000915527344,0.0,0.0
2025-01-14,FXY,58.52000045776367,58.439998626708984,0.0,0.0
2025-01-15,FXY,59.150001525878906,58.97999954223633,0.0,0.0
2025-01-16,FXY,59.150001525878906,59.470001220703125,0.0,0.0
2025-01-17,FXY,59.22999954223633,59.13999938964844,0.0,0.0
2025-01-21,FXY,59.41999816894531,59.380001068115234,0.0,0.0
2025-01-22,FXY,59.209999084472656,58.9900016784668,0.0,0.0
2025-01-23,FXY,59.060001373291016,59.20000076293945,0.0,0.0
2025-01-24,FXY,59.0,59.20000076293945,0.0,0.0
2025-01-27,FXY,59.88999938964844,59.689998626708984,0.0,0.0
2025-01-28,FXY,59.380001068115234,59.36000061035156,0.0,0.0
2025-01-29,FXY,59.400001525878906,59.40999984741211,0.0,0.0
2025-01-30,FXY,59.86000061035156,59.790000915527344,0.0,0.0
2025-01-31,FXY,59.619998931884766,59.470001220703125,0.0,0.0
2025-02-03,FXY,59.70000076293945,59.619998931884766,0.0,0.0
2025-02-04,FXY,59.47999954223633,59.790000915527344,0.0,0.0
2025-02-05,FXY,60.279998779296875,60.43000030517578,0.0,0.0
2025-02-06,FXY,60.689998626708984,60.88999938964844,0.0,0.0
2025-02-07,FXY,60.810001373291016,60.9900016784668,0.0,0.0
2025-02-10,FXY,60.81999969482422,60.72999954223633,0.0,0.0
2025-02-11,FXY,60.529998779296875,60.4900016784668,0.0,0.0
2025-02-12,FXY,59.84000015258789,59.7599983215332,0.0,0.0
2025-02-13,FXY,60.08000183105469,60.38999938964844,0.0,0.0
2025-02-14,FXY,60.650001525878906,60.58000183105469,0.0,0.0
2025-02-18,FXY,60.849998474121094,60.72999954223633,0.0,0.0
2025-02-19,FXY,60.849998474121094,60.939998626708984,0.0,0.0
2025-02-20,FXY,61.4900016784668,61.65999984741211,0.0,0.0
2025-02-21,FXY,61.45000076293945,61.900001525878906,0.0,0.0
2025-02-24,FXY,61.689998626708984,61.650001525878906,0.0,0.0
2025-02-25,FXY,61.84000015258789,61.970001220703125,0.0,0.0
2025-02-26,FXY,61.75,61.93000030517578,0.0,0.0
2025-02-27,FXY,61.56999969482422,61.619998931884766,0.0,0.0
2025-02-28,FXY,61.29999923706055,61.31999969482422,0.0,0.0
2025-03-03,FXY,61.130001068115234,61.72999954223633,0.0,0.0
2025-03-04,FXY,62.13999938964844,61.900001525878906,0.0,0.0
2025-03-05,FXY,62.02000045776367,61.970001220703125,0.0,0.0
2025-03-06,FXY,62.45000076293945,62.41999816894531,0.0,0.0
2025-03-07,FXY,62.720001220703125,62.369998931884766,0.0,0.0
2025-03-10,FXY,62.849998474121094,62.65999984741211,0.0,0.0
2025-03-11,FXY,62.439998626708984,62.439998626708984,0.0,0.0
2025-03-12,FXY,61.97999954223633,62.189998626708984,0.0,0.0
2025-03-13,FXY,62.27000045776367,62.470001220703125,0.0,0.0
2025-03-14,FXY,62.11000061035156,62.060001373291016,0.0,0.0
2025-03-17,FXY,61.970001220703125,61.86000061035156,0.0,0.0
2025-03-18,FXY,61.58000183105469,61.81999969482422,0.0,0.0
2025-03-19,FXY,61.560001373291016,61.959999084472656,0.0,0.0
2025-03-20,FXY,62.08000183105469,61.970001220703125,0.0,0.0
2025-03-21,FXY,61.97999954223633,61.77000045776367,0.0,0.0
2025-03-24,FXY,61.599998474121094,61.220001220703125,0.0,0.0
2025-03-25,FXY,61.54999923706055,61.52000045776367,0.0,0.0
2025-03-26,FXY,61.31999969482422,61.2400016784668,0.0,0.0
2025-03-27,FXY,61.189998626708984,61.040000915527344,0.0,0.0
2025-03-28,FXY,61.189998626708984,61.56999969482422,0.0,0.0
2025-03-31,FXY,61.720001220703125,61.5,0.0,0.0
2025-04-01,FXY,61.650001525878906,61.619998931884766,0.0,0.0
2025-04-02,FXY,61.779998779296875,61.47999954223633,0.0,0.0
2025-04-03,FXY,63.22999954223633,63.06999969482422,0.0,0.0
2025-04-04,FXY,63.439998626708984,62.84000015258789,0.0,0.0
2025-04-07,FXY,62.900001525878906,62.310001373291016,0.0,0.0
2025-04-08,FXY,62.66999816894531,63.06999969482422,0.0,0.0
2025-04-09,FXY,63.880001068115234,62.36000061035156,0.0,0.0
2025-04-10,FXY,63.54999923706055,63.790000915527344,0.0,0.0
2025-04-11,FXY,64.75,64.2699966430664,0.0,0.0
2025-04-14,FXY,64.04000091552734,64.52999877929688,0.0,0.0
2025-04-15,FXY,64.54000091552734,64.43000030517578,0.0,0.0
2025-04-16,FXY,64.77999877929688,64.94000244140625,0.0,0.0
2025-04-17,FXY,64.83999633789062,64.80000305175781,0.0,0.0
2025-04-21,FXY,65.47000122070312,65.5199966430664,0.0,0.0
2025-04-22,FXY,65.61000061035156,65.13999938964844,0.0,0.0
2025-04-23,FXY,64.94999694824219,64.25,0.0,0.0
2025-04-24,FXY,64.72000122070312,64.62000274658203,0.0,0.0
2025-04-25,FXY,64.18000030517578,64.16999816894531,0.0,0.0
2025-04-28,FXY,64.2699966430664,64.87999725341797,0.0,0.0
2025-04-29,FXY,64.83000183105469,64.73999786376953,0.0,0.0
2025-04-30,FXY,64.54000091552734,64.54000091552734,0.0,0.0
2025-05-01,FXY,63.7400016784668,63.290000915527344,0.0,0.0
2025-05-02,FXY,63.869998931884766,63.560001373291016,0.0,0.0
2025-05-05,FXY,64.16999816894531,64.12000274658203,0.0,0.0
2025-05-06,FXY,64.62000274658203,64.76000213623047,0.0,0.0
2025-05-07,FXY,64.30999755859375,64.11000061035156,0.0,0.0
2025-05-08,FXY,63.790000915527344,63.150001525878906,0.0,0.0
2025-05-09,FXY,63.5099983215332,63.45000076293945,0.0,0.0
2025-05-12,FXY,62.310001373291016,62.09000015258789,0.0,0.0
2025-05-13,FXY,62.33000183105469,62.4900016784668,0.0,0.0
2025-05-14,FXY,63.06999969482422,62.790000915527344,0.0,0.0
2025-05-15,FXY,63.18000030517578,63.29999923706055,0.0,0.0
2025-05-16,FXY,63.31999969482422,63.119998931884766,0.0,0.0
2025-05-19,FXY,63.630001068115234,63.63999938964844,0.0,0.0
2025-05-20,FXY,63.630001068115234,63.7400016784668,0.0,0.0
2025-05-21,FXY,64.08000183105469,64.16999816894531,0.0,0.0
2025-05-22,FXY,64.16000366210938,63.970001220703125,0.0,0.0
2025-05-23,FXY,64.52999877929688,64.68000030517578,0.0,0.0
2025-05-27,FXY,64.01000213623047,63.84000015258789,0.0,0.0
2025-05-28,FXY,63.650001525878906,63.619998931884766,0.0,0.0
2025-05-29,FXY,63.84000015258789,63.900001525878906,0.0,0.0
2025-05-30,FXY,63.959999084472656,64.02999877929688,0.0,0.0
2025-06-02,FXY,64.41000366210938,64.58000183105469,0.0,0.0
2025-06-03,FXY,64.26000213623047,63.9900016784668,0.0,0.0
2025-06-04,FXY,64.16999816894531,64.44999694824219,0.0,0.0
2025-06-05,FXY,64.41000366210938,64.0999984741211,0.0,0.0
2025-06-06,FXY,63.61000061035156,63.650001525878906,0.0,0.0
2025-06-09,FXY,63.650001525878906,63.7599983215332,0.0,0.0
2025-06-10,FXY,63.81999969482422,63.54999923706055,0.0,0.0
2025-06-11,FXY,63.56999969482422,63.68000030517578,0.0,0.0
2025-06-12,FXY,64.20999908447266,64.1500015258789,0.0,0.0
2025-06-13,FXY,63.810001373291016,64.0199966430664,0.0,0.0
2025-06-16,FXY,64.02999877929688,63.58000183105469,0.0,0.0
2025-06-17,FXY,63.630001068115234,63.45000076293945,0.0,0.0
2025-06-18,FXY,63.599998474121094,63.439998626708984,0.0,0.0
2025-06-20,FXY,63.25,63.02000045776367,0.0,0.0
2025-06-23,FXY,62.5099983215332,63.029998779296875,0.0,0.0
2025-06-24,FXY,63.459999084472656,63.61000061035156,0.0,0.0
2025-06-25,FXY,63.150001525878906,63.40999984741211,0.0,0.0
2025-06-26,FXY,63.810001373291016,63.779998779296875,0.0,0.0
2025-06-27,FXY,63.61000061035156,63.59000015258789,0.0,0.0
2025-06-30,FXY,63.75,63.939998626708984,0.0,0.0
2025-07-01,FXY,64.30000305175781,64.04000091552734,0.0,0.0
2025-07-02,FXY,63.939998626708984,64.12999725341797,0.0,0.0
2025-07-03,FXY,63.65999984741211,63.52000045776367,0.0,0.0
2025-07-07,FXY,63.2400016784668,63.099998474121094,0.0,0.0
2025-07-08,FXY,62.7599983215332,62.81999969482422,0.0,0.0
2025-07-09,FXY,62.86000061035156,62.93000030517578,0.0,0.0
2025-07-10,FXY,62.90999984741211,62.95000076293945,0.0,0.0
2025-07-11,FXY,62.630001068115234,62.459999084472656,0.0,0.0
2025-07-14,FXY,62.439998626708984,62.31999969482422,0.0,0.0
2025-07-15,FXY,62.09000015258789,61.849998474121094,0.0,0.0
2025-07-16,FXY,61.880001068115234,62.290000915527344,0.0,0.0
2025-07-17,FXY,61.959999084472656,61.95000076293945,0.0,0.0
2025-07-18,FXY,62.08000183105469,61.90999984741211,0.0,0.0
2025-07-21,FXY,62.369998931884766,62.47999954223633,0.0,0.0
2025-07-22,FXY,62.720001220703125,62.810001373291016,0.0,0.0
2025-07-23,FXY,62.779998779296875,62.849998474121094,0.0,0.0
2025-07-24,FXY,62.7599983215332,62.650001525878906,0.0,0.0
2025-07-25,FXY,62.290000915527344,62.400001525878906,0.0,0.0
2025-07-28,FXY,62.150001525878906,61.970001220703125,0.0,0.0
2025-07-29,FXY,61.90999984741211,61.9900016784668,0.0,0.0
2025-07-30,FXY,61.779998779296875,61.599998474121094,0.0,0.0
2025-07-31,FXY,61.25,61.08000183105469,0.0,0.0
2025-08-01,FXY,62.11000061035156,62.43000030517578,0.0,0.0
2025-08-04,FXY,62.61000061035156,62.63999938964844,0.0,0.0
2025-08-05,FXY,62.369998931884766,62.349998474121094,0.0,0.0
2025-08-06,FXY,62.47999954223633,62.56999969482422,0.0,0.0
2025-08-07,FXY,62.52000045776367,62.59000015258789,0.0,0.0
2025-08-08,FXY,62.310001373291016,62.31999969482422,0.0,0.0
2025-08-11,FXY,62.27000045776367,62.09000015258789,0.0,0.0
2025-08-12,FXY,62.060001373291016,62.290000915527344,0.0,0.0
2025-08-13,FXY,62.45000076293945,62.439998626708984,0.0,0.0
2025-08-14,FXY,62.5099983215332,62.29999923706055,0.0,0.0
2025-08-15,FXY,62.630001068115234,62.540000915527344,0.0,0.0
2025-08-18,FXY,62.27000045776367,62.27000045776367,0.0,0.0
2025-08-19,FXY,62.279998779296875,62.38999938964844,0.0,0.0
2025-08-20,FXY,62.41999816894531,62.47999954223633,0.0,0.0
2025-08-21,FXY,62.310001373291016,62.0099983215332,0.0,0.0
2025-08-22,FXY,61.90999984741211,62.63999938964844,0.0,0.0
2025-08-25,FXY,62.40999984741211,62.29999923706055,0.0,0.0
2025-08-26,FXY,62.38999938964844,62.43000030517578,0.0,0.0
2025-08-27,FXY,62.16999816894531,62.41999816894531,0.0,0.0
2025-08-28,FXY,62.54999923706055,62.650001525878906,0.0,0.0
2025-08-29,FXY,62.52000045776367,62.630001068115234,0.0,0.0
2025-09-02,FXY,61.959999084472656,62.06999969482422,0.0,0.0
2025-09-03,FXY,61.900001525878906,62.15999984741211,0.0,0.0
2025-09-04,FXY,62.0,61.97999954223633,0.0,0.0
2025-09-05,FXY,62.459999084472656,62.400001525878906,0.0,0.0
2025-09-08,FXY,62.34000015258789,62.41999816894531,0.0,0.0
2025-09-09,FXY,62.68000030517578,62.41999816894531,0.0,0.0
2025-09-10,FXY,62.459999084472656,62.43000030517578,0.0,0.0
2025-09-11,FXY,62.38999938964844,62.56999969482422,0.0,0.0
2025-09-12,FXY,62.279998779296875,62.349998474121094,0.0,0.0
2025-09-15,FXY,62.4900016784668,62.439998626708984,0.0,0.0
2025-09-16,FXY,62.63999938964844,62.81999969482422,0.0,0.0
2025-09-17,FXY,62.95000076293945,62.709999084472656,0.0,0.0
2025-09-18,FXY,62.16999816894531,62.189998626708984,0.0,0.0
2025-09-19,FXY,62.150001525878906,62.189998626708984,0.0,0.0
2025-09-22,FXY,62.25,62.290000915527344,0.0,0.0
2025-09-23,FXY,62.27000045776367,62.31999969482422,0.0,0.0
2025-09-24,FXY,61.91999816894531,61.84000015258789,0.0,0.0
2025-09-25,FXY,61.68000030517578,61.45000076293945,0.0,0.0
2025-09-26,FXY,61.459999084472656,61.58000183105469,0.0,0.0
2025-09-29,FXY,61.880001068115234,61.900001525878906,0.0,0.0
2025-09-30,FXY,62.15999984741211,62.209999084472656,0.0,0.0
2025-10-01,FXY,62.689998626708984,62.52000045776367,0.0,0.0
2025-10-02,FXY,62.540000915527344,62.470001220703125,0.0,0.0
2025-10-03,FXY,62.52000045776367,62.41999816894531,0.0,0.0
2025-10-06,FXY,61.34000015258789,61.22999954223633,0.0,0.0
2025-10-07,FXY,61.0,60.58000183105469,0.0,0.0
2025-10-08,FXY,60.29999923706055,60.2599983215332,0.0,0.0
2025-10-09,FXY,60.25,60.09000015258789,0.0,0.0
2025-10-10,FXY,60.290000915527344,60.68000030517578,0.0,0.0
2025-10-13,FXY,60.439998626708984,60.400001525878906,0.0,0.0
2025-10-14,FXY,60.54999923706055,60.63999938964844,0.0,0.0
2025-10-15,FXY,60.689998626708984,60.79999923706055,0.0,0.0
2025-10-16,FXY,60.83000183105469,61.130001068115234,0.0,0.0
2025-10-17,FXY,61.25,61.150001525878906,0.0,0.0
2025-10-20,FXY,61.040000915527344,61.029998779296875,0.0,0.0
2025-10-21,FXY,60.599998474121094,60.56999969482422,0.0,0.0
2025-10-22,FXY,60.5,60.5099983215332,0.0,0.0
2025-10-23,FXY,60.29999923706055,60.29999923706055,0.0,0.0
2025-10-24,FXY,60.189998626708984,60.20000076293945,0.0,0.0
2025-10-27,FXY,60.119998931884766,60.16999816894531,0.0,0.0
2025-10-28,FXY,60.36000061035156,60.45000076293945,0.0,0.0
2025-10-29,FXY,60.5099983215332,60.20000076293945,0.0,0.0
2025-10-30,FXY,59.61000061035156,59.689998626708984,0.0,0.0
2025-10-31,FXY,59.65999984741211,59.65999984741211,0.0,0.0
2025-11-03,FXY,59.650001525878906,59.63999938964844,0.0,0.0
2025-11-04,FXY,59.900001525878906,59.849998474121094,0.0,0.0
2025-11-05,FXY,59.709999084472656,59.650001525878906,0.0,0.0
2025-11-06,FXY,59.90999984741211,60.11000061035156,0.0,0.0
2025-11-07,FXY,59.91999816894531,59.939998626708984,0.0,0.0
2025-11-10,FXY,59.709999084472656,59.72999954223633,0.0,0.0
2025-11-11,FXY,59.77000045776367,59.68000030517578,0.0,0.0
2025-11-12,FXY,59.34000015258789,59.40999984741211,0.0,0.0
2025-11-13,FXY,59.45000076293945,59.5,0.0,0.0
2025-11-14,FXY,59.65999984741211,59.529998779296875,0.0,0.0
2025-11-17,FXY,59.349998474121094,59.2400016784668,0.0,0.0
2025-11-18,FXY,59.20000076293945,59.150001525878906,0.0,0.0
2025-11-19,FXY,58.83000183105469,58.61000061035156,0.0,0.0
2025-11-20,FXY,58.349998474121094,58.33000183105469,0.0,0.0
2025-11-21,FXY,58.650001525878906,58.779998779296875,0.0,0.0
2025-11-24,FXY,58.560001373291016,58.65999984741211,0.0,0.0
2025-11-25,FXY,58.86000061035156,58.90999984741211,0.0,0.0
2025-11-26,FXY,58.689998626708984,58.79999923706055,0.0,0.0
2025-11-28,FXY,58.86000061035156,58.91999816894531,0.0,0.0
2025-12-01,FXY,59.349998474121094,59.20000076293945,0.0,0.0
2025-12-02,FXY,58.9900016784668,59.02000045776367,0.0,0.0
2025-12-03,FXY,59.18000030517578,59.290000915527344,0.0,0.0
2025-12-04,FXY,59.5,59.29999923706055,0.0,0.0
2025-12-05,FXY,59.31999969482422,59.25,0.0,0.0
2025-12-08,FXY,59.189998626708984,58.9900016784668,0.0,0.0
2025-12-09,FXY,58.84000015258789,58.619998931884766,0.0,0.0
2025-12-10,FXY,58.709999084472656,59.02000045776367,0.0,0.0
2025-12-11,FXY,59.349998474121094,59.099998474121094,0.0,0.0
2025-12-12,FXY,58.970001220703125,58.97999954223633,0.0,0.0
2025-12-15,FXY,59.290000915527344,59.25,0.0,0.0
2025-12-16,FXY,59.400001525878906,59.439998626708984,0.0,0.0
2025-12-17,FXY,59.13999938964844,59.060001373291016,0.0,0.0
2025-12-18,FXY,59.18000030517578,59.099998474121094,0.0,0.0
2025-12-19,FXY,58.54999923706055,58.29999923706055,0.0,0.0
2025-12-22,FXY,58.61000061035156,58.56999969482422,0.0,0.0
2025-12-23,FXY,58.77000045776367,58.83000183105469,0.0,0.0
2025-12-24,FXY,58.9900016784668,58.97999954223633,0.0,0.0
2025-12-26,FXY,58.90999984741211,58.7400016784668,0.0,0.0
2025-12-29,FXY,58.86000061035156,58.4900016784668,0.0,0.0
2025-12-30,FXY,58.779998779296875,58.70000076293945,0.0,0.0
2025-12-31,FXY,58.540000915527344,58.66999816894531,0.0,0.0
2026-01-02,FXY,58.619998931884766,58.59000015258789,0.0,0.0
2026-01-05,FXY,58.61000061035156,58.779998779296875,0.0,0.0
2026-01-06,FXY,58.779998779296875,58.650001525878906,0.0,0.0
2026-01-07,FXY,58.70000076293945,58.599998474121094,0.0,0.0
2026-01-08,FXY,58.5099983215332,58.52000045776367,0.0,0.0
2026-01-09,FXY,58.209999084472656,58.22999954223633,0.0,0.0
2026-01-12,FXY,58.189998626708984,58.11000061035156,0.0,0.0
2026-01-13,FXY,57.880001068115234,57.7599983215332,0.0,0.0
2026-01-14,FXY,58.09000015258789,57.97999954223633,0.0,0.0
2026-01-15,FXY,57.93000030517578,57.959999084472656,0.0,0.0
2026-01-16,FXY,58.150001525878906,58.18000030517578,0.0,0.0
2026-01-20,FXY,58.279998779296875,58.13999938964844,0.0,0.0
2026-01-21,FXY,58.150001525878906,58.06999969482422,0.0,0.0
2026-01-22,FXY,57.939998626708984,58.0099983215332,0.0,0.0
2026-01-23,FXY,58.08000183105469,59.02000045776367,0.0,0.0
2026-01-26,FXY,59.75,59.689998626708984,0.0,0.0
2026-01-27,FXY,60.029998779296875,60.36000061035156,0.0,0.0
2026-01-28,FXY,60.20000076293945,59.95000076293945,0.0,0.0
2026-01-29,FXY,59.970001220703125,60.029998779296875,0.0,0.0
2026-01-30,FXY,59.560001373291016,59.41999816894531,0.0,0.0
2026-02-02,FXY,59.18000030517578,59.08000183105469,0.0,0.0
2026-02-03,FXY,58.93000030517578,59.060001373291016,0.0,0.0
2026-02-04,FXY,58.689998626708984,58.59000015258789,0.0,0.0
2026-02-05,FXY,58.59000015258789,58.4900016784668,0.0,0.0
2026-02-06,FXY,58.59000015258789,58.5,0.0,0.0
2026-02-09,FXY,59.04999923706055,58.959999084472656,0.0,0.0
2026-02-10,FXY,59.540000915527344,59.56999969482422,0.0,0.0
2026-02-11,FXY,59.72999954223633,60.0099983215332,0.0,0.0
2026-02-12,FXY,60.029998779296875,60.209999084472656,0.0,0.0
2026-02-13,FXY,60.13999938964844,60.189998626708984,0.0,0.0
2026-02-17,FXY,59.93000030517578,59.97999954223633,0.0,0.0
2026-02-18,FXY,59.58000183105469,59.380001068115234,0.0,0.0
2026-02-19,FXY,59.150001525878906,59.2400016784668,0.0,0.0
2026-02-20,FXY,59.130001068115234,59.279998779296875,0.0,0.0
2026-02-23,FXY,59.380001068115234,59.40999984741211,0.0,0.0
2026-02-24,FXY,58.880001068115234,58.97999954223633,0.0,0.0
2026-02-25,FXY,58.65999984741211,58.7599983215332,0.0,0.0
2026-02-26,FXY,58.84000015258789,58.86000061035156,0.0,0.0
2026-02-27,FXY,58.86000061035156,58.83000183105469,0.0,0.0
2026-03-02,FXY,58.31999969482422,58.400001525878906,0.0,0.0
2026-03-03,FXY,58.16999816894531,58.27000045776367,0.0,0.0
2026-03-04,FXY,58.38999938964844,58.4900016784668,0.0,0.0
2026-03-05,FXY,58.2400016784668,58.29999923706055,0.0,0.0
2026-03-06,FXY,58.16999816894531,58.189998626708984,0.0,0.0
2026-03-09,FXY,58.0,58.189998626708984,0.0,0.0
2026-03-10,FXY,58.27000045776367,58.150001525878906,0.0,0.0
2026-03-11,FXY,57.970001220703125,57.779998779296875,0.0,0.0
2026-03-12,FXY,57.7599983215332,57.630001068115234,0.0,0.0
2026-03-13,FXY,57.68000030517578,57.540000915527344,0.0,0.0
2026-03-16,FXY,57.709999084472656,57.7400016784668,0.0,0.0
2026-03-17,FXY,57.79999923706055,57.7400016784668,0.0,0.0
2026-03-18,FXY,57.599998474121094,57.459999084472656,0.0,0.0
2026-03-19,FXY,57.83000183105469,58.2599983215332,0.0,0.0
2026-03-20,FXY,57.849998474121094,57.65999984741211,0.0,0.0
2026-03-23,FXY,57.88999938964844,57.959999084472656,0.0,0.0
2026-03-24,FXY,57.779998779296875,57.779998779296875,0.0,0.0
2026-03-25,FXY,57.7400016784668,57.61000061035156,0.0,0.0
2026-03-26,FXY,57.56999969482422,57.43000030517578,0.0,0.0
2026-03-27,FXY,57.40999984741211,57.36000061035156,0.0,0.0
2026-03-30,FXY,57.61000061035156,57.5099983215332,0.0,0.0
2026-03-31,FXY,57.65999984741211,57.880001068115234,0.0,0.0
2026-04-01,FXY,57.939998626708984,57.79999923706055,0.0,0.0
2026-04-02,FXY,57.54999923706055,57.540000915527344,0.0,0.0
2026-04-06,FXY,57.58000183105469,57.529998779296875,0.0,0.0
2026-04-07,FXY,57.45000076293945,57.54999923706055,0.0,0.0
2026-04-08,FXY,58.08000183105469,57.900001525878906,0.0,0.0
2026-04-09,FXY,57.7599983215332,57.70000076293945,0.0,0.0
2026-04-10,FXY,57.70000076293945,57.63999938964844,0.0,0.0
2026-04-13,FXY,57.45000076293945,57.59000015258789,0.0,0.0
2026-04-14,FXY,57.779998779296875,57.790000915527344,0.0,0.0
2026-04-15,FXY,57.7599983215332,57.72999954223633,0.0,0.0
2026-04-16,FXY,57.75,57.68000030517578,0.0,0.0
2026-04-17,FXY,57.900001525878906,57.88999938964844,0.0,0.0
2026-04-20,FXY,57.880001068115234,57.779998779296875,0.0,0.0
2026-04-21,FXY,57.72999954223633,57.5,0.0,0.0
2026-04-22,FXY,57.650001525878906,57.54999923706055,0.0,0.0
2026-04-23,FXY,57.5099983215332,57.47999954223633,0.0,0.0
2026-04-24,FXY,57.5,57.56999969482422,0.0,0.0
2026-04-27,FXY,57.66999816894531,57.58000183105469,0.0,0.0
2026-04-28,FXY,57.54999923706055,57.5,0.0,0.0
2026-04-29,FXY,57.36000061035156,57.2599983215332,0.0,0.0
2026-04-30,FXY,58.599998474121094,58.630001068115234,0.0,0.0
2026-05-01,FXY,58.65999984741211,58.439998626708984,0.0,0.0
2026-05-04,FXY,58.43000030517578,58.439998626708984,0.0,0.0
2026-05-05,FXY,58.22999954223633,58.189998626708984,0.0,0.0
2026-05-06,FXY,58.790000915527344,58.689998626708984,0.0,0.0
2026-05-07,FXY,58.709999084472656,58.560001373291016,0.0,0.0
2026-05-08,FXY,58.65999984741211,58.599998474121094,0.0,0.0
2026-05-11,FXY,58.5,58.41999816894531,0.0,0.0
2026-05-12,FXY,58.27000045776367,58.27000045776367,0.0,0.0
2026-05-13,FXY,58.15999984741211,58.16999816894531,0.0,0.0
2026-05-14,FXY,58.13999938964844,58.0,0.0,0.0
2026-05-15,FXY,57.88999938964844,57.849998474121094,0.0,0.0
2026-05-18,FXY,57.84000015258789,57.79999923706055,0.0,0.0
2026-05-19,FXY,57.70000076293945,57.720001220703125,0.0,0.0
2026-05-20,FXY,57.709999084472656,57.779998779296875,0.0,0.0
2026-05-21,FXY,57.630001068115234,57.77000045776367,0.0,0.0
2026-05-22,FXY,57.7400016784668,57.70000076293945,0.0,0.0
2026-05-26,FXY,57.630001068115234,57.630001068115234,0.0,0.0
2026-05-27,FXY,57.58000183105469,57.540000915527344,0.0,0.0
2026-05-28,FXY,57.56999969482422,57.650001525878906,0.0,0.0
2026-05-29,FXY,57.619998931884766,57.619998931884766,0.0,0.0
2026-06-01,FXY,57.5,57.5099983215332,0.0,0.0
2026-06-02,FXY,57.43000030517578,57.43000030517578,0.0,0.0
2026-06-03,FXY,57.38999938964844,57.34000015258789,0.0,0.0
2026-06-04,FXY,57.400001525878906,57.349998474121094,0.0,0.0
2026-06-05,FXY,57.31999969482422,57.310001373291016,0.0,0.0
2026-06-08,FXY,57.380001068115234,57.279998779296875,0.0,0.0
2026-06-09,FXY,57.279998779296875,57.22999954223633,0.0,0.0
2026-06-10,FXY,57.20000076293945,57.16999816894531,0.0,0.0
2026-06-11,FXY,57.13999938964844,57.43000030517578,0.0,0.0
2026-06-12,FXY,57.290000915527344,57.2599983215332,0.0,0.0
2026-06-15,FXY,57.29999923706055,57.2400016784668,0.0,0.0
2026-06-16,FXY,57.209999084472656,57.189998626708984,0.0,0.0
2026-06-17,FXY,57.2400016784668,57.09000015258789,0.0,0.0
2026-06-18,FXY,57.029998779296875,56.849998474121094,0.0,0.0
2026-06-22,FXY,56.709999084472656,56.790000915527344,0.0,0.0
2026-06-23,FXY,56.79999923706055,56.79999923706055,0.0,0.0
2026-06-24,FXY,56.7400016784668,56.70000076293945,0.0,0.0
2026-06-25,FXY,56.709999084472656,56.689998626708984,0.0,0.0
2026-06-26,FXY,56.7599983215332,56.709999084472656,0.0,0.0
2026-06-29,FXY,56.66999816894531,56.65999984741211,0.0,0.0
2026-06-30,FXY,56.52000045776367,56.439998626708984,0.0,0.0
2026-07-01,FXY,56.40999984741211,56.43000030517578,0.0,0.0
2026-07-02,FXY,56.939998626708984,56.95000076293945,0.0,0.0
2026-07-06,FXY,56.5,56.59000015258789,0.0,0.0
2026-07-07,FXY,56.63999938964844,56.630001068115234,0.0,0.0
2026-07-08,FXY,56.45000076293945,56.459999084472656,0.0,0.0
2026-07-09,FXY,56.470001220703125,56.47999954223633,0.0,0.0
2026-07-10,FXY,56.70000076293945,56.7400016784668,0.0,0.0
2026-07-13,FXY,56.59000015258789,56.459999084472656,0.0,0.0
2026-07-14,FXY,56.650001525878906,56.56999969482422,0.0,0.0
2026-07-15,FXY,56.5099983215332,56.529998779296875,0.0,0.0
2026-07-16,FXY,56.5099983215332,56.45000076293945,0.0,0.0
2026-07-17,FXY,56.470001220703125,56.5099983215332,0.0,0.0
2026-07-20,FXY,56.470001220703125,56.459999084472656,0.0,0.0
2026-07-21,FXY,56.349998474121094,56.220001220703125,0.0,0.0
2026-07-22,FXY,56.279998779296875,56.22999954223633,0.0,0.0
2026-07-23,FXY,56.040000915527344,56.0099983215332,0.0,0.0
2026-07-24,FXY,56.0,56.040000915527344,0.0,0.0
2026-07-27,FXY,56.040000915527344,56.0099983215332,0.0,0.0
2026-07-28,FXY,55.97999954223633,56.0,0.0,0.0
2026-07-29,FXY,56.02000045776367,56.130001068115234,0.0,0.0
2026-07-30,FXY,56.369998931884766,57.58000183105469,0.0,0.0
2026-07-31,FXY,57.52000045776367,57.65999984741211,0.0,0.0
2026-08-03,FXY,58.619998931884766,58.5,0.0,0.0
2026-08-04,FXY,58.279998779296875,58.150001525878906,0.0,0.0
2026-08-05,FXY,58.220001220703125,58.150001525878906,0.0,0.0
2026-08-06,FXY,58.09000015258789,57.88999938964844,0.0,0.0
2026-08-07,FXY,58.27000045776367,58.2400016784668,0.0,0.0
2026-08-10,FXY,57.75,57.619998931884766,0.0,0.0
2026-08-11,FXY,57.619998931884766,57.630001068115234,0.0,0.0
2026-08-12,FXY,57.75,57.52000045776367,0.0,0.0
2026-08-13,FXY,57.599998474121094,57.529998779296875,0.0,0.0
2026-08-14,FXY,57.709999084472656,57.58000183105469,0.0,0.0
2026-08-17,FXY,57.61000061035156,57.529998779296875,0.0,0.0
2026-08-18,FXY,57.439998626708984,57.47999954223633,0.0,0.0
2026-08-19,FXY,57.88999938964844,58.02000045776367,0.0,0.0
2026-08-20,FXY,57.84000015258789,57.65999984741211,0.0,0.0
2026-08-21,FXY,57.7599983215332,57.70000076293945,0.0,0.0
2026-08-24,FXY,57.63999938964844,57.63999938964844,0.0,0.0
2026-08-25,FXY,57.630001068115234,57.630001068115234,0.0,0.0
2026-08-26,FXY,57.59000015258789,57.54999923706055,0.0,0.0
2026-08-27,FXY,57.540000915527344,57.5,0.0,0.0
2026-08-28,FXY,57.439998626708984,57.25,0.0,0.0
2024-08-29,GLD,231.9499969482422,232.9499969482422,0.0,0.0
2024-08-30,GLD,232.52999877929688,231.2899932861328,0.0,0.0
2024-09-03,GLD,230.3800048828125,230.2899932861328,0.0,0.0
2024-09-04,GLD,229.7899932861328,230.42999267578125,0.0,0.0
2024-09-05,GLD,232.72000122070312,232.35000610351562,0.0,0.0
2024-09-06,GLD,231.8300018310547,230.6300048828125,0.0,0.0
2024-09-09,GLD,231.25999450683594,231.60000610351562,0.0,0.0
2024-09-10,GLD,232.38999938964844,232.6199951171875,0.0,0.0
2024-09-11,GLD,231.72000122070312,232.25,0.0,0.0
2024-09-12,GLD,234.6300048828125,236.3300018310547,0.0,0.0
2024-09-13,GLD,238.1300048828125,238.67999267578125,0.0,0.0
2024-09-16,GLD,238.72999572753906,238.66000366210938,0.0,0.0
2024-09-17,GLD,238.0800018310547,237.33999633789062,0.0,0.0
2024-09-18,GLD,238.19000244140625,235.50999450683594,0.0,0.0
2024-09-19,GLD,238.24000549316406,239.1699981689453,0.0,0.0
2024-09-20,GLD,241.11000061035156,242.2100067138672,0.0,0.0
2024-09-23,GLD,242.97000122070312,242.67999267578125,0.0,0.0
2024-09-24,GLD,243.38999938964844,246.07000732421875,0.0,0.0
2024-09-25,GLD,246.19000244140625,245.72999572753906,0.0,0.0
2024-09-26,GLD,246.44000244140625,246.97999572753906,0.0,0.0
2024-09-27,GLD,246.30999755859375,245.02000427246094,0.0,0.0
2024-09-30,GLD,243.97000122070312,243.05999755859375,0.0,0.0
2024-10-01,GLD,245.1999969482422,245.61000061035156,0.0,0.0
2024-10-02,GLD,245.61000061035156,245.66000366210938,0.0,0.0
2024-10-03,GLD,244.72000122070312,245.49000549316406,0.0,0.0
2024-10-04,GLD,245.0,245.0,0.0,0.0
2024-10-07,GLD,244.5800018310547,244.1699981689453,0.0,0.0
2024-10-08,GLD,243.7899932861328,242.3699951171875,0.0,0.0
2024-10-09,GLD,241.16000366210938,241.0500030517578,0.0,0.0
2024-10-10,GLD,241.77000427246094,242.82000732421875,0.0,0.0
2024-10-11,GLD,244.5,245.47000122070312,0.0,0.0
2024-10-14,GLD,245.16000366210938,245.07000732421875,0.0,0.0
2024-10-15,GLD,244.99000549316406,245.9199981689453,0.0,0.0
2024-10-16,GLD,247.6199951171875,247.14999389648438,0.0,0.0
2024-10-17,GLD,247.75,248.6300048828125,0.0,0.0
2024-10-18,GLD,250.0,251.27000427246094,0.0,0.0
2024-10-21,GLD,252.74000549316406,251.22000122070312,0.0,0.0
2024-10-22,GLD,253.05999755859375,253.92999267578125,0.0,0.0
2024-10-23,GLD,253.0800018310547,250.8699951171875,0.0,0.0
2024-10-24,GLD,253.27000427246094,252.8000030517578,0.0,0.0
2024-10-25,GLD,252.0,253.32000732421875,0.0,0.0
2024-10-28,GLD,253.00999450683594,253.3300018310547,0.0,0.0
2024-10-29,GLD,254.49000549316406,256.0899963378906,0.0,0.0
2024-10-30,GLD,256.760009765625,257.5,0.0,0.0
2024-10-31,GLD,255.52000427246094,253.50999450683594,0.0,0.0
2024-11-01,GLD,254.3300018310547,252.47000122070312,0.0,0.0
2024-11-04,GLD,253.32000732421875,252.8300018310547,0.0,0.0
2024-11-05,GLD,253.77999877929688,253.39999389648438,0.0,0.0
2024-11-06,GLD,245.63999938964844,245.6999969482422,0.0,0.0
2024-11-07,GLD,248.2899932861328,249.64999389648438,0.0,0.0
2024-11-08,GLD,249.07000732421875,247.9600067138672,0.0,0.0
2024-11-11,GLD,242.72999572753906,242.13999938964844,0.0,0.0
2024-11-12,GLD,241.2899932861328,240.0500030517578,0.0,0.0
2024-11-13,GLD,241.30999755859375,237.6300048828125,0.0,0.0
2024-11-14,GLD,236.57000732421875,237.00999450683594,0.0,0.0
2024-11-15,GLD,237.57000732421875,236.58999633789062,0.0,0.0
2024-11-18,GLD,240.4600067138672,241.08999633789062,0.0,0.0
2024-11-19,GLD,242.75,243.25,0.0,0.0
2024-11-20,GLD,243.74000549316406,244.6199951171875,0.0,0.0
2024-11-21,GLD,246.22999572753906,246.66000366210938,0.0,0.0
2024-11-22,GLD,248.1999969482422,249.83999633789062,0.0,0.0
2024-11-25,GLD,244.27000427246094,242.47999572753906,0.0,0.0
2024-11-26,GLD,242.7100067138672,242.9499969482422,0.0,0.0
2024-11-27,GLD,244.85000610351562,243.49000549316406,0.0,0.0
2024-11-29,GLD,245.25,245.58999633789062,0.0,0.0
2024-12-02,GLD,244.4600067138672,243.44000244140625,0.0,0.0
2024-12-03,GLD,244.9600067138672,243.92999267578125,0.0,0.0
2024-12-04,GLD,244.92999267578125,244.6699981689453,0.0,0.0
2024-12-05,GLD,244.16000366210938,242.86000061035156,0.0,0.0
2024-12-06,GLD,242.7899932861328,242.9499969482422,0.0,0.0
2024-12-09,GLD,246.27999877929688,245.36000061035156,0.0,0.0
2024-12-10,GLD,247.86000061035156,248.58999633789062,0.0,0.0
2024-12-11,GLD,249.35000610351562,250.9600067138672,0.0,0.0
2024-12-12,GLD,247.80999755859375,247.27999877929688,0.0,0.0
2024-12-13,GLD,245.6699981689453,244.2899932861328,0.0,0.0
2024-12-16,GLD,245.41000366210938,244.8800048828125,0.0,0.0
2024-12-17,GLD,243.8000030517578,243.94000244140625,0.0,0.0
2024-12-18,GLD,243.57000732421875,239.25999450683594,0.0,0.0
2024-12-19,GLD,239.6699981689453,239.60000610351562,0.0,0.0
2024-12-20,GLD,241.41000366210938,242.10000610351562,0.0,0.0
2024-12-23,GLD,241.60000610351562,240.9600067138672,0.0,0.0
2024-12-24,GLD,241.49000549316406,241.44000244140625,0.0,0.0
2024-12-26,GLD,242.38999938964844,243.07000732421875,0.0,0.0
2024-12-27,GLD,241.1999969482422,241.39999389648438,0.0,0.0
2024-12-30,GLD,241.0800018310547,240.6300048828125,0.0,0.0
2024-12-31,GLD,241.0500030517578,242.1300048828125,0.0,0.0
2025-01-02,GLD,244.22000122070312,245.4199981689453,0.0,0.0
2025-01-03,GLD,244.55999755859375,243.49000549316406,0.0,0.0
2025-01-06,GLD,242.3300018310547,243.19000244140625,0.0,0.0
2025-01-07,GLD,245.52000427246094,244.55999755859375,0.0,0.0
2025-01-08,GLD,245.72000122070312,245.86000061035156,0.0,0.0
2025-01-10,GLD,248.00999450683594,248.2100067138672,0.0,0.0
2025-01-13,GLD,246.33999633789062,245.74000549316406,0.0,0.0
2025-01-14,GLD,245.6199951171875,247.02999877929688,0.0,0.0
2025-01-15,GLD,248.2100067138672,248.8800048828125,0.0,0.0
2025-01-16,GLD,250.55999755859375,250.60000610351562,0.0,0.0
2025-01-17,GLD,249.6999969482422,249.27000427246094,0.0,0.0
2025-01-21,GLD,251.9499969482422,253.1300048828125,0.0,0.0
2025-01-22,GLD,254.2899932861328,254.42999267578125,0.0,0.0
2025-01-23,GLD,253.19000244140625,254.07000732421875,0.0,0.0
2025-01-24,GLD,255.9600067138672,255.64999389648438,0.0,0.0
2025-01-27,GLD,253.86000061035156,252.99000549316406,0.0,0.0
2025-01-28,GLD,254.22999572753906,255.17999267578125,0.0,0.0
2025-01-29,GLD,254.5500030517578,254.1999969482422,0.0,0.0
2025-01-30,GLD,257.20001220703125,258.04998779296875,0.0,0.0
2025-01-31,GLD,259.0799865722656,258.55999755859375,0.0,0.0
2025-02-03,GLD,259.75,259.94000244140625,0.0,0.0
2025-02-04,GLD,261.8299865722656,262.5,0.0,0.0
2025-02-05,GLD,264.45001220703125,264.1300048828125,0.0,0.0
2025-02-06,GLD,263.6600036621094,263.42999267578125,0.0,0.0
2025-02-07,GLD,265.2200012207031,263.8999938964844,0.0,0.0
2025-02-10,GLD,268.0,268.3699951171875,0.0,0.0
2025-02-11,GLD,267.70001220703125,267.3900146484375,0.0,0.0
2025-02-12,GLD,267.1499938964844,267.6700134277344,0.0,0.0
2025-02-13,GLD,268.3999938964844,270.30999755859375,0.0,0.0
2025-02-14,GLD,270.07000732421875,266.2900085449219,0.0,0.0
2025-02-18,GLD,269.67999267578125,270.70001220703125,0.0,0.0
2025-02-19,GLD,270.67999267578125,270.8500061035156,0.0,0.0
2025-02-20,GLD,270.2300109863281,270.989990234375,0.0,0.0
2025-02-21,GLD,270.79998779296875,270.739990234375,0.0,0.0
2025-02-24,GLD,271.45001220703125,272.2099914550781,0.0,0.0
2025-02-25,GLD,271.4599914550781,268.6199951171875,0.0,0.0
2025-02-26,GLD,267.0799865722656,269.0299987792969,0.0,0.0
2025-02-27,GLD,266.489990234375,264.92999267578125,0.0,0.0
2025-02-28,GLD,262.55999755859375,263.2699890136719,0.0,0.0
2025-03-03,GLD,265.07000732421875,266.739990234375,0.0,0.0
2025-03-04,GLD,269.010009765625,269.05999755859375,0.0,0.0
2025-03-05,GLD,267.9700012207031,269.6199951171875,0.0,0.0
2025-03-06,GLD,268.25,268.25,0.0,0.0
2025-03-07,GLD,269.0899963378906,268.3900146484375,0.0,0.0
2025-03-10,GLD,267.6199951171875,266.0400085449219,0.0,0.0
2025-03-11,GLD,268.4700012207031,269.1600036621094,0.0,0.0
2025-03-12,GLD,268.4700012207031,270.3299865722656,0.0,0.0
2025-03-13,GLD,271.57000732421875,275.1300048828125,0.0,0.0
2025-03-14,GLD,276.2699890136719,275.239990234375,0.0,0.0
2025-03-17,GLD,275.5400085449219,276.7300109863281,0.0,0.0
2025-03-18,GLD,279.8999938964844,279.9599914550781,0.0,0.0
2025-03-19,GLD,279.8500061035156,281.1099853515625,0.0,0.0
2025-03-20,GLD,279.489990234375,280.75,0.0,0.0
2025-03-21,GLD,279.4599914550781,278.489990234375,0.0,0.0
2025-03-24,GLD,278.9100036621094,277.25,0.0,0.0
2025-03-25,GLD,278.7799987792969,278.4700012207031,0.0,0.0
2025-03-26,GLD,278.92999267578125,278.239990234375,0.0,0.0
2025-03-27,GLD,280.54998779296875,281.9700012207031,0.0,0.0
2025-03-28,GLD,283.82000732421875,284.05999755859375,0.0,0.0
2025-03-31,GLD,287.5299987792969,288.1400146484375,0.0,0.0
2025-04-01,GLD,288.5400085449219,287.57000732421875,0.0,0.0
2025-04-02,GLD,288.2799987792969,288.1600036621094,0.0,0.0
2025-04-03,GLD,282.7799987792969,286.4200134277344,0.0,0.0
2025-04-04,GLD,283.6400146484375,279.7200012207031,0.0,0.0
2025-04-07,GLD,278.8599853515625,273.7099914550781,0.0,0.0
2025-04-08,GLD,277.8699951171875,275.20001220703125,0.0,0.0
2025-04-09,GLD,282.2200012207031,285.3800048828125,0.0,0.0
2025-04-10,GLD,288.80999755859375,292.3500061035156,0.0,0.0
2025-04-11,GLD,297.9599914550781,297.92999267578125,0.0,0.0
2025-04-14,GLD,295.5400085449219,296.2300109863281,0.0,0.0
2025-04-15,GLD,296.92999267578125,297.7799987792969,0.0,0.0
2025-04-16,GLD,304.6499938964844,307.4700012207031,0.0,0.0
2025-04-17,GLD,306.30999755859375,306.1199951171875,0.0,0.0
2025-04-21,GLD,315.0199890136719,315.5899963378906,0.0,0.0
2025-04-22,GLD,317.489990234375,311.1099853515625,0.0,0.0
2025-04-23,GLD,304.17999267578125,303.6499938964844,0.0,0.0
2025-04-24,GLD,306.9800109863281,308.07000732421875,0.0,0.0
2025-04-25,GLD,301.7799987792969,304.7300109863281,0.0,0.0
2025-04-28,GLD,304.1499938964844,309.07000732421875,0.0,0.0
2025-04-29,GLD,305.80999755859375,306.05999755859375,0.0,0.0
2025-04-30,GLD,304.6099853515625,303.7699890136719,0.0,0.0
2025-05-01,GLD,297.4100036621094,297.4599914550781,0.0,0.0
2025-05-02,GLD,300.1700134277344,297.9800109863281,0.0,0.0
2025-05-05,GLD,305.9200134277344,306.8800048828125,0.0,0.0
2025-05-06,GLD,313.1199951171875,315.4800109863281,0.0,0.0
2025-05-07,GLD,312.1000061035156,310.75,0.0,0.0
2025-05-08,GLD,309.760009765625,304.6300048828125,0.0,0.0
2025-05-09,GLD,307.7900085449219,306.8399963378906,0.0,0.0
2025-05-12,GLD,298.3299865722656,298.19000244140625,0.0,0.0
2025-05-13,GLD,299.0199890136719,299.4599914550781,0.0,0.0
2025-05-14,GLD,293.6700134277344,293.1600036621094,0.0,0.0
2025-05-15,GLD,294.1000061035156,297.8399963378906,0.0,0.0
2025-05-16,GLD,292.6199951171875,294.239990234375,0.0,0.0
2025-05-19,GLD,297.8500061035156,298.0299987792969,0.0,0.0
2025-05-20,GLD,298.3500061035156,303.5799865722656,0.0,0.0
2025-05-21,GLD,304.54998779296875,305.82000732421875,0.0,0.0
2025-05-22,GLD,305.0899963378906,303.1099853515625,0.0,0.0
2025-05-23,GLD,308.8599853515625,309.75,0.0,0.0
2025-05-27,GLD,303.80999755859375,304.5,0.0,0.0
2025-05-28,GLD,304.6400146484375,303.80999755859375,0.0,0.0
2025-05-29,GLD,305.739990234375,305.6099853515625,0.0,0.0
2025-05-30,GLD,303.6400146484375,303.6000061035156,0.0,0.0
2025-06-02,GLD,309.2099914550781,311.6700134277344,0.0,0.0
2025-06-03,GLD,309.55999755859375,308.9100036621094,0.0,0.0
2025-06-04,GLD,309.4100036621094,310.8999938964844,0.0,0.0
2025-06-05,GLD,311.239990234375,309.3299865722656,0.0,0.0
2025-06-06,GLD,309.0899963378906,305.17999267578125,0.0,0.0
2025-06-09,GLD,305.3900146484375,306.6199951171875,0.0,0.0
2025-06-10,GLD,308.30999755859375,306.7099914550781,0.0,0.0
2025-06-11,GLD,307.5,308.3699951171875,0.0,0.0
2025-06-12,GLD,311.739990234375,312.20001220703125,0.0,0.0
2025-06-13,GLD,317.260009765625,316.2900085449219,0.0,0.0
2025-06-16,GLD,314.79998779296875,311.7799987792969,0.0,0.0
2025-06-17,GLD,312.6600036621094,311.94000244140625,0.0,0.0
2025-06-18,GLD,312.8900146484375,310.260009765625,0.0,0.0
2025-06-20,GLD,309.3299865722656,310.1300048828125,0.0,0.0
2025-06-23,GLD,310.3399963378906,311.0799865722656,0.0,0.0
2025-06-24,GLD,305.07000732421875,306.19000244140625,0.0,0.0
2025-06-25,GLD,305.30999755859375,307.1199951171875,0.0,0.0
2025-06-26,GLD,305.7699890136719,306.7799987792969,0.0,0.0
2025-06-27,GLD,300.0299987792969,301.2200012207031,0.0,0.0
2025-06-30,GLD,302.3900146484375,304.8299865722656,0.0,0.0
2025-07-01,GLD,308.55999755859375,307.54998779296875,0.0,0.0
2025-07-02,GLD,308.0400085449219,309.25,0.0,0.0
2025-07-03,GLD,307.04998779296875,307.1400146484375,0.0,0.0
2025-07-07,GLD,305.07000732421875,307.3699951171875,0.0,0.0
2025-07-08,GLD,306.29998779296875,304.1600036621094,0.0,0.0
2025-07-09,GLD,303.5799865722656,305.5199890136719,0.0,0.0
2025-07-10,GLD,306.1099853515625,306.20001220703125,0.0,0.0
2025-07-11,GLD,308.8599853515625,309.1400146484375,0.0,0.0
2025-07-14,GLD,309.07000732421875,308.010009765625,0.0,0.0
2025-07-15,GLD,307.7300109863281,306.7300109863281,0.0,0.0
2025-07-16,GLD,307.1099853515625,308.260009765625,0.0,0.0
2025-07-17,GLD,305.5,307.5899963378906,0.0,0.0
2025-07-18,GLD,309.239990234375,308.3900146484375,0.0,0.0
2025-07-21,GLD,311.8800048828125,313.1300048828125,0.0,0.0
2025-07-22,GLD,314.4800109863281,316.1000061035156,0.0,0.0
2025-07-23,GLD,314.0,312.17999267578125,0.0,0.0
2025-07-24,GLD,309.2900085449219,310.2699890136719,0.0,0.0
2025-07-25,GLD,307.82000732421875,307.3999938964844,0.0,0.0
2025-07-28,GLD,306.44000244140625,305.4100036621094,0.0,0.0
2025-07-29,GLD,305.79998779296875,306.25,0.0,0.0
2025-07-30,GLD,304.4200134277344,300.9599914550781,0.0,0.0
2025-07-31,GLD,304.5899963378906,302.9599914550781,0.0,0.0
2025-08-01,GLD,308.6099853515625,309.1099853515625,0.0,0.0
2025-08-04,GLD,310.79998779296875,310.9100036621094,0.0,0.0
2025-08-05,GLD,310.3699951171875,311.1600036621094,0.0,0.0
2025-08-06,GLD,310.32000732421875,310.5,0.0,0.0
2025-08-07,GLD,311.7200012207031,313.1199951171875,0.0,0.0
2025-08-08,GLD,312.3500061035156,313.04998779296875,0.0,0.0
2025-08-11,GLD,308.6199951171875,308.54998779296875,0.0,0.0
2025-08-12,GLD,308.2200012207031,308.2699890136719,0.0,0.0
2025-08-13,GLD,309.1000061035156,309.2099914550781,0.0,0.0
2025-08-14,GLD,307.92999267578125,307.25,0.0,0.0
2025-08-15,GLD,307.3399963378906,307.42999267578125,0.0,0.0
2025-08-18,GLD,307.7900085449219,306.95001220703125,0.0,0.0
2025-08-19,GLD,306.760009765625,305.2699890136719,0.0,0.0
2025-08-20,GLD,307.5400085449219,308.3599853515625,0.0,0.0
2025-08-21,GLD,307.8599853515625,307.2900085449219,0.0,0.0
2025-08-22,GLD,306.5199890136719,310.5799865722656,0.0,0.0
2025-08-25,GLD,309.6700134277344,309.8299865722656,0.0,0.0
2025-08-26,GLD,310.6199951171875,312.0799865722656,0.0,0.0
2025-08-27,GLD,311.3900146484375,312.7099914550781,0.0,0.0
2025-08-28,GLD,313.32000732421875,315.0299987792969,0.0,0.0
2025-08-29,GLD,314.7200012207031,318.07000732421875,0.0,0.0
2025-09-02,GLD,320.82000732421875,325.5899963378906,0.0,0.0
2025-09-03,GLD,327.760009765625,328.1400146484375,0.0,0.0
2025-09-04,GLD,327.0299987792969,326.69000244140625,0.0,0.0
2025-09-05,GLD,329.5299987792969,331.04998779296875,0.0,0.0
2025-09-08,GLD,333.6600036621094,334.82000732421875,0.0,0.0
2025-09-09,GLD,337.0299987792969,334.05999755859375,0.0,0.0
2025-09-10,GLD,335.7300109863281,335.260009765625,0.0,0.0
2025-09-11,GLD,333.3699951171875,334.760009765625,0.0,0.0
2025-09-12,GLD,335.8800048828125,335.4200134277344,0.0,0.0
2025-09-15,GLD,336.30999755859375,338.9100036621094,0.0,0.0
2025-09-16,GLD,340.0899963378906,339.5899963378906,0.0,0.0
2025-09-17,GLD,338.5299987792969,336.9700012207031,0.0,0.0
2025-09-18,GLD,336.2200012207031,335.6199951171875,0.0,0.0
2025-09-19,GLD,336.510009765625,339.17999267578125,0.0,0.0
2025-09-22,GLD,342.75,345.04998779296875,0.0,0.0
2025-09-23,GLD,348.2300109863281,346.4599914550781,0.0,0.0
2025-09-24,GLD,346.70001220703125,343.32000732421875,0.0,0.0
2025-09-25,GLD,344.3900146484375,344.75,0.0,0.0
2025-09-26,GLD,345.8299865722656,346.739990234375,0.0,0.0
2025-09-29,GLD,351.7900085449219,352.4599914550781,0.0,0.0
2025-09-30,GLD,351.1300048828125,355.4700012207031,0.0,0.0
2025-10-01,GLD,356.1700134277344,356.0299987792969,0.0,0.0
2025-10-02,GLD,358.260009765625,354.7900085449219,0.0,0.0
2025-10-03,GLD,357.1199951171875,357.6400146484375,0.0,0.0
2025-10-06,GLD,362.1600036621094,364.3800048828125,0.0,0.0
2025-10-07,GLD,366.510009765625,366.260009765625,0.0,0.0
2025-10-08,GLD,371.6499938964844,372.29998779296875,0.0,0.0
2025-10-09,GLD,373.1400146484375,365.42999267578125,0.0,0.0
2025-10-10,GLD,367.5400085449219,369.1199951171875,0.0,0.0
2025-10-13,GLD,376.5,378.0899963378906,0.0,0.0
2025-10-14,GLD,378.2099914550781,380.7900085449219,0.0,0.0
2025-10-15,GLD,385.92999267578125,387.3900146484375,0.0,0.0
2025-10-16,GLD,391.1499938964844,396.45001220703125,0.0,0.0
2025-10-17,GLD,397.1400146484375,388.989990234375,0.0,0.0
2025-10-20,GLD,397.45001220703125,403.1499938964844,0.0,0.0
2025-10-21,GLD,386.5400085449219,377.239990234375,0.0,0.0
2025-10-22,GLD,372.75,377.2799987792969,0.0,0.0
2025-10-23,GLD,381.4599914550781,378.7900085449219,0.0,0.0
2025-10-24,GLD,378.510009765625,377.5199890136719,0.0,0.0
2025-10-27,GLD,371.1300048828125,367.010009765625,0.0,0.0
2025-10-28,GLD,361.80999755859375,364.3800048828125,0.0,0.0
2025-10-29,GLD,369.6499938964844,363.0,0.0,0.0
2025-10-30,GLD,365.0899963378906,370.1300048828125,0.0,0.0
2025-10-31,GLD,370.4700012207031,368.1199951171875,0.0,0.0
2025-11-03,GLD,368.9100036621094,368.7799987792969,0.0,0.0
2025-11-04,GLD,363.4800109863281,362.32000732421875,0.0,0.0
2025-11-05,GLD,366.3900146484375,366.510009765625,0.0,0.0
2025-11-06,GLD,367.1600036621094,366.07000732421875,0.0,0.0
2025-11-07,GLD,367.94000244140625,368.30999755859375,0.0,0.0
2025-11-10,GLD,375.92999267578125,378.3800048828125,0.0,0.0
2025-11-11,GLD,379.9800109863281,379.8699951171875,0.0,0.0
2025-11-12,GLD,380.07000732421875,385.989990234375,0.0,0.0
2025-11-13,GLD,387.2900085449219,382.8699951171875,0.0,0.0
2025-11-14,GLD,372.8699951171875,375.9599914550781,0.0,0.0
2025-11-17,GLD,374.0400085449219,371.6499938964844,0.0,0.0
2025-11-18,GLD,374.8299865722656,374.3500061035156,0.0,0.0
2025-11-19,GLD,377.7799987792969,374.9599914550781,0.0,0.0
2025-11-20,GLD,375.2900085449219,374.8500061035156,0.0,0.0
2025-11-21,GLD,374.0299987792969,374.2699890136719,0.0,0.0
2025-11-24,GLD,374.8800048828125,380.20001220703125,0.0,0.0
2025-11-25,GLD,380.260009765625,380.0799865722656,0.0,0.0
2025-11-26,GLD,381.05999755859375,383.1199951171875,0.0,0.0
2025-11-28,GLD,385.9800109863281,387.8800048828125,0.0,0.0
2025-12-01,GLD,390.6099853515625,389.75,0.0,0.0
2025-12-02,GLD,388.8699951171875,387.239990234375,0.0,0.0
2025-12-03,GLD,388.4599914550781,386.8800048828125,0.0,0.0
2025-12-04,GLD,386.9200134277344,387.1300048828125,0.0,0.0
2025-12-05,GLD,389.1199951171875,386.44000244140625,0.0,0.0
2025-12-08,GLD,387.0199890136719,385.4200134277344,0.0,0.0
2025-12-09,GLD,385.6199951171875,387.3999938964844,0.0,0.0
2025-12-10,GLD,385.95001220703125,389.04998779296875,0.0,0.0
2025-12-11,GLD,389.0199890136719,393.239990234375,0.0,0.0
2025-12-12,GLD,399.1600036621094,395.44000244140625,0.0,0.0
2025-12-15,GLD,397.760009765625,395.79998779296875,0.0,0.0
2025-12-16,GLD,397.75,395.8900146484375,0.0,0.0
2025-12-17,GLD,398.0799865722656,399.2900085449219,0.0,0.0
2025-12-18,GLD,398.2799987792969,398.57000732421875,0.0,0.0
2025-12-19,GLD,397.9200134277344,399.0199890136719,0.0,0.0
2025-12-22,GLD,406.9800109863281,408.2300109863281,0.0,0.0
2025-12-23,GLD,410.29998779296875,413.6400146484375,0.0,0.0
2025-12-24,GLD,412.25,411.92999267578125,0.0,0.0
2025-12-26,GLD,416.4800109863281,416.739990234375,0.0,0.0
2025-12-29,GLD,403.6600036621094,398.6000061035156,0.0,0.0
2025-12-30,GLD,403.6000061035156,398.8900146484375,0.0,0.0
2025-12-31,GLD,398.6000061035156,396.30999755859375,0.0,0.0
2026-01-02,GLD,401.6199951171875,398.2799987792969,0.0,0.0
2026-01-05,GLD,406.3900146484375,408.760009765625,0.0,0.0
2026-01-06,GLD,410.6700134277344,413.17999267578125,0.0,0.0
2026-01-07,GLD,408.6300048828125,409.2300109863281,0.0,0.0
2026-01-08,GLD,406.9700012207031,411.489990234375,0.0,0.0
2026-01-09,GLD,413.2200012207031,414.4700012207031,0.0,0.0
2026-01-12,GLD,421.5199890136719,422.2300109863281,0.0,0.0
2026-01-13,GLD,424.5899963378906,421.6300048828125,0.0,0.0
2026-01-14,GLD,426.0299987792969,425.94000244140625,0.0,0.0
2026-01-15,GLD,423.0199890136719,423.3299865722656,0.0,0.0
2026-01-16,GLD,422.79998779296875,421.2900085449219,0.0,0.0
2026-01-20,GLD,436.69000244140625,437.2300109863281,0.0,0.0
2026-01-21,GLD,446.8699951171875,443.6000061035156,0.0,0.0
2026-01-22,GLD,443.8399963378906,451.7900085449219,0.0,0.0
2026-01-23,GLD,454.1099853515625,458.0,0.0,0.0
2026-01-26,GLD,466.7799987792969,464.70001220703125,0.0,0.0
2026-01-27,GLD,465.07000732421875,476.1000061035156,0.0,0.0
2026-01-28,GLD,483.3900146484375,494.55999755859375,0.0,0.0
2026-01-29,GLD,509.510009765625,495.8999938964844,0.0,0.0
2026-01-30,GLD,466.25,444.95001220703125,0.0,0.0
2026-02-02,GLD,434.010009765625,427.1300048828125,0.0,0.0
2026-02-03,GLD,452.6300048828125,454.2900085449219,0.0,0.0
2026-02-04,GLD,462.4700012207031,453.9700012207031,0.0,0.0
2026-02-05,GLD,444.2900085449219,441.8800048828125,0.0,0.0
2026-02-06,GLD,450.7300109863281,455.4599914550781,0.0,0.0
2026-02-09,GLD,461.3900146484375,467.0299987792969,0.0,0.0
2026-02-10,GLD,465.9599914550781,462.3999938964844,0.0,0.0
2026-02-11,GLD,466.0,467.6300048828125,0.0,0.0
2026-02-12,GLD,464.8999938964844,451.3900146484375,0.0,0.0
2026-02-13,GLD,459.7300109863281,462.6199951171875,0.0,0.0
2026-02-17,GLD,450.260009765625,448.20001220703125,0.0,0.0
2026-02-18,GLD,455.80999755859375,458.2799987792969,0.0,0.0
2026-02-19,GLD,457.3399963378906,459.55999755859375,0.0,0.0
2026-02-20,GLD,463.25,468.6199951171875,0.0,0.0
2026-02-23,GLD,474.6499938964844,481.2799987792969,0.0,0.0
2026-02-24,GLD,470.0899963378906,474.6099853515625,0.0,0.0
2026-02-25,GLD,475.739990234375,473.4200134277344,0.0,0.0
2026-02-26,GLD,474.95001220703125,477.4800109863281,0.0,0.0
2026-02-27,GLD,480.75,483.75,0.0,0.0
2026-03-02,GLD,490.1000061035156,490.0,0.0,0.0
2026-03-03,GLD,472.8299865722656,468.1400146484375,0.0,0.0
2026-03-04,GLD,474.82000732421875,471.79998779296875,0.0,0.0
2026-03-05,GLD,470.45001220703125,466.1300048828125,0.0,0.0
2026-03-06,GLD,469.0400085449219,473.510009765625,0.0,0.0
2026-03-09,GLD,468.0899963378906,472.5299987792969,0.0,0.0
2026-03-10,GLD,479.739990234375,477.8599853515625,0.0,0.0
2026-03-11,GLD,476.1300048828125,476.239990234375,0.0,0.0
2026-03-12,GLD,475.0199890136719,466.8800048828125,0.0,0.0
2026-03-13,GLD,469.30999755859375,460.8399963378906,0.0,0.0
2026-03-16,GLD,461.2699890136719,460.42999267578125,0.0,0.0
2026-03-17,GLD,460.510009765625,459.2699890136719,0.0,0.0
2026-03-18,GLD,446.6600036621094,444.739990234375,0.0,0.0
2026-03-19,GLD,420.3599853515625,426.4100036621094,0.0,0.0
2026-03-20,GLD,428.0899963378906,413.3800048828125,0.0,0.0
2026-03-23,GLD,405.1199951171875,404.0400085449219,0.0,0.0
2026-03-24,GLD,400.239990234375,404.1300048828125,0.0,0.0
2026-03-25,GLD,419.7099914550781,416.2900085449219,0.0,0.0
2026-03-26,GLD,408.5299987792969,400.6400146484375,0.0,0.0
2026-03-27,GLD,406.20001220703125,414.70001220703125,0.0,0.0
2026-03-30,GLD,419.5400085449219,414.5799865722656,0.0,0.0
2026-03-31,GLD,420.0799865722656,430.2900085449219,0.0,0.0
2026-04-01,GLD,435.0,437.82000732421875,0.0,0.0
2026-04-02,GLD,422.2900085449219,429.4100036621094,0.0,0.0
2026-04-06,GLD,428.8699951171875,427.6499938964844,0.0,0.0
2026-04-07,GLD,427.8999938964844,431.80999755859375,0.0,0.0
2026-04-08,GLD,439.9800109863281,434.5299987792969,0.0,0.0
2026-04-09,GLD,436.4700012207031,437.9100036621094,0.0,0.0
2026-04-10,GLD,438.5899963378906,437.1300048828125,0.0,0.0
2026-04-13,GLD,434.7799987792969,435.3599853515625,0.0,0.0
2026-04-14,GLD,439.32000732421875,445.0899963378906,0.0,0.0
2026-04-15,GLD,442.8800048828125,440.4599914550781,0.0,0.0
2026-04-16,GLD,442.1499938964844,440.0799865722656,0.0,0.0
2026-04-17,GLD,445.6499938964844,445.92999267578125,0.0,0.0
2026-04-20,GLD,443.1300048828125,442.0899963378906,0.0,0.0
2026-04-21,GLD,438.54998779296875,429.57000732421875,0.0,0.0
2026-04-22,GLD,436.2699890136719,435.260009765625,0.0,0.0
2026-04-23,GLD,433.9599914550781,431.0400085449219,0.0,0.0
2026-04-24,GLD,431.3399963378906,433.25,0.0,0.0
2026-04-27,GLD,431.6600036621094,429.8900146484375,0.0,0.0
2026-04-28,GLD,420.7200012207031,421.9100036621094,0.0,0.0
2026-04-29,GLD,416.739990234375,417.4100036621094,0.0,0.0
2026-04-30,GLD,425.3399963378906,423.6600036621094,0.0,0.0
2026-05-01,GLD,421.4100036621094,423.17999267578125,0.0,0.0
2026-05-04,GLD,418.8399963378906,414.7099914550781,0.0,0.0
2026-05-05,GLD,420.1499938964844,418.2699890136719,0.0,0.0
2026-05-06,GLD,430.1499938964844,430.9599914550781,0.0,0.0
2026-05-07,GLD,435.6099853515625,431.67999267578125,0.0,0.0
2026-05-08,GLD,434.04998779296875,433.7699890136719,0.0,0.0
2026-05-11,GLD,434.17999267578125,434.6499938964844,0.0,0.0
2026-05-12,GLD,430.70001220703125,432.92999267578125,0.0,0.0
2026-05-13,GLD,430.5199890136719,430.5,0.0,0.0
2026-05-14,GLD,430.29998779296875,427.2099914550781,0.0,0.0
2026-05-15,GLD,417.6400146484375,417.2900085449219,0.0,0.0
2026-05-18,GLD,419.82000732421875,418.42999267578125,0.0,0.0
2026-05-19,GLD,412.45001220703125,411.5,0.0,0.0
2026-05-20,GLD,412.1400146484375,417.3999938964844,0.0,0.0
2026-05-21,GLD,413.1400146484375,416.989990234375,0.0,0.0
2026-05-22,GLD,415.1700134277344,413.82000732421875,0.0,0.0
2026-05-26,GLD,415.1600036621094,414.0,0.0,0.0
2026-05-27,GLD,404.3399963378906,408.489990234375,0.0,0.0
2026-05-28,GLD,406.4800109863281,412.7699890136719,0.0,0.0
2026-05-29,GLD,415.6199951171875,417.1199951171875,0.0,0.0
2026-06-01,GLD,409.8599853515625,411.260009765625,0.0,0.0
2026-06-02,GLD,414.0799865722656,411.95001220703125,0.0,0.0
2026-06-03,GLD,408.3800048828125,407.8699951171875,0.0,0.0
2026-06-04,GLD,413.3699951171875,411.2699890136719,0.0,0.0
2026-06-05,GLD,404.3800048828125,396.239990234375,0.0,0.0
2026-06-08,GLD,397.5199890136719,397.2699890136719,0.0,0.0
2026-06-09,GLD,397.57000732421875,390.7799987792969,0.0,0.0
2026-06-10,GLD,380.75,374.5799865722656,0.0,0.0
2026-06-11,GLD,373.9599914550781,386.32000732421875,0.0,0.0
2026-06-12,GLD,385.7300109863281,386.5400085449219,0.0,0.0
2026-06-15,GLD,399.489990234375,396.54998779296875,0.0,0.0
2026-06-16,GLD,397.8299865722656,397.6300048828125,0.0,0.0
2026-06-17,GLD,397.82000732421875,388.6000061035156,0.0,0.0
2026-06-18,GLD,391.239990234375,387.1199951171875,0.0,0.0
2026-06-22,GLD,384.25,384.5899963378906,0.0,0.0
2026-06-23,GLD,377.7200012207031,377.32000732421875,0.0,0.0
2026-06-24,GLD,364.80999755859375,365.9200134277344,0.0,0.0
2026-06-25,GLD,368.989990234375,369.4599914550781,0.0,0.0
2026-06-26,GLD,372.2699890136719,373.6300048828125,0.0,0.0
2026-06-29,GLD,370.5799865722656,368.5799865722656,0.0,0.0
2026-06-30,GLD,369.2200012207031,368.3800048828125,0.0,0.0
2026-07-01,GLD,371.2099914550781,370.6000061035156,0.0,0.0
2026-07-02,GLD,377.44000244140625,378.1300048828125,0.0,0.0
2026-07-06,GLD,380.2099914550781,382.1300048828125,0.0,0.0
2026-07-07,GLD,382.3900146484375,377.489990234375,0.0,0.0
2026-07-08,GLD,373.1700134277344,374.45001220703125,0.0,0.0
2026-07-09,GLD,378.510009765625,378.17999267578125,0.0,0.0
2026-07-10,GLD,375.0,377.010009765625,0.0,0.0
2026-07-13,GLD,372.7699890136719,367.1300048828125,0.0,0.0
2026-07-14,GLD,374.5299987792969,372.1499938964844,0.0,0.0
2026-07-15,GLD,372.1099853515625,372.3500061035156,0.0,0.0
2026-07-16,GLD,367.45001220703125,364.9599914550781,0.0,0.0
2026-07-17,GLD,364.1099853515625,368.4100036621094,0.0,0.0
2026-07-20,GLD,367.7900085449219,367.6000061035156,0.0,0.0
2026-07-21,GLD,371.70001220703125,374.80999755859375,0.0,0.0
2026-07-22,GLD,379.07000732421875,379.1199951171875,0.0,0.0
2026-07-23,GLD,372.3599853515625,371.5199890136719,0.0,0.0
2026-07-24,GLD,371.260009765625,371.8999938964844,0.0,0.0
2026-07-27,GLD,373.8900146484375,374.6300048828125,0.0,0.0
2026-07-28,GLD,369.6099853515625,369.3699951171875,0.0,0.0
2026-07-29,GLD,368.2900085449219,371.0799865722656,0.0,0.0
2026-07-30,GLD,374.1600036621094,377.1600036621094,0.0,0.0
2026-07-31,GLD,370.8399963378906,371.5400085449219,0.0,0.0
2026-08-03,GLD,370.1000061035156,371.7099914550781,0.0,0.0
2026-08-04,GLD,374.1400146484375,374.1600036621094,0.0,0.0
2026-08-05,GLD,384.9599914550781,389.6400146484375,0.0,0.0
2026-08-06,GLD,389.5,389.6700134277344,0.0,0.0
2026-08-07,GLD,399.6000061035156,398.4700012207031,0.0,0.0
2026-08-10,GLD,397.7099914550781,402.5400085449219,0.0,0.0
2026-08-11,GLD,403.44000244140625,400.9599914550781,0.0,0.0
2026-08-12,GLD,405.30999755859375,404.9200134277344,0.0,0.0
2026-08-13,GLD,402.1700134277344,398.9599914550781,0.0,0.0
2026-08-14,GLD,402.17999267578125,401.4800109863281,0.0,0.0
2026-08-17,GLD,402.3399963378906,405.489990234375,0.0,0.0
2026-08-18,GLD,402.54998779296875,398.54998779296875,0.0,0.0
2026-08-19,GLD,408.80999755859375,413.8399963378906,0.0,0.0
2026-08-20,GLD,410.0799865722656,415.260009765625,0.0,0.0
2026-08-21,GLD,420.5299987792969,423.3599853515625,0.0,0.0
2026-08-24,GLD,428.54998779296875,426.69000244140625,0.0,0.0
2026-08-25,GLD,422.7799987792969,428.07000732421875,0.0,0.0
2026-08-26,GLD,423.0,421.32000732421875,0.0,0.0
2026-08-27,GLD,420.82000732421875,422.6000061035156,0.0,0.0
2026-08-28,GLD,422.239990234375,408.8900146484375,0.0,0.0
2024-08-29,IBIT,34.29999923706055,33.689998626708984,0.0,0.0
2024-08-30,IBIT,33.900001525878906,33.369998931884766,0.0,0.0
2024-09-03,IBIT,33.63999938964844,32.97999954223633,0.0,0.0
2024-09-04,IBIT,32.099998474121094,33.040000915527344,0.0,0.0
2024-09-05,IBIT,32.22999954223633,31.850000381469727,0.0,0.0
2024-09-06,IBIT,32.28499984741211,30.40999984741211,0.0,0.0
2024-09-09,IBIT,31.520000457763672,32.5099983215332,0.0,0.0
2024-09-10,IBIT,32.40999984741211,33.0,0.0,0.0
2024-09-11,IBIT,32.33000183105469,32.79999923706055,0.0,0.0
2024-09-12,IBIT,32.869998931884766,33.25,0.0,0.0
2024-09-13,IBIT,32.880001068115234,34.040000915527344,0.0,0.0
2024-09-16,IBIT,33.310001373291016,32.97999954223633,0.0,0.0
2024-09-17,IBIT,33.7599983215332,34.099998474121094,0.0,0.0
2024-09-18,IBIT,34.08000183105469,34.150001525878906,0.0,0.0
2024-09-19,IBIT,36.029998779296875,36.0099983215332,0.0,0.0
2024-09-20,IBIT,35.849998474121094,35.79999923706055,0.0,0.0
2024-09-23,IBIT,36.060001373291016,36.040000915527344,0.0,0.0
2024-09-24,IBIT,36.13999938964844,36.63999938964844,0.0,0.0
2024-09-25,IBIT,36.150001525878906,35.970001220703125,0.0,0.0
2024-09-26,IBIT,36.654998779296875,36.84000015258789,0.0,0.0
2024-09-27,IBIT,37.41999816894531,37.38999938964844,0.0,0.0
2024-09-30,IBIT,36.41999816894531,36.130001068115234,0.0,0.0
2024-10-01,IBIT,36.06999969482422,35.130001068115234,0.0,0.0
2024-10-02,IBIT,34.630001068115234,34.2400016784668,0.0,0.0
2024-10-03,IBIT,34.400001525878906,34.720001220703125,0.0,0.0
2024-10-04,IBIT,35.040000915527344,35.52000045776367,0.0,0.0
2024-10-07,IBIT,35.90999984741211,36.060001373291016,0.0,0.0
2024-10-08,IBIT,35.630001068115234,35.400001525878906,0.0,0.0
2024-10-09,IBIT,35.209999084472656,34.68000030517578,0.0,0.0
2024-10-10,IBIT,34.7599983215332,33.95000076293945,0.0,0.0
2024-10-11,IBIT,34.939998626708984,35.939998626708984,0.0,0.0
2024-10-14,IBIT,36.869998931884766,37.56999969482422,0.0,0.0
2024-10-15,IBIT,37.529998779296875,38.16999816894531,0.0,0.0
2024-10-16,IBIT,38.65999984741211,38.58000183105469,0.0,0.0
2024-10-17,IBIT,38.15999984741211,38.04999923706055,0.0,0.0
2024-10-18,IBIT,38.61000061035156,39.06999969482422,0.0,0.0
2024-10-21,IBIT,38.63999938964844,38.56999969482422,0.0,0.0
2024-10-22,IBIT,38.18000030517578,38.40999984741211,0.0,0.0
2024-10-23,IBIT,37.86000061035156,37.810001373291016,0.0,0.0
2024-10-24,IBIT,38.470001220703125,38.869998931884766,0.0,0.0
2024-10-25,IBIT,38.720001220703125,38.0099983215332,0.0,0.0
2024-10-28,IBIT,39.25,39.66999816894531,0.0,0.0
2024-10-29,IBIT,40.560001373291016,41.33000183105469,0.0,0.0
2024-10-30,IBIT,40.880001068115234,40.880001068115234,0.0,0.0
2024-10-31,IBIT,40.97999954223633,39.779998779296875,0.0,0.0
2024-11-01,IBIT,39.92499923706055,39.369998931884766,0.0,0.0
2024-11-04,IBIT,39.029998779296875,38.25,0.0,0.0
2024-11-05,IBIT,39.43000030517578,39.5099983215332,0.0,0.0
2024-11-06,IBIT,42.31999969482422,43.400001525878906,0.0,0.0
2024-11-07,IBIT,42.709999084472656,43.599998474121094,0.0,0.0
2024-11-08,IBIT,43.439998626708984,43.689998626708984,0.0,0.0
2024-11-11,IBIT,46.65999984741211,49.56999969482422,0.0,0.0
2024-11-12,IBIT,49.02000045776367,51.04999923706055,0.0,0.0
2024-11-13,IBIT,51.2400016784668,51.040000915527344,0.0,0.0
2024-11-14,IBIT,51.9900016784668,49.72999954223633,0.0,0.0
2024-11-15,IBIT,50.84000015258789,52.130001068115234,0.0,0.0
2024-11-18,IBIT,51.5,52.130001068115234,0.0,0.0
2024-11-19,IBIT,52.15999984741211,52.70000076293945,0.0,0.0
2024-11-20,IBIT,53.880001068115234,53.720001220703125,0.0,0.0
2024-11-21,IBIT,55.40999984741211,55.900001525878906,0.0,0.0
2024-11-22,IBIT,55.63999938964844,56.4900016784668,0.0,0.0
2024-11-25,IBIT,55.40999984741211,54.02000045776367,0.0,0.0
2024-11-26,IBIT,52.439998626708984,51.70000076293945,0.0,0.0
2024-11-27,IBIT,53.83000183105469,55.029998779296875,0.0,0.0
2024-11-29,IBIT,55.47999954223633,55.209999084472656,0.0,0.0
2024-12-02,IBIT,54.65999984741211,54.47999954223633,0.0,0.0
2024-12-03,IBIT,53.619998931884766,54.459999084472656,0.0,0.0
2024-12-04,IBIT,54.61000061035156,56.41999816894531,0.0,0.0
2024-12-05,IBIT,58.595001220703125,56.400001525878906,0.0,0.0
2024-12-06,IBIT,56.599998474121094,57.79999923706055,0.0,0.0
2024-12-09,IBIT,56.40999984741211,54.72999954223633,0.0,0.0
2024-12-10,IBIT,55.79999923706055,54.900001525878906,0.0,0.0
2024-12-11,IBIT,56.189998626708984,57.720001220703125,0.0,0.0
2024-12-12,IBIT,57.77000045776367,56.91999816894531,0.0,0.0
2024-12-13,IBIT,57.20000076293945,57.90999984741211,0.0,0.0
2024-12-16,IBIT,59.43000030517578,60.220001220703125,0.0,0.0
2024-12-17,IBIT,61.369998931884766,60.72999954223633,0.0,0.0
2024-12-18,IBIT,59.560001373291016,57.18000030517578,0.0,0.0
2024-12-19,IBIT,58.19499969482422,54.720001220703125,0.0,0.0
2024-12-20,IBIT,54.07500076293945,54.810001373291016,0.0,0.0
2024-12-23,IBIT,54.27000045776367,52.869998931884766,0.0,0.0
2024-12-24,IBIT,55.05500030517578,56.22999954223633,0.0,0.0
2024-12-26,IBIT,54.41999816894531,54.29999923706055,0.0,0.0
2024-12-27,IBIT,54.779998779296875,53.68000030517578,0.0,0.0
2024-12-30,IBIT,52.79999923706055,53.54999923706055,0.0,0.0
2024-12-31,IBIT,54.47800064086914,53.04999923706055,0.0,0.0
2025-01-02,IBIT,54.89500045776367,55.369998931884766,0.0,0.0
2025-01-03,IBIT,55.22999954223633,55.959999084472656,0.0,0.0
2025-01-06,IBIT,56.3650016784668,58.16999816894531,0.0,0.0
2025-01-07,IBIT,57.310001373291016,54.790000915527344,0.0,0.0
2025-01-08,IBIT,54.27000045776367,53.34000015258789,0.0,0.0
2025-01-10,IBIT,53.70000076293945,53.84000015258789,0.0,0.0
2025-01-13,IBIT,51.650001525878906,53.220001220703125,0.0,0.0
2025-01-14,IBIT,55.040000915527344,54.83000183105469,0.0,0.0
2025-01-15,IBIT,56.13999938964844,56.63999938964844,0.0,0.0
2025-01-16,IBIT,56.529998779296875,57.09000015258789,0.0,0.0
2025-01-17,IBIT,58.51499938964844,59.619998931884766,0.0,0.0
2025-01-21,IBIT,59.869998931884766,60.41999816894531,0.0,0.0
2025-01-22,IBIT,59.54999923706055,59.380001068115234,0.0,0.0
2025-01-23,IBIT,58.22999954223633,58.790000915527344,0.0,0.0
2025-01-24,IBIT,59.91999816894531,59.70000076293945,0.0,0.0
2025-01-27,IBIT,57.31999969482422,57.66999816894531,0.0,0.0
2025-01-28,IBIT,58.34000015258789,57.58000183105469,0.0,0.0
2025-01-29,IBIT,58.119998931884766,59.34000015258789,0.0,0.0
2025-01-30,IBIT,59.72999954223633,59.720001220703125,0.0,0.0
2025-01-31,IBIT,59.61000061035156,57.709999084472656,0.0,0.0
2025-02-03,IBIT,53.970001220703125,57.58000183105469,0.0,0.0
2025-02-04,IBIT,56.5099983215332,56.130001068115234,0.0,0.0
2025-02-05,IBIT,56.209999084472656,55.33000183105469,0.0,0.0
2025-02-06,IBIT,55.93000030517578,55.119998931884766,0.0,0.0
2025-02-07,IBIT,56.7400016784668,54.470001220703125,0.0,0.0
2025-02-10,IBIT,55.61000061035156,55.380001068115234,0.0,0.0
2025-02-11,IBIT,55.11000061035156,54.11000061035156,0.0,0.0
2025-02-12,IBIT,53.83000183105469,55.15999984741211,0.0,0.0
2025-02-13,IBIT,54.56999969482422,54.7400016784668,0.0,0.0
2025-02-14,IBIT,54.939998626708984,55.33000183105469,0.0,0.0
2025-02-18,IBIT,54.900001525878906,53.5099983215332,0.0,0.0
2025-02-19,IBIT,54.83000183105469,54.650001525878906,0.0,0.0
2025-02-20,IBIT,55.630001068115234,56.040000915527344,0.0,0.0
2025-02-21,IBIT,56.38999938964844,53.91999816894531,0.0,0.0
2025-02-24,IBIT,54.22999954223633,53.40999984741211,0.0,0.0
2025-02-25,IBIT,50.654998779296875,50.029998779296875,0.0,0.0
2025-02-26,IBIT,48.709999084472656,47.959999084472656,0.0,0.0
2025-02-27,IBIT,49.0099983215332,47.349998474121094,0.0,0.0
2025-02-28,IBIT,46.540000915527344,47.900001525878906,0.0,0.0
2025-03-03,IBIT,52.970001220703125,48.900001525878906,0.0,0.0
2025-03-04,IBIT,47.029998779296875,49.38999938964844,0.0,0.0
2025-03-05,IBIT,51.0099983215332,51.439998626708984,0.0,0.0
2025-03-06,IBIT,51.154998779296875,50.63999938964844,0.0,0.0
2025-03-07,IBIT,50.66999816894531,49.43000030517578,0.0,0.0
2025-03-10,IBIT,46.9900016784668,44.90999984741211,0.0,0.0
2025-03-11,IBIT,46.29999923706055,47.2400016784668,0.0,0.0
2025-03-12,IBIT,47.380001068115234,47.150001525878906,0.0,0.0
2025-03-13,IBIT,47.130001068115234,45.52000045776367,0.0,0.0
2025-03-14,IBIT,47.3849983215332,48.13999938964844,0.0,0.0
2025-03-17,IBIT,47.15999984741211,48.060001373291016,0.0,0.0
2025-03-18,IBIT,46.82500076293945,46.810001373291016,0.0,0.0
2025-03-19,IBIT,47.7400016784668,48.61000061035156,0.0,0.0
2025-03-20,IBIT,48.38999938964844,47.849998474121094,0.0,0.0
2025-03-21,IBIT,47.560001373291016,47.70000076293945,0.0,0.0
2025-03-24,IBIT,49.63999938964844,50.18000030517578,0.0,0.0
2025-03-25,IBIT,49.86000061035156,50.13999938964844,0.0,0.0
2025-03-26,IBIT,49.75,49.18000030517578,0.0,0.0
2025-03-27,IBIT,49.08000183105469,49.439998626708984,0.0,0.0
2025-03-28,IBIT,48.470001220703125,47.560001373291016,0.0,0.0
2025-03-31,IBIT,46.880001068115234,46.810001373291016,0.0,0.0
2025-04-01,IBIT,47.529998779296875,48.29999923706055,0.0,0.0
2025-04-02,IBIT,48.130001068115234,49.40999984741211,0.0,0.0
2025-04-03,IBIT,46.59000015258789,46.56999969482422,0.0,0.0
2025-04-04,IBIT,46.939998626708984,47.709999084472656,0.0,0.0
2025-04-07,IBIT,43.68000030517578,44.27000045776367,0.0,0.0
2025-04-08,IBIT,45.540000915527344,43.59000015258789,0.0,0.0
2025-04-09,IBIT,43.58000183105469,46.83000183105469,0.0,0.0
2025-04-10,IBIT,46.40999984741211,45.16999816894531,0.0,0.0
2025-04-11,IBIT,46.630001068115234,47.66999816894531,0.0,0.0
2025-04-14,IBIT,48.290000915527344,48.279998779296875,0.0,0.0
2025-04-15,IBIT,48.79999923706055,47.7400016784668,0.0,0.0
2025-04-16,IBIT,47.59000015258789,47.959999084472656,0.0,0.0
2025-04-17,IBIT,48.150001525878906,48.2599983215332,0.0,0.0
2025-04-21,IBIT,49.630001068115234,49.720001220703125,0.0,0.0
2025-04-22,IBIT,51.0,52.08000183105469,0.0,0.0
2025-04-23,IBIT,53.459999084472656,53.20000076293945,0.0,0.0
2025-04-24,IBIT,52.75,53.2599983215332,0.0,0.0
2025-04-25,IBIT,53.619998931884766,54.27000045776367,0.0,0.0
2025-04-28,IBIT,54.09000015258789,53.880001068115234,0.0,0.0
2025-04-29,IBIT,53.95000076293945,54.220001220703125,0.0,0.0
2025-04-30,IBIT,53.75,53.5099983215332,0.0,0.0
2025-05-01,IBIT,54.9900016784668,54.95000076293945,0.0,0.0
2025-05-02,IBIT,55.15999984741211,55.189998626708984,0.0,0.0
2025-05-05,IBIT,53.52000045776367,53.630001068115234,0.0,0.0
2025-05-06,IBIT,53.244998931884766,53.970001220703125,0.0,0.0
2025-05-07,IBIT,54.9900016784668,54.68000030517578,0.0,0.0
2025-05-08,IBIT,56.540000915527344,57.619998931884766,0.0,0.0
2025-05-09,IBIT,58.560001373291016,58.65999984741211,0.0,0.0
2025-05-12,IBIT,59.18000030517578,57.880001068115234,0.0,0.0
2025-05-13,IBIT,58.97999954223633,59.619998931884766,0.0,0.0
2025-05-14,IBIT,59.18000030517578,58.7400016784668,0.0,0.0
2025-05-15,IBIT,58.279998779296875,58.66999816894531,0.0,0.0
2025-05-16,IBIT,58.880001068115234,59.20000076293945,0.0,0.0
2025-05-19,IBIT,58.290000915527344,59.9900016784668,0.0,0.0
2025-05-20,IBIT,59.48500061035156,60.90999984741211,0.0,0.0
2025-05-21,IBIT,60.540000915527344,61.790000915527344,0.0,0.0
2025-05-22,IBIT,63.349998474121094,63.22999954223633,0.0,0.0
2025-05-23,IBIT,61.810001373291016,61.83000183105469,0.0,0.0
2025-05-27,IBIT,62.84000015258789,62.5,0.0,0.0
2025-05-28,IBIT,61.84000015258789,60.790000915527344,0.0,0.0
2025-05-29,IBIT,61.58000183105469,59.9900016784668,0.0,0.0
2025-05-30,IBIT,60.04499816894531,59.459999084472656,0.0,0.0
2025-06-02,IBIT,59.06999969482422,59.36000061035156,0.0,0.0
2025-06-03,IBIT,59.97999954223633,60.400001525878906,0.0,0.0
2025-06-04,IBIT,59.65999984741211,59.63999938964844,0.0,0.0
2025-06-05,IBIT,60.150001525878906,57.869998931884766,0.0,0.0
2025-06-06,IBIT,59.09000015258789,59.2599983215332,0.0,0.0
2025-06-09,IBIT,61.130001068115234,61.77000045776367,0.0,0.0
2025-06-10,IBIT,62.36000061035156,62.290000915527344,0.0,0.0
2025-06-11,IBIT,62.400001525878906,61.84000015258789,0.0,0.0
2025-06-12,IBIT,60.70000076293945,60.70000076293945,0.0,0.0
2025-06-13,IBIT,59.619998931884766,59.7400016784668,0.0,0.0
2025-06-16,IBIT,60.599998474121094,61.79999923706055,0.0,0.0
2025-06-17,IBIT,60.02000045776367,59.5,0.0,0.0
2025-06-18,IBIT,59.064998626708984,58.970001220703125,0.0,0.0
2025-06-20,IBIT,60.27000045776367,58.66999816894531,0.0,0.0
2025-06-23,IBIT,57.47999954223633,58.66999816894531,0.0,0.0
2025-06-24,IBIT,59.77000045776367,60.060001373291016,0.0,0.0
2025-06-25,IBIT,61.33000183105469,61.275001525878906,0.0,0.0
2025-06-26,IBIT,60.93000030517578,61.13999938964844,0.0,0.0
2025-06-27,IBIT,60.685001373291016,60.720001220703125,0.0,0.0
2025-06-30,IBIT,61.27000045776367,61.209999084472656,0.0,0.0
2025-07-01,IBIT,60.58000183105469,59.84000015258789,0.0,0.0
2025-07-02,IBIT,61.119998931884766,62.41999816894531,0.0,0.0
2025-07-03,IBIT,62.209999084472656,62.189998626708984,0.0,0.0
2025-07-07,IBIT,61.630001068115234,61.400001525878906,0.0,0.0
2025-07-08,IBIT,61.900001525878906,61.81999969482422,0.0,0.0
2025-07-09,IBIT,62.290000915527344,63.58000183105469,0.0,0.0
2025-07-10,IBIT,63.13999938964844,64.5,0.0,0.0
2025-07-11,IBIT,66.87999725341797,67.20999908447266,0.0,0.0
2025-07-14,IBIT,69.16999816894531,68.18000030517578,0.0,0.0
2025-07-15,IBIT,66.93000030517578,66.16000366210938,0.0,0.0
2025-07-16,IBIT,67.55000305175781,67.83000183105469,0.0,0.0
2025-07-17,IBIT,67.03500366210938,67.6500015258789,0.0,0.0
2025-07-18,IBIT,67.54000091552734,66.68000030517578,0.0,0.0
2025-07-21,IBIT,67.20999908447266,66.33000183105469,0.0,0.0
2025-07-22,IBIT,67.7699966430664,67.81999969482422,0.0,0.0
2025-07-23,IBIT,67.11000061035156,67.29000091552734,0.0,0.0
2025-07-24,IBIT,67.5,67.66000366210938,0.0,0.0
2025-07-25,IBIT,66.08999633789062,66.36000061035156,0.0,0.0
2025-07-28,IBIT,67.40499877929688,67.0999984741211,0.0,0.0
2025-07-29,IBIT,67.61000061035156,66.70999908447266,0.0,0.0
2025-07-30,IBIT,66.77999877929688,66.37000274658203,0.0,0.0
2025-07-31,IBIT,67.12000274658203,66.31999969482422,0.0,0.0
2025-08-01,IBIT,65.6500015258789,64.22000122070312,0.0,0.0
2025-08-04,IBIT,64.79199981689453,65.19999694824219,0.0,0.0
2025-08-05,IBIT,64.86000061035156,64.55000305175781,0.0,0.0
2025-08-06,IBIT,64.70999908447266,65.51000213623047,0.0,0.0
2025-08-07,IBIT,66.19000244140625,66.83000183105469,0.0,0.0
2025-08-08,IBIT,66.37999725341797,66.12999725341797,0.0,0.0
2025-08-11,IBIT,67.87999725341797,67.63999938964844,0.0,0.0
2025-08-12,IBIT,67.7300033569336,67.94999694824219,0.0,0.0
2025-08-13,IBIT,68.55000305175781,69.83999633789062,0.0,0.0
2025-08-14,IBIT,67.20999908447266,67.02999877929688,0.0,0.0
2025-08-15,IBIT,67.30999755859375,66.44000244140625,0.0,0.0
2025-08-18,IBIT,65.72000122070312,66.05000305175781,0.0,0.0
2025-08-19,IBIT,65.73999786376953,64.19000244140625,0.0,0.0
2025-08-20,IBIT,64.36499786376953,64.9000015258789,0.0,0.0
2025-08-21,IBIT,64.3499984741211,63.689998626708984,0.0,0.0
2025-08-22,IBIT,63.79999923706055,66.25,0.0,0.0
2025-08-25,IBIT,63.45000076293945,62.880001068115234,0.0,0.0
2025-08-26,IBIT,62.40999984741211,63.099998474121094,0.0,0.0
2025-08-27,IBIT,63.244998931884766,63.650001525878906,0.0,0.0
2025-08-28,IBIT,64.21499633789062,63.58000183105469,0.0,0.0
2025-08-29,IBIT,62.779998779296875,61.439998626708984,0.0,0.0
2025-09-02,IBIT,62.1349983215332,62.970001220703125,0.0,0.0
2025-09-03,IBIT,63.2599983215332,63.77000045776367,0.0,0.0
2025-09-04,IBIT,62.93000030517578,62.349998474121094,0.0,0.0
2025-09-05,IBIT,64.12000274658203,63.41999816894531,0.0,0.0
2025-09-08,IBIT,63.7599983215332,63.70000076293945,0.0,0.0
2025-09-09,IBIT,64.0999984741211,63.220001220703125,0.0,0.0
2025-09-10,IBIT,64.5999984741211,64.52999877929688,0.0,0.0
2025-09-11,IBIT,64.625,65.02999877929688,0.0,0.0
2025-09-12,IBIT,65.31999969482422,66.37999725341797,0.0,0.0
2025-09-15,IBIT,65.36000061035156,65.5,0.0,0.0
2025-09-16,IBIT,65.56999969482422,66.37000274658203,0.0,0.0
2025-09-17,IBIT,66.02999877929688,65.66999816894531,0.0,0.0
2025-09-18,IBIT,66.7300033569336,66.75,0.0,0.0
2025-09-19,IBIT,66.01000213623047,65.37000274658203,0.0,0.0
2025-09-22,IBIT,64.17500305175781,63.650001525878906,0.0,0.0
2025-09-23,IBIT,64.16000366210938,63.40999984741211,0.0,0.0
2025-09-24,IBIT,64.19999694824219,64.41999816894531,0.0,0.0
2025-09-25,IBIT,63.380001068115234,62.099998474121094,0.0,0.0
2025-09-26,IBIT,62.0099983215332,61.939998626708984,0.0,0.0
2025-09-29,IBIT,63.720001220703125,64.97000122070312,0.0,0.0
2025-09-30,IBIT,64.4000015258789,65.0,0.0,0.0
2025-10-01,IBIT,66.30000305175781,66.73999786376953,0.0,0.0
2025-10-02,IBIT,67.76000213623047,68.7699966430664,0.0,0.0
2025-10-03,IBIT,68.6050033569336,69.80999755859375,0.0,0.0
2025-10-06,IBIT,71.01000213623047,71.29000091552734,0.0,0.0
2025-10-07,IBIT,70.97000122070312,69.12999725341797,0.0,0.0
2025-10-08,IBIT,69.58000183105469,70.05999755859375,0.0,0.0
2025-10-09,IBIT,70.1500015258789,68.73999786376953,0.0,0.0
2025-10-10,IBIT,69.31999969482422,66.19999694824219,0.0,0.0
2025-10-13,IBIT,64.95999908447266,65.80999755859375,0.0,0.0
2025-10-14,IBIT,62.90999984741211,63.90999984741211,0.0,0.0
2025-10-15,IBIT,63.290000915527344,63.16999816894531,0.0,0.0
2025-10-16,IBIT,63.095001220703125,61.43000030517578,0.0,0.0
2025-10-17,IBIT,59.88999938964844,60.470001220703125,0.0,0.0
2025-10-20,IBIT,62.880001068115234,62.93000030517578,0.0,0.0
2025-10-21,IBIT,61.72999954223633,63.4900016784668,0.0,0.0
2025-10-22,IBIT,61.41999816894531,61.209999084472656,0.0,0.0
2025-10-23,IBIT,61.959999084472656,62.560001373291016,0.0,0.0
2025-10-24,IBIT,63.16999816894531,62.83000183105469,0.0,0.0
2025-10-27,IBIT,65.375,65.27999877929688,0.0,0.0
2025-10-28,IBIT,65.3499984741211,64.48999786376953,0.0,0.0
2025-10-29,IBIT,64.48500061035156,62.75,0.0,0.0
2025-10-30,IBIT,61.529998779296875,60.400001525878906,0.0,0.0
2025-10-31,IBIT,62.349998474121094,62.29999923706055,0.0,0.0
2025-11-03,IBIT,61.01499938964844,60.529998779296875,0.0,0.0
2025-11-04,IBIT,58.880001068115234,57.18000030517578,0.0,0.0
2025-11-05,IBIT,58.255001068115234,58.91999816894531,0.0,0.0
2025-11-06,IBIT,58.400001525878906,57.2599983215332,0.0,0.0
2025-11-07,IBIT,56.880001068115234,58.880001068115234,0.0,0.0
2025-11-10,IBIT,60.29899978637695,60.189998626708984,0.0,0.0
2025-11-11,IBIT,59.33000183105469,58.349998474121094,0.0,0.0
2025-11-12,IBIT,59.470001220703125,57.59000015258789,0.0,0.0
2025-11-13,IBIT,58.119998931884766,55.59000015258789,0.0,0.0
2025-11-14,IBIT,54.09000015258789,53.474998474121094,0.0,0.0
2025-11-17,IBIT,53.3849983215332,52.099998474121094,0.0,0.0
2025-11-18,IBIT,52.025001525878906,52.65999984741211,0.0,0.0
2025-11-19,IBIT,51.70500183105469,50.72999954223633,0.0,0.0
2025-11-20,IBIT,51.86000061035156,48.959999084472656,0.0,0.0
2025-11-21,IBIT,47.4900016784668,47.970001220703125,0.0,0.0
2025-11-24,IBIT,48.724998474121094,50.56999969482422,0.0,0.0
2025-11-25,IBIT,49.474998474121094,49.560001373291016,0.0,0.0
2025-11-26,IBIT,49.52000045776367,51.029998779296875,0.0,0.0
2025-11-28,IBIT,52.79999923706055,51.54999923706055,0.0,0.0
2025-12-01,IBIT,48.939998626708984,48.5,0.0,0.0
2025-12-02,IBIT,50.33000183105469,51.66999816894531,0.0,0.0
2025-12-03,IBIT,52.54999923706055,52.7400016784668,0.0,0.0
2025-12-04,IBIT,52.665000915527344,52.5099983215332,0.0,0.0
2025-12-05,IBIT,51.349998474121094,50.689998626708984,0.0,0.0
2025-12-08,IBIT,51.834999084472656,51.52000045776367,0.0,0.0
2025-12-09,IBIT,51.22999954223633,52.849998474121094,0.0,0.0
2025-12-10,IBIT,52.189998626708984,52.4900016784668,0.0,0.0
2025-12-11,IBIT,51.15999984741211,52.099998474121094,0.0,0.0
2025-12-12,IBIT,52.30500030517578,51.20000076293945,0.0,0.0
2025-12-15,IBIT,50.720001220703125,48.65999984741211,0.0,0.0
2025-12-16,IBIT,49.310001373291016,49.709999084472656,0.0,0.0
2025-12-17,IBIT,49.77000045776367,48.709999084472656,0.0,0.0
2025-12-18,IBIT,50.20000076293945,47.959999084472656,0.0,0.0
2025-12-19,IBIT,49.91999816894531,49.90999984741211,0.0,0.0
2025-12-22,IBIT,51.0099983215332,50.09000015258789,0.0,0.0
2025-12-23,IBIT,49.68000030517578,49.650001525878906,0.0,0.0
2025-12-24,IBIT,49.459999084472656,49.459999084472656,0.0,0.0
2025-12-26,IBIT,50.44499969482422,49.61000061035156,0.0,0.0
2025-12-29,IBIT,49.630001068115234,49.380001068115234,0.0,0.0
2025-12-30,IBIT,49.95000076293945,49.83000183105469,0.0,0.0
2025-12-31,IBIT,50.43000030517578,49.650001525878906,0.0,0.0
2026-01-02,IBIT,50.380001068115234,50.939998626708984,0.0,0.0
2026-01-05,IBIT,52.61000061035156,53.459999084472656,0.0,0.0
2026-01-06,IBIT,53.540000915527344,52.45000076293945,0.0,0.0
2026-01-07,IBIT,51.86000061035156,51.540000915527344,0.0,0.0
2026-01-08,IBIT,50.7599983215332,51.52000045776367,0.0,0.0
2026-01-09,IBIT,51.345001220703125,51.15999984741211,0.0,0.0
2026-01-12,IBIT,51.13999938964844,51.869998931884766,0.0,0.0
2026-01-13,IBIT,52.38999938964844,53.56999969482422,0.0,0.0
2026-01-14,IBIT,54.2599983215332,55.439998626708984,0.0,0.0
2026-01-15,IBIT,54.90999984741211,54.0,0.0,0.0
2026-01-16,IBIT,54.29999923706055,54.2400016784668,0.0,0.0
2026-01-20,IBIT,51.540000915527344,50.7599983215332,0.0,0.0
2026-01-21,IBIT,50.755001068115234,51.11000061035156,0.0,0.0
2026-01-22,IBIT,50.7599983215332,50.66999816894531,0.0,0.0
2026-01-23,IBIT,50.810001373291016,50.70000076293945,0.0,0.0
2026-01-26,IBIT,49.685001373291016,49.650001525878906,0.0,0.0
2026-01-27,IBIT,49.9900016784668,50.630001068115234,0.0,0.0
2026-01-28,IBIT,50.9900016784668,50.5099983215332,0.0,0.0
2026-01-29,IBIT,49.70000076293945,47.599998474121094,0.0,0.0
2026-01-30,IBIT,46.96500015258789,47.4900016784668,0.0,0.0
2026-02-02,IBIT,44.25,44.220001220703125,0.0,0.0
2026-02-03,IBIT,44.45500183105469,43.29999923706055,0.0,0.0
2026-02-04,IBIT,42.6349983215332,41.56999969482422,0.0,0.0
2026-02-05,IBIT,39.70000076293945,36.099998474121094,0.0,0.0
2026-02-06,IBIT,38.04999923706055,39.68000030517578,0.0,0.0
2026-02-09,IBIT,39.119998931884766,40.11000061035156,0.0,0.0
2026-02-10,IBIT,39.224998474121094,38.970001220703125,0.0,0.0
2026-02-11,IBIT,38.560001373291016,38.290000915527344,0.0,0.0
2026-02-12,IBIT,38.52000045776367,37.04999923706055,0.0,0.0
2026-02-13,IBIT,38.15999984741211,38.970001220703125,0.0,0.0
2026-02-17,IBIT,38.54499816894531,38.38999938964844,0.0,0.0
2026-02-18,IBIT,38.0,37.540000915527344,0.0,0.0
2026-02-19,IBIT,37.3849983215332,38.06999969482422,0.0,0.0
2026-02-20,IBIT,37.9900016784668,38.41999816894531,0.0,0.0
2026-02-23,IBIT,37.46500015258789,36.54999923706055,0.0,0.0
2026-02-24,IBIT,35.720001220703125,36.529998779296875,0.0,0.0
2026-02-25,IBIT,37.75,39.22999954223633,0.0,0.0
2026-02-26,IBIT,38.619998931884766,38.2599983215332,0.0,0.0
2026-02-27,IBIT,37.5,37.189998626708984,0.0,0.0
2026-03-02,IBIT,37.189998626708984,39.19499969482422,0.0,0.0
2026-03-03,IBIT,38.029998779296875,38.70000076293945,0.0,0.0
2026-03-04,IBIT,40.70000076293945,41.439998626708984,0.0,0.0
2026-03-05,IBIT,41.13999938964844,40.38999938964844,0.0,0.0
2026-03-06,IBIT,39.11000061035156,38.599998474121094,0.0,0.0
2026-03-09,IBIT,38.9900016784668,39.130001068115234,0.0,0.0
2026-03-10,IBIT,40.185001373291016,39.709999084472656,0.0,0.0
2026-03-11,IBIT,39.83000183105469,40.06999969482422,0.0,0.0
2026-03-12,IBIT,39.7599983215332,39.95000076293945,0.0,0.0
2026-03-13,IBIT,41.43000030517578,40.369998931884766,0.0,0.0
2026-03-16,IBIT,41.91999816894531,41.939998626708984,0.0,0.0
2026-03-17,IBIT,41.79499816894531,42.27000045776367,0.0,0.0
2026-03-18,IBIT,41.09000015258789,40.2599983215332,0.0,0.0
2026-03-19,IBIT,39.290000915527344,39.81999969482422,0.0,0.0
2026-03-20,IBIT,39.974998474121094,39.77000045776367,0.0,0.0
2026-03-23,IBIT,40.1349983215332,40.04999923706055,0.0,0.0
2026-03-24,IBIT,40.0,39.279998779296875,0.0,0.0
2026-03-25,IBIT,40.599998474121094,40.16999816894531,0.0,0.0
2026-03-26,IBIT,39.30500030517578,38.81999969482422,0.0,0.0
2026-03-27,IBIT,37.79499816894531,37.400001525878906,0.0,0.0
2026-03-30,IBIT,38.45000076293945,37.68000030517578,0.0,0.0
2026-03-31,IBIT,37.81999969482422,38.41999816894531,0.0,0.0
2026-04-01,IBIT,38.849998474121094,38.63999938964844,0.0,0.0
2026-04-02,IBIT,37.4900016784668,37.970001220703125,0.0,0.0
2026-04-06,IBIT,39.3849983215332,39.52000045776367,0.0,0.0
2026-04-07,IBIT,38.80500030517578,39.099998474121094,0.0,0.0
2026-04-08,IBIT,41.08000183105469,40.41999816894531,0.0,0.0
2026-04-09,IBIT,40.31999969482422,40.90999984741211,0.0,0.0
2026-04-10,IBIT,41.0,41.560001373291016,0.0,0.0
2026-04-13,IBIT,40.349998474121094,41.59000015258789,0.0,0.0
2026-04-14,IBIT,42.25,42.130001068115234,0.0,0.0
2026-04-15,IBIT,42.189998626708984,42.560001373291016,0.0,0.0
2026-04-16,IBIT,42.494998931884766,42.72999954223633,0.0,0.0
2026-04-17,IBIT,43.45000076293945,43.939998626708984,0.0,0.0
2026-04-20,IBIT,42.650001525878906,43.25,0.0,0.0
2026-04-21,IBIT,43.11000061035156,42.5099983215332,0.0,0.0
2026-04-22,IBIT,44.5,44.75,0.0,0.0
2026-04-23,IBIT,43.9900016784668,44.04999923706055,0.0,0.0
2026-04-24,IBIT,44.31999969482422,44.02000045776367,0.0,0.0
2026-04-27,IBIT,44.03499984741211,43.560001373291016,0.0,0.0
2026-04-28,IBIT,43.16999816894531,43.27000045776367,0.0,0.0
2026-04-29,IBIT,43.560001373291016,42.75,0.0,0.0
2026-04-30,IBIT,43.14500045776367,43.31999969482422,0.0,0.0
2026-05-01,IBIT,44.404998779296875,44.470001220703125,0.0,0.0
2026-05-04,IBIT,44.75,45.400001525878906,0.0,0.0
2026-05-05,IBIT,46.18000030517578,46.279998779296875,0.0,0.0
2026-05-06,IBIT,46.40999984741211,46.189998626708984,0.0,0.0
2026-05-07,IBIT,45.869998931884766,45.400001525878906,0.0,0.0
2026-05-08,IBIT,45.084999084472656,45.45000076293945,0.0,0.0
2026-05-11,IBIT,45.959999084472656,46.470001220703125,0.0,0.0
2026-05-12,IBIT,45.68000030517578,45.79999923706055,0.0,0.0
2026-05-13,IBIT,45.38999938964844,45.119998931884766,0.0,0.0
2026-05-14,IBIT,45.275001525878906,46.16999816894531,0.0,0.0
2026-05-15,IBIT,45.31999969482422,44.81999969482422,0.0,0.0
2026-05-18,IBIT,43.7400016784668,43.529998779296875,0.0,0.0
2026-05-19,IBIT,43.34000015258789,43.5,0.0,0.0
2026-05-20,IBIT,43.75,43.9900016784668,0.0,0.0
2026-05-21,IBIT,43.75,44.0,0.0,0.0
2026-05-22,IBIT,43.744998931884766,42.959999084472656,0.0,0.0
2026-05-26,IBIT,43.45000076293945,42.9900016784668,0.0,0.0
2026-05-27,IBIT,42.5099983215332,42.45000076293945,0.0,0.0
2026-05-28,IBIT,41.369998931884766,41.560001373291016,0.0,0.0
2026-05-29,IBIT,41.33000183105469,41.630001068115234,0.0,0.0
2026-06-01,IBIT,40.6150016784668,40.4900016784668,0.0,0.0
2026-06-02,IBIT,39.02000045776367,38.04999923706055,0.0,0.0
2026-06-03,IBIT,37.790000915527344,37.0,0.0,0.0
2026-06-04,IBIT,35.779998779296875,36.02000045776367,0.0,0.0
2026-06-05,IBIT,35.15999984741211,34.13999938964844,0.0,0.0
2026-06-08,IBIT,35.9900016784668,35.88999938964844,0.0,0.0
2026-06-09,IBIT,35.290000915527344,35.13999938964844,0.0,0.0
2026-06-10,IBIT,34.83000183105469,35.08000183105469,0.0,0.0
2026-06-11,IBIT,35.540000915527344,36.04999923706055,0.0,0.0
2026-06-12,IBIT,35.880001068115234,36.040000915527344,0.0,0.0
2026-06-15,IBIT,37.84000015258789,37.7400016784668,0.0,0.0
2026-06-16,IBIT,37.36000061035156,37.16999816894531,0.0,0.0
2026-06-17,IBIT,36.7400016784668,36.36000061035156,0.0,0.0
2026-06-18,IBIT,36.41999816894531,35.619998931884766,0.0,0.0
2026-06-22,IBIT,36.775001525878906,36.5,0.0,0.0
2026-06-23,IBIT,35.11000061035156,35.310001373291016,0.0,0.0
2026-06-24,IBIT,34.970001220703125,33.869998931884766,0.0,0.0
2026-06-25,IBIT,34.599998474121094,33.52000045776367,0.0,0.0
2026-06-26,IBIT,33.279998779296875,33.849998474121094,0.0,0.0
2026-06-29,IBIT,33.89500045776367,34.18000030517578,0.0,0.0
2026-06-30,IBIT,33.07500076293945,33.290000915527344,0.0,0.0
2026-07-01,IBIT,33.279998779296875,34.0,0.0,0.0
2026-07-02,IBIT,34.90999984741211,34.869998931884766,0.0,0.0
2026-07-06,IBIT,34.7599983215332,36.119998931884766,0.0,0.0
2026-07-07,IBIT,35.709999084472656,36.150001525878906,0.0,0.0
2026-07-08,IBIT,34.9900016784668,35.22999954223633,0.0,0.0
2026-07-09,IBIT,35.4900016784668,35.810001373291016,0.0,0.0
2026-07-10,IBIT,36.32500076293945,36.22999954223633,0.0,0.0
2026-07-13,IBIT,35.369998931884766,35.220001220703125,0.0,0.0
2026-07-14,IBIT,36.189998626708984,36.58000183105469,0.0,0.0
2026-07-15,IBIT,36.96500015258789,36.810001373291016,0.0,0.0
2026-07-16,IBIT,36.369998931884766,36.38999938964844,0.0,0.0
2026-07-17,IBIT,35.58000183105469,36.349998474121094,0.0,0.0
2026-07-20,IBIT,36.529998779296875,36.88999938964844,0.0,0.0
2026-07-21,IBIT,37.61000061035156,37.66999816894531,0.0,0.0
2026-07-22,IBIT,37.150001525878906,37.34000015258789,0.0,0.0
2026-07-23,IBIT,36.79499816894531,36.650001525878906,0.0,0.0
2026-07-24,IBIT,36.43000030517578,36.349998474121094,0.0,0.0
2026-07-27,IBIT,36.7400016784668,36.77000045776367,0.0,0.0
2026-07-28,IBIT,35.810001373291016,36.13999938964844,0.0,0.0
2026-07-29,IBIT,36.310001373291016,36.0,0.0,0.0
2026-07-30,IBIT,36.665000915527344,36.70000076293945,0.0,0.0
2026-07-31,IBIT,36.11000061035156,35.63999938964844,0.0,0.0
2026-08-03,IBIT,35.4900016784668,36.15999984741211,0.0,0.0
2026-08-04,IBIT,36.13999938964844,36.38999938964844,0.0,0.0
2026-08-05,IBIT,36.29999923706055,36.7400016784668,0.0,0.0
2026-08-06,IBIT,36.34000015258789,36.4900016784668,0.0,0.0
2026-08-07,IBIT,36.88999938964844,36.79999923706055,0.0,0.0
2026-08-10,IBIT,36.7400016784668,36.22999954223633,0.0,0.0
2026-08-11,IBIT,36.31999969482422,35.939998626708984,0.0,0.0
2026-08-12,IBIT,36.17499923706055,35.88999938964844,0.0,0.0
2026-08-13,IBIT,35.970001220703125,35.880001068115234,0.0,0.0
2026-08-14,IBIT,35.5099983215332,35.630001068115234,0.0,0.0
2026-08-17,IBIT,35.904998779296875,36.41999816894531,0.0,0.0
2026-08-18,IBIT,36.255001068115234,36.599998474121094,0.0,0.0
2026-08-19,IBIT,36.810001373291016,38.779998779296875,0.0,0.0
2026-08-20,IBIT,40.72999954223633,41.20000076293945,0.0,0.0
2026-08-21,IBIT,43.66999816894531,43.68000030517578,0.0,0.0
2026-08-24,IBIT,44.73500061035156,44.63999938964844,0.0,0.0
2026-08-25,IBIT,44.540000915527344,44.720001220703125,0.0,0.0
2026-08-26,IBIT,44.20000076293945,44.459999084472656,0.0,0.0
2026-08-27,IBIT,44.91999816894531,45.290000915527344,0.0,0.0
2026-08-28,IBIT,44.869998931884766,43.900001525878906,0.0,0.0
2024-08-29,LLY,955.0,940.2000122070312,0.0,0.0
2024-08-30,LLY,945.0,960.02001953125,0.0,0.0
2024-09-03,LLY,957.77001953125,956.530029296875,0.0,0.0
2024-09-04,LLY,949.75,946.3099975585938,0.0,0.0
2024-09-05,LLY,941.1599731445312,912.75,0.0,0.0
2024-09-06,LLY,917.760009765625,902.7100219726562,0.0,0.0
2024-09-09,LLY,912.5700073242188,908.27001953125,0.0,0.0
2024-09-10,LLY,914.1099853515625,901.25,0.0,0.0
2024-09-11,LLY,902.1500244140625,920.8900146484375,0.0,0.0
2024-09-12,LLY,924.3099975585938,935.02001953125,0.0,0.0
2024-09-13,LLY,937.010009765625,923.7100219726562,0.0,0.0
2024-09-16,LLY,931.1300048828125,923.5399780273438,0.0,0.0
2024-09-17,LLY,921.5,906.1799926757812,0.0,0.0
2024-09-18,LLY,906.3099975585938,904.969970703125,0.0,0.0
2024-09-19,LLY,912.8499755859375,915.0399780273438,0.0,0.0
2024-09-20,LLY,921.989990234375,921.489990234375,0.0,0.0
2024-09-23,LLY,921.0,918.52001953125,0.0,0.0
2024-09-24,LLY,922.1199951171875,924.4299926757812,0.0,0.0
2024-09-25,LLY,931.7899780273438,924.5599975585938,0.0,0.0
2024-09-26,LLY,920.260009765625,909.3200073242188,0.0,0.0
2024-09-27,LLY,893.6199951171875,877.7899780273438,0.0,0.0
2024-09-30,LLY,864.52001953125,885.9400024414062,0.0,0.0
2024-10-01,LLY,888.8300170898438,884.47998046875,0.0,0.0
2024-10-02,LLY,880.0,891.0700073242188,0.0,0.0
2024-10-03,LLY,889.5399780273438,885.5499877929688,0.0,0.0
2024-10-04,LLY,885.9099731445312,887.1599731445312,0.0,0.0
2024-10-07,LLY,890.510009765625,898.4000244140625,0.0,0.0
2024-10-08,LLY,903.0,913.719970703125,0.0,0.0
2024-10-09,LLY,916.2899780273438,919.739990234375,0.0,0.0
2024-10-10,LLY,920.0,910.6900024414062,0.0,0.0
2024-10-11,LLY,916.0399780273438,932.0599975585938,0.0,0.0
2024-10-14,LLY,936.0,929.510009765625,0.0,0.0
2024-10-15,LLY,924.4400024414062,913.3200073242188,0.0,0.0
2024-10-16,LLY,910.030029296875,916.4199829101562,0.0,0.0
2024-10-17,LLY,921.0,917.1199951171875,0.0,0.0
2024-10-18,LLY,917.1799926757812,917.969970703125,0.0,0.0
2024-10-21,LLY,917.97998046875,906.1300048828125,0.0,0.0
2024-10-22,LLY,901.6799926757812,909.1500244140625,0.0,0.0
2024-10-23,LLY,905.6199951171875,903.25,0.0,0.0
2024-10-24,LLY,898.3300170898438,891.3200073242188,0.0,0.0
2024-10-25,LLY,899.72998046875,892.7000122070312,0.0,0.0
2024-10-28,LLY,894.8699951171875,895.5900268554688,0.0,0.0
2024-10-29,LLY,898.2100219726562,903.5800170898438,0.0,0.0
2024-10-30,LLY,798.5,846.8300170898438,0.0,0.0
2024-10-31,LLY,836.510009765625,829.739990234375,0.0,0.0
2024-11-01,LLY,828.0,818.9299926757812,0.0,0.0
2024-11-04,LLY,805.0,806.1400146484375,0.0,0.0
2024-11-05,LLY,803.8300170898438,806.0599975585938,0.0,0.0
2024-11-06,LLY,817.3300170898438,776.3800048828125,0.0,0.0
2024-11-07,LLY,784.6500244140625,797.4500122070312,0.0,0.0
2024-11-08,LLY,803.5,831.5399780273438,0.0,0.0
2024-11-11,LLY,831.2999877929688,832.4400024414062,0.0,0.0
2024-11-12,LLY,830.2000122070312,818.8599853515625,0.0,0.0
2024-11-13,LLY,820.3200073242188,811.8099975585938,0.0,0.0
2024-11-14,LLY,809.1900024414062,786.22998046875,0.0,0.0
2024-11-15,LLY,775.1900024414062,746.2000122070312,1.3,0.0
2024-11-18,LLY,733.1900024414062,727.2000122070312,0.0,0.0
2024-11-19,LLY,716.3099975585938,729.72998046875,0.0,0.0
2024-11-20,LLY,735.7899780273438,753.4099731445312,0.0,0.0
2024-11-21,LLY,746.1199951171875,749.9199829101562,0.0,0.0
2024-11-22,LLY,757.0499877929688,748.010009765625,0.0,0.0
2024-11-25,LLY,750.0,755.0,0.0,0.0
2024-11-26,LLY,785.2000122070312,789.3200073242188,0.0,0.0
2024-11-27,LLY,788.1199951171875,788.1900024414062,0.0,0.0
2024-11-29,LLY,791.3300170898438,795.3499755859375,0.0,0.0
2024-12-02,LLY,798.1099853515625,799.7999877929688,0.0,0.0
2024-12-03,LLY,802.9299926757812,813.3300170898438,0.0,0.0
2024-12-04,LLY,828.0999755859375,829.8400268554688,0.0,0.0
2024-12-05,LLY,827.780029296875,825.6199951171875,0.0,0.0
2024-12-06,LLY,827.6799926757812,826.7100219726562,0.0,0.0
2024-12-09,LLY,823.7000122070312,803.5800170898438,0.0,0.0
2024-12-10,LLY,809.27001953125,799.5800170898438,0.0,0.0
2024-12-11,LLY,795.25,796.030029296875,0.0,0.0
2024-12-12,LLY,796.72998046875,782.3499755859375,0.0,0.0
2024-12-13,LLY,777.1300048828125,789.1199951171875,0.0,0.0
2024-12-16,LLY,792.0,779.0,0.0,0.0
2024-12-17,LLY,777.8599853515625,778.6199951171875,0.0,0.0
2024-12-18,LLY,775.0,764.7100219726562,0.0,0.0
2024-12-19,LLY,765.0999755859375,757.5399780273438,0.0,0.0
2024-12-20,LLY,811.3499755859375,767.760009765625,0.0,0.0
2024-12-23,LLY,785.1699829101562,796.280029296875,0.0,0.0
2024-12-24,LLY,791.3699951171875,795.6699829101562,0.0,0.0
2024-12-26,LLY,794.1199951171875,794.1400146484375,0.0,0.0
2024-12-27,LLY,790.0,783.1699829101562,0.0,0.0
2024-12-30,LLY,777.9199829101562,773.8400268554688,0.0,0.0
2024-12-31,LLY,771.0,772.0,0.0,0.0
2025-01-02,LLY,780.5900268554688,778.0700073242188,0.0,0.0
2025-01-03,LLY,778.1699829101562,781.97998046875,0.0,0.0
2025-01-06,LLY,783.719970703125,765.0999755859375,0.0,0.0
2025-01-07,LLY,764.9000244140625,773.2899780273438,0.0,0.0
2025-01-08,LLY,773.8300170898438,787.219970703125,0.0,0.0
2025-01-10,LLY,791.9299926757812,799.9000244140625,0.0,0.0
2025-01-13,LLY,794.4000244140625,797.47998046875,0.0,0.0
2025-01-14,LLY,784.22998046875,744.9099731445312,0.0,0.0
2025-01-15,LLY,749.0,746.739990234375,0.0,0.0
2025-01-16,LLY,747.5,757.5999755859375,0.0,0.0
2025-01-17,LLY,747.8300170898438,725.719970703125,0.0,0.0
2025-01-21,LLY,731.27001953125,742.3499755859375,0.0,0.0
2025-01-22,LLY,745.5800170898438,753.97998046875,0.0,0.0
2025-01-23,LLY,747.6599731445312,766.5999755859375,0.0,0.0
2025-01-24,LLY,761.9500122070312,785.4099731445312,0.0,0.0
2025-01-27,LLY,778.7100219726562,808.1699829101562,0.0,0.0
2025-01-28,LLY,807.239990234375,804.989990234375,0.0,0.0
2025-01-29,LLY,806.989990234375,804.0800170898438,0.0,0.0
2025-01-30,LLY,808.4099731445312,823.22998046875,0.0,0.0
2025-01-31,LLY,823.0,811.0800170898438,0.0,0.0
2025-02-03,LLY,804.27001953125,810.4299926757812,0.0,0.0
2025-02-04,LLY,811.0499877929688,826.0700073242188,0.0,0.0
2025-02-05,LLY,835.1500244140625,842.1799926757812,0.0,0.0
2025-02-06,LLY,839.52001953125,870.3699951171875,0.0,0.0
2025-02-07,LLY,876.530029296875,878.3099975585938,0.0,0.0
2025-02-10,LLY,877.72998046875,868.8800048828125,0.0,0.0
2025-02-11,LLY,867.030029296875,865.0,0.0,0.0
2025-02-12,LLY,856.9299926757812,872.969970703125,0.0,0.0
2025-02-13,LLY,877.0700073242188,871.8599853515625,0.0,0.0
2025-02-14,LLY,869.0999755859375,844.27001953125,1.5,0.0
2025-02-18,LLY,856.4199829101562,857.2000122070312,0.0,0.0
2025-02-19,LLY,857.1799926757812,867.0499877929688,0.0,0.0
2025-02-20,LLY,866.8400268554688,873.1199951171875,0.0,0.0
2025-02-21,LLY,880.6199951171875,873.6799926757812,0.0,0.0
2025-02-24,LLY,879.2899780273438,881.4000244140625,0.0,0.0
2025-02-25,LLY,890.739990234375,901.7999877929688,0.0,0.0
2025-02-26,LLY,898.3699951171875,915.010009765625,0.0,0.0
2025-02-27,LLY,915.719970703125,905.1599731445312,0.0,0.0
2025-02-28,LLY,901.8400268554688,920.6300048828125,0.0,0.0
2025-03-03,LLY,912.7999877929688,929.719970703125,0.0,0.0
2025-03-04,LLY,922.239990234375,911.0599975585938,0.0,0.0
2025-03-05,LLY,904.7999877929688,929.719970703125,0.0,0.0
2025-03-06,LLY,920.4199829101562,912.760009765625,0.0,0.0
2025-03-07,LLY,905.3900146484375,869.5800170898438,0.0,0.0
2025-03-10,LLY,853.9099731445312,829.760009765625,0.0,0.0
2025-03-11,LLY,827.2000122070312,824.0599975585938,0.0,0.0
2025-03-12,LLY,814.9500122070312,821.8599853515625,0.0,0.0
2025-03-13,LLY,818.239990234375,801.6500244140625,0.0,0.0
2025-03-14,LLY,803.1099853515625,813.47998046875,0.0,0.0
2025-03-17,LLY,816.9500122070312,824.760009765625,0.0,0.0
2025-03-18,LLY,833.4199829101562,822.510009765625,0.0,0.0
2025-03-19,LLY,821.719970703125,837.010009765625,0.0,0.0
2025-03-20,LLY,839.030029296875,842.5700073242188,0.0,0.0
2025-03-21,LLY,837.7999877929688,837.5700073242188,0.0,0.0
2025-03-24,LLY,845.3200073242188,864.9000244140625,0.0,0.0
2025-03-25,LLY,869.5499877929688,852.3499755859375,0.0,0.0
2025-03-26,LLY,845.6900024414062,826.760009765625,0.0,0.0
2025-03-27,LLY,822.8200073242188,821.6699829101562,0.0,0.0
2025-03-28,LLY,820.0,822.510009765625,0.0,0.0
2025-03-31,LLY,808.97998046875,825.9099731445312,0.0,0.0
2025-04-01,LLY,818.5999755859375,805.22998046875,0.0,0.0
2025-04-02,LLY,795.0399780273438,818.219970703125,0.0,0.0
2025-04-03,LLY,810.510009765625,789.0900268554688,0.0,0.0
2025-04-04,LLY,762.1099853515625,738.2100219726562,0.0,0.0
2025-04-07,LLY,697.9299926757812,723.72998046875,0.0,0.0
2025-04-08,LLY,754.97998046875,726.239990234375,0.0,0.0
2025-04-09,LLY,704.4000244140625,753.7100219726562,0.0,0.0
2025-04-10,LLY,738.9000244140625,720.9099731445312,0.0,0.0
2025-04-11,LLY,722.8900146484375,732.4099731445312,0.0,0.0
2025-04-14,LLY,750.4500122070312,754.3499755859375,0.0,0.0
2025-04-15,LLY,755.5700073242188,757.1799926757812,0.0,0.0
2025-04-16,LLY,755.6400146484375,734.9000244140625,0.0,0.0
2025-04-17,LLY,840.7999877929688,839.9600219726562,0.0,0.0
2025-04-21,LLY,841.510009765625,818.02001953125,0.0,0.0
2025-04-22,LLY,821.8800048828125,827.5399780273438,0.0,0.0
2025-04-23,LLY,836.9600219726562,829.4199829101562,0.0,0.0
2025-04-24,LLY,836.0,859.72998046875,0.0,0.0
2025-04-25,LLY,859.6599731445312,884.5399780273438,0.0,0.0
2025-04-28,LLY,870.4400024414062,877.2899780273438,0.0,0.0
2025-04-29,LLY,877.7000122070312,885.2000122070312,0.0,0.0
2025-04-30,LLY,888.2000122070312,898.9500122070312,0.0,0.0
2025-05-01,LLY,844.0,794.0999755859375,0.0,0.0
2025-05-02,LLY,825.1199951171875,823.6199951171875,0.0,0.0
2025-05-05,LLY,817.0,821.4600219726562,0.0,0.0
2025-05-06,LLY,816.8900146484375,775.1199951171875,0.0,0.0
2025-05-07,LLY,780.5,776.719970703125,0.0,0.0
2025-05-08,LLY,765.0,751.4500122070312,0.0,0.0
2025-05-09,LLY,752.010009765625,734.5700073242188,0.0,0.0
2025-05-12,LLY,727.8699951171875,755.5700073242188,0.0,0.0
2025-05-13,LLY,755.5499877929688,746.0599975585938,0.0,0.0
2025-05-14,LLY,749.239990234375,715.5599975585938,0.0,0.0
2025-05-15,LLY,725.7000122070312,733.2899780273438,0.0,0.0
2025-05-16,LLY,740.0,757.3900146484375,1.5,0.0
2025-05-19,LLY,753.0,755.1099853515625,0.0,0.0
2025-05-20,LLY,756.0,747.010009765625,0.0,0.0
2025-05-21,LLY,747.0499877929688,724.9500122070312,0.0,0.0
2025-05-22,LLY,717.0999755859375,715.2000122070312,0.0,0.0
2025-05-23,LLY,710.0,713.7100219726562,0.0,0.0
2025-05-27,LLY,717.030029296875,725.219970703125,0.0,0.0
2025-05-28,LLY,725.219970703125,719.3900146484375,0.0,0.0
2025-05-29,LLY,719.22998046875,722.5700073242188,0.0,0.0
2025-05-30,LLY,725.0,737.6699829101562,0.0,0.0
2025-06-02,LLY,732.5,747.1199951171875,0.0,0.0
2025-06-03,LLY,746.25,750.780029296875,0.0,0.0
2025-06-04,LLY,756.3900146484375,765.8400268554688,0.0,0.0
2025-06-05,LLY,769.5,765.6799926757812,0.0,0.0
2025-06-06,LLY,768.47998046875,769.8800048828125,0.0,0.0
2025-06-09,LLY,771.9500122070312,773.7100219726562,0.0,0.0
2025-06-10,LLY,777.0900268554688,807.1900024414062,0.0,0.0
2025-06-11,LLY,809.6500244140625,808.6099853515625,0.0,0.0
2025-06-12,LLY,810.3300170898438,812.030029296875,0.0,0.0
2025-06-13,LLY,810.3400268554688,819.3599853515625,0.0,0.0
2025-06-16,LLY,821.6799926757812,807.5800170898438,0.0,0.0
2025-06-17,LLY,805.1599731445312,791.239990234375,0.0,0.0
2025-06-18,LLY,789.9500122070312,785.030029296875,0.0,0.0
2025-06-20,LLY,786.0,762.72998046875,0.0,0.0
2025-06-23,LLY,770.530029296875,770.6400146484375,0.0,0.0
2025-06-24,LLY,772.8900146484375,778.0800170898438,0.0,0.0
2025-06-25,LLY,779.0,792.2999877929688,0.0,0.0
2025-06-26,LLY,793.9500122070312,795.1199951171875,0.0,0.0
2025-06-27,LLY,795.7999877929688,775.4500122070312,0.0,0.0
2025-06-30,LLY,778.5399780273438,779.530029296875,0.0,0.0
2025-07-01,LLY,779.530029296875,775.9000244140625,0.0,0.0
2025-07-02,LLY,776.5,779.280029296875,0.0,0.0
2025-07-03,LLY,780.4600219726562,780.6699829101562,0.0,0.0
2025-07-07,LLY,780.6799926757812,772.8699951171875,0.0,0.0
2025-07-08,LLY,774.8499755859375,777.6599731445312,0.0,0.0
2025-07-09,LLY,783.7999877929688,786.9199829101562,0.0,0.0
2025-07-10,LLY,789.6699829101562,790.6500244140625,0.0,0.0
2025-07-11,LLY,786.3499755859375,793.010009765625,0.0,0.0
2025-07-14,LLY,790.0,799.3400268554688,0.0,0.0
2025-07-15,LLY,801.6699829101562,771.75,0.0,0.0
2025-07-16,LLY,773.5,789.7999877929688,0.0,0.0
2025-07-17,LLY,786.7899780273438,761.5,0.0,0.0
2025-07-18,LLY,763.8599853515625,771.7100219726562,0.0,0.0
2025-07-21,LLY,768.1699829101562,762.1799926757812,0.0,0.0
2025-07-22,LLY,763.3400268554688,776.4400024414062,0.0,0.0
2025-07-23,LLY,780.0,798.8900146484375,0.0,0.0
2025-07-24,LLY,801.3599853515625,805.4299926757812,0.0,0.0
2025-07-25,LLY,809.0,812.6900024414062,0.0,0.0
2025-07-28,LLY,812.6500244140625,808.1099853515625,0.0,0.0
2025-07-29,LLY,774.5,762.9500122070312,0.0,0.0
2025-07-30,LLY,774.0,760.0800170898438,0.0,0.0
2025-07-31,LLY,747.2999877929688,740.0700073242188,0.0,0.0
2025-08-01,LLY,746.8200073242188,762.3300170898438,0.0,0.0
2025-08-04,LLY,759.969970703125,769.0,0.0,0.0
2025-08-05,LLY,765.5700073242188,765.9500122070312,0.0,0.0
2025-08-06,LLY,756.5599975585938,746.3699951171875,0.0,0.0
2025-08-07,LLY,675.6599731445312,640.8599853515625,0.0,0.0
2025-08-08,LLY,655.0,625.6500244140625,0.0,0.0
2025-08-11,LLY,629.4199829101562,635.219970703125,0.0,0.0
2025-08-12,LLY,639.5,639.4299926757812,0.0,0.0
2025-08-13,LLY,650.4000244140625,660.489990234375,0.0,0.0
2025-08-14,LLY,662.0,684.4299926757812,0.0,0.0
2025-08-15,LLY,694.2000122070312,701.22998046875,1.5,0.0
2025-08-18,LLY,695.02001953125,698.0499877929688,0.0,0.0
2025-08-19,LLY,706.6099853515625,703.2100219726562,0.0,0.0
2025-08-20,LLY,701.52001953125,705.4400024414062,0.0,0.0
2025-08-21,LLY,705.2000122070312,709.8200073242188,0.0,0.0
2025-08-22,LLY,715.0399780273438,711.6799926757812,0.0,0.0
2025-08-25,LLY,711.0,695.3300170898438,0.0,0.0
2025-08-26,LLY,716.239990234375,736.030029296875,0.0,0.0
2025-08-27,LLY,736.9600219726562,734.1699829101562,0.0,0.0
2025-08-28,LLY,735.7999877929688,731.9600219726562,0.0,0.0
2025-08-29,LLY,732.3200073242188,732.5800170898438,0.0,0.0
2025-09-02,LLY,727.989990234375,735.1900024414062,0.0,0.0
2025-09-03,LLY,732.02001953125,737.8300170898438,0.0,0.0
2025-09-04,LLY,736.3200073242188,742.9099731445312,0.0,0.0
2025-09-05,LLY,744.7000122070312,727.2100219726562,0.0,0.0
2025-09-08,LLY,729.7100219726562,738.6400146484375,0.0,0.0
2025-09-09,LLY,734.1799926757812,750.6099853515625,0.0,0.0
2025-09-10,LLY,748.0900268554688,754.6199951171875,0.0,0.0
2025-09-11,LLY,752.47998046875,756.280029296875,0.0,0.0
2025-09-12,LLY,760.1699829101562,755.3900146484375,0.0,0.0
2025-09-15,LLY,753.0700073242188,748.1900024414062,0.0,0.0
2025-09-16,LLY,745.4099731445312,764.7100219726562,0.0,0.0
2025-09-17,LLY,761.489990234375,760.1300048828125,0.0,0.0
2025-09-18,LLY,761.3800048828125,762.9299926757812,0.0,0.0
2025-09-19,LLY,765.0,751.989990234375,0.0,0.0
2025-09-22,LLY,748.5599975585938,754.9500122070312,0.0,0.0
2025-09-23,LLY,750.5700073242188,746.97998046875,0.0,0.0
2025-09-24,LLY,745.989990234375,741.8499755859375,0.0,0.0
2025-09-25,LLY,737.6699829101562,714.5900268554688,0.0,0.0
2025-09-26,LLY,724.1199951171875,724.5399780273438,0.0,0.0
2025-09-29,LLY,725.5499877929688,726.510009765625,0.0,0.0
2025-09-30,LLY,726.9600219726562,763.0,0.0,0.0
2025-10-01,LLY,763.2999877929688,825.4199829101562,0.0,0.0
2025-10-02,LLY,814.3599853515625,819.8499755859375,0.0,0.0
2025-10-03,LLY,824.9400024414062,839.8699951171875,0.0,0.0
2025-10-06,LLY,839.9500122070312,845.0499877929688,0.0,0.0
2025-10-07,LLY,845.0,843.6300048828125,0.0,0.0
2025-10-08,LLY,850.0,845.719970703125,0.0,0.0
2025-10-09,LLY,851.6900024414062,855.3499755859375,0.0,0.0
2025-10-10,LLY,858.0,833.489990234375,0.0,0.0
2025-10-13,LLY,832.6799926757812,819.4000244140625,0.0,0.0
2025-10-14,LLY,822.0900268554688,812.3499755859375,0.0,0.0
2025-10-15,LLY,812.5,826.5700073242188,0.0,0.0
2025-10-16,LLY,825.0700073242188,819.3800048828125,0.0,0.0
2025-10-17,LLY,788.9600219726562,802.8300170898438,0.0,0.0
2025-10-20,LLY,805.5999755859375,808.9600219726562,0.0,0.0
2025-10-21,LLY,806.9299926757812,799.5700073242188,0.0,0.0
2025-10-22,LLY,798.4000244140625,812.4299926757812,0.0,0.0
2025-10-23,LLY,806.4000244140625,821.0399780273438,0.0,0.0
2025-10-24,LLY,815.2100219726562,825.4500122070312,0.0,0.0
2025-10-27,LLY,825.0,826.4099731445312,0.0,0.0
2025-10-28,LLY,826.0,820.0999755859375,0.0,0.0
2025-10-29,LLY,827.3099975585938,813.530029296875,0.0,0.0
2025-10-30,LLY,837.5,844.5,0.0,0.0
2025-10-31,LLY,839.1599731445312,862.8599853515625,0.0,0.0
2025-11-03,LLY,866.530029296875,896.530029296875,0.0,0.0
2025-11-04,LLY,891.4099731445312,906.8599853515625,0.0,0.0
2025-11-05,LLY,911.0,925.8099975585938,0.0,0.0
2025-11-06,LLY,928.0,937.4400024414062,0.0,0.0
2025-11-07,LLY,931.1699829101562,924.3699951171875,0.0,0.0
2025-11-10,LLY,939.739990234375,966.6400146484375,0.0,0.0
2025-11-11,LLY,966.5499877929688,988.6199951171875,0.0,0.0
2025-11-12,LLY,993.1199951171875,1017.780029296875,0.0,0.0
2025-11-13,LLY,1010.0900268554688,1022.8699951171875,0.0,0.0
2025-11-14,LLY,1009.0,1025.280029296875,1.5,0.0
2025-11-17,LLY,1003.719970703125,1021.7000122070312,0.0,0.0
2025-11-18,LLY,1014.010009765625,1030.050048828125,0.0,0.0
2025-11-19,LLY,1029.6400146484375,1049.5999755859375,0.0,0.0
2025-11-20,LLY,1045.5,1043.2900390625,0.0,0.0
2025-11-21,LLY,1041.0,1059.699951171875,0.0,0.0
2025-11-24,LLY,1056.77001953125,1070.1600341796875,0.0,0.0
2025-11-25,LLY,1075.8299560546875,1109.93994140625,0.0,0.0
2025-11-26,LLY,1102.0,1104.3399658203125,0.0,0.0
2025-11-28,LLY,1096.719970703125,1075.469970703125,0.0,0.0
2025-12-01,LLY,1074.3800048828125,1057.8900146484375,0.0,0.0
2025-12-02,LLY,1052.5699462890625,1046.1199951171875,0.0,0.0
2025-12-03,LLY,1046.3900146484375,1033.56005859375,0.0,0.0
2025-12-04,LLY,1032.6300048828125,1014.489990234375,0.0,0.0
2025-12-05,LLY,1023.8400268554688,1010.3099975585938,0.0,0.0
2025-12-08,LLY,1010.739990234375,997.5900268554688,0.0,0.0
2025-12-09,LLY,1002.8400268554688,982.219970703125,0.0,0.0
2025-12-10,LLY,985.0,993.6400146484375,0.0,0.0
2025-12-11,LLY,1008.1500244140625,1009.3800048828125,0.0,0.0
2025-12-12,LLY,1008.760009765625,1027.510009765625,0.0,0.0
2025-12-15,LLY,1032.550048828125,1062.18994140625,0.0,0.0
2025-12-16,LLY,1063.5,1054.2900390625,0.0,0.0
2025-12-17,LLY,1064.300048828125,1041.7900390625,0.0,0.0
2025-12-18,LLY,1041.800048828125,1056.8800048828125,0.0,0.0
2025-12-19,LLY,1059.010009765625,1071.43994140625,0.0,0.0
2025-12-22,LLY,1076.719970703125,1076.47998046875,0.0,0.0
2025-12-23,LLY,1063.5,1071.6400146484375,0.0,0.0
2025-12-24,LLY,1074.6400146484375,1076.97998046875,0.0,0.0
2025-12-26,LLY,1076.97998046875,1077.75,0.0,0.0
2025-12-29,LLY,1077.949951171875,1078.72998046875,0.0,0.0
2025-12-30,LLY,1078.9599609375,1079.75,0.0,0.0
2025-12-31,LLY,1079.760009765625,1074.6800537109375,0.0,0.0
2026-01-02,LLY,1076.4000244140625,1080.3599853515625,0.0,0.0
2026-01-05,LLY,1069.22998046875,1041.510009765625,0.0,0.0
2026-01-06,LLY,1044.1099853515625,1064.0400390625,0.0,0.0
2026-01-07,LLY,1077.0,1108.0899658203125,0.0,0.0
2026-01-08,LLY,1113.68994140625,1085.18994140625,0.0,0.0
2026-01-09,LLY,1086.8299560546875,1063.56005859375,0.0,0.0
2026-01-12,LLY,1058.0,1081.0,0.0,0.0
2026-01-13,LLY,1083.0,1077.18994140625,0.0,0.0
2026-01-14,LLY,1081.75,1073.2900390625,0.0,0.0
2026-01-15,LLY,1062.56005859375,1032.969970703125,0.0,0.0
2026-01-16,LLY,1024.4300537109375,1038.4000244140625,0.0,0.0
2026-01-20,LLY,1028.1500244140625,1041.2900390625,0.0,0.0
2026-01-21,LLY,1043.8599853515625,1078.52001953125,0.0,0.0
2026-01-22,LLY,1078.52001953125,1087.3800048828125,0.0,0.0
2026-01-23,LLY,1083.72998046875,1064.2900390625,0.0,0.0
2026-01-26,LLY,1062.2099609375,1062.75,0.0,0.0
2026-01-27,LLY,1064.1099853515625,1039.510009765625,0.0,0.0
2026-01-28,LLY,1029.1099853515625,1023.7999877929688,0.0,0.0
2026-01-29,LLY,1025.3599853515625,1024.1400146484375,0.0,0.0
2026-01-30,LLY,1033.300048828125,1037.1500244140625,0.0,0.0
2026-02-02,LLY,1037.5699462890625,1044.1300048828125,0.0,0.0
2026-02-03,LLY,1040.75,1003.4600219726562,0.0,0.0
2026-02-04,LLY,1075.1199951171875,1107.1199951171875,0.0,0.0
2026-02-05,LLY,1065.5,1020.8400268554688,0.0,0.0
2026-02-06,LLY,1056.0,1058.1800537109375,0.0,0.0
2026-02-09,LLY,1077.0899658203125,1044.6700439453125,0.0,0.0
2026-02-10,LLY,1050.6600341796875,1025.0,0.0,0.0
2026-02-11,LLY,1026.5,1015.2100219726562,0.0,0.0
2026-02-12,LLY,1024.8699951171875,1038.27001953125,0.0,0.0
2026-02-13,LLY,1039.97998046875,1040.0,1.73,0.0
2026-02-17,LLY,1045.6099853515625,1036.050048828125,0.0,0.0
2026-02-18,LLY,1032.3599853515625,1020.5599975585938,0.0,0.0
2026-02-19,LLY,1010.8200073242188,1023.219970703125,0.0,0.0
2026-02-20,LLY,1023.8599853515625,1009.52001953125,0.0,0.0
2026-02-23,LLY,1047.02001953125,1058.56005859375,0.0,0.0
2026-02-24,LLY,1042.949951171875,1042.1500244140625,0.0,0.0
2026-02-25,LLY,1036.5799560546875,1028.8299560546875,0.0,0.0
2026-02-26,LLY,1024.0799560546875,1022.02001953125,0.0,0.0
2026-02-27,LLY,1019.1699829101562,1051.989990234375,0.0,0.0
2026-03-02,LLY,1044.6199951171875,1017.969970703125,0.0,0.0
2026-03-03,LLY,1015.0,1007.72998046875,0.0,0.0
2026-03-04,LLY,1011.6300048828125,1003.5700073242188,0.0,0.0
2026-03-05,LLY,990.0,983.260009765625,0.0,0.0
2026-03-06,LLY,975.0,990.3300170898438,0.0,0.0
2026-03-09,LLY,986.8900146484375,1008.3900146484375,0.0,0.0
2026-03-10,LLY,1006.0,1001.3499755859375,0.0,0.0
2026-03-11,LLY,1000.030029296875,999.8400268554688,0.0,0.0
2026-03-12,LLY,993.4500122070312,977.25,0.0,0.0
2026-03-13,LLY,980.1300048828125,985.0800170898438,0.0,0.0
2026-03-16,LLY,991.97998046875,989.1199951171875,0.0,0.0
2026-03-17,LLY,978.9199829101562,930.3499755859375,0.0,0.0
2026-03-18,LLY,925.0,918.0499877929688,0.0,0.0
2026-03-19,LLY,914.0,917.5,0.0,0.0
2026-03-20,LLY,910.5499877929688,906.7000122070312,0.0,0.0
2026-03-23,LLY,913.489990234375,910.5499877929688,0.0,0.0
2026-03-24,LLY,907.0,903.02001953125,0.0,0.0
2026-03-25,LLY,912.489990234375,916.3099975585938,0.0,0.0
2026-03-26,LLY,912.3800048828125,897.0,0.0,0.0
2026-03-27,LLY,896.0,878.239990234375,0.0,0.0
2026-03-30,LLY,888.47998046875,886.6300048828125,0.0,0.0
2026-03-31,LLY,893.489990234375,919.77001953125,0.0,0.0
2026-04-01,LLY,926.8800048828125,954.52001953125,0.0,0.0
2026-04-02,LLY,945.0,935.5800170898438,0.0,0.0
2026-04-06,LLY,932.0399780273438,927.0599975585938,0.0,0.0
2026-04-07,LLY,924.5,931.0900268554688,0.0,0.0
2026-04-08,LLY,941.52001953125,953.2999877929688,0.0,0.0
2026-04-09,LLY,948.469970703125,955.1900024414062,0.0,0.0
2026-04-10,LLY,963.6900024414062,939.469970703125,0.0,0.0
2026-04-13,LLY,939.969970703125,929.5499877929688,0.0,0.0
2026-04-14,LLY,925.0,922.5,0.0,0.0
2026-04-15,LLY,923.5,905.030029296875,0.0,0.0
2026-04-16,LLY,911.6699829101562,903.989990234375,0.0,0.0
2026-04-17,LLY,917.7999877929688,927.030029296875,0.0,0.0
2026-04-20,LLY,926.9000244140625,919.9000244140625,0.0,0.0
2026-04-21,LLY,910.2000122070312,903.02001953125,0.0,0.0
2026-04-22,LLY,906.4000244140625,921.47998046875,0.0,0.0
2026-04-23,LLY,929.489990234375,917.6500244140625,0.0,0.0
2026-04-24,LLY,900.010009765625,883.9600219726562,0.0,0.0
2026-04-27,LLY,878.1300048828125,868.27001953125,0.0,0.0
2026-04-28,LLY,871.9000244140625,874.0,0.0,0.0
2026-04-29,LLY,866.0399780273438,851.2100219726562,0.0,0.0
2026-04-30,LLY,898.780029296875,934.5999755859375,0.0,0.0
2026-05-01,LLY,948.9500122070312,963.3300170898438,0.0,0.0
2026-05-04,LLY,960.0,967.9299926757812,0.0,0.0
2026-05-05,LLY,971.8900146484375,988.8699951171875,0.0,0.0
2026-05-06,LLY,991.3499755859375,987.0499877929688,0.0,0.0
2026-05-07,LLY,985.3699951171875,974.9600219726562,0.0,0.0
2026-05-08,LLY,974.0700073242188,948.4500122070312,0.0,0.0
2026-05-11,LLY,949.0,966.989990234375,0.0,0.0
2026-05-12,LLY,974.4400024414062,989.8699951171875,0.0,0.0
2026-05-13,LLY,994.75,1015.75,0.0,0.0
2026-05-14,LLY,1017.489990234375,1006.7000122070312,0.0,0.0
2026-05-15,LLY,1006.97998046875,1004.9199829101562,1.73,0.0
2026-05-18,LLY,1000.6099853515625,988.0900268554688,0.0,0.0
2026-05-19,LLY,989.510009765625,1021.4099731445312,0.0,0.0
2026-05-20,LLY,1024.989990234375,1018.8699951171875,0.0,0.0
2026-05-21,LLY,1024.300048828125,1041.6500244140625,0.0,0.0
2026-05-22,LLY,1049.81005859375,1065.0,0.0,0.0
2026-05-26,LLY,1075.0,1064.739990234375,0.0,0.0
2026-05-27,LLY,1072.260009765625,1082.9200439453125,0.0,0.0
2026-05-28,LLY,1096.6400146484375,1126.800048828125,0.0,0.0
2026-05-29,LLY,1127.0,1105.0,0.0,0.0
2026-06-01,LLY,1095.0,1082.199951171875,0.0,0.0
2026-06-02,LLY,1067.3699951171875,1064.1500244140625,0.0,0.0
2026-06-03,LLY,1059.5,1078.780029296875,0.0,0.0
2026-06-04,LLY,1108.5999755859375,1125.27001953125,0.0,0.0
2026-06-05,LLY,1142.969970703125,1131.4200439453125,0.0,0.0
2026-06-08,LLY,1159.0,1149.1500244140625,0.0,0.0
2026-06-09,LLY,1165.0,1144.6800537109375,0.0,0.0
2026-06-10,LLY,1152.5,1136.3699951171875,0.0,0.0
2026-06-11,LLY,1139.7099609375,1160.949951171875,0.0,0.0
2026-06-12,LLY,1165.0,1133.0,0.0,0.0
2026-06-15,LLY,1134.0,1129.3499755859375,0.0,0.0
2026-06-16,LLY,1138.8199462890625,1122.5,0.0,0.0
2026-06-17,LLY,1116.699951171875,1112.0,0.0,0.0
2026-06-18,LLY,1120.489990234375,1098.5699462890625,0.0,0.0
2026-06-22,LLY,1112.239990234375,1102.0799560546875,0.0,0.0
2026-06-23,LLY,1117.0,1107.0799560546875,0.0,0.0
2026-06-24,LLY,1129.4100341796875,1117.260009765625,0.0,0.0
2026-06-25,LLY,1126.989990234375,1127.68994140625,0.0,0.0
2026-06-26,LLY,1128.800048828125,1208.1199951171875,0.0,0.0
2026-06-29,LLY,1222.780029296875,1229.9300537109375,0.0,0.0
2026-06-30,LLY,1228.8800048828125,1199.4300537109375,0.0,0.0
2026-07-01,LLY,1217.510009765625,1191.739990234375,0.0,0.0
2026-07-02,LLY,1193.010009765625,1213.9100341796875,0.0,0.0
2026-07-06,LLY,1208.0,1200.06005859375,0.0,0.0
2026-07-07,LLY,1232.8800048828125,1235.56005859375,0.0,0.0
2026-07-08,LLY,1221.0999755859375,1215.8299560546875,0.0,0.0
2026-07-09,LLY,1211.6400146484375,1216.949951171875,0.0,0.0
2026-07-10,LLY,1210.31005859375,1188.5799560546875,0.0,0.0
2026-07-13,LLY,1180.1099853515625,1181.8699951171875,0.0,0.0
2026-07-14,LLY,1166.010009765625,1152.5400390625,0.0,0.0
2026-07-15,LLY,1145.5,1156.6300048828125,0.0,0.0
2026-07-16,LLY,1162.27001953125,1169.1700439453125,0.0,0.0
2026-07-17,LLY,1159.449951171875,1179.1099853515625,0.0,0.0
2026-07-20,LLY,1179.6500244140625,1146.9000244140625,0.0,0.0
2026-07-21,LLY,1143.0,1175.4100341796875,0.0,0.0
2026-07-22,LLY,1173.9100341796875,1163.010009765625,0.0,0.0
2026-07-23,LLY,1146.6199951171875,1185.8699951171875,0.0,0.0
2026-07-24,LLY,1194.3499755859375,1196.030029296875,0.0,0.0
2026-07-27,LLY,1201.0,1197.530029296875,0.0,0.0
2026-07-28,LLY,1217.5999755859375,1220.6600341796875,0.0,0.0
2026-07-29,LLY,1215.1800537109375,1210.02001953125,0.0,0.0
2026-07-30,LLY,1174.030029296875,1154.969970703125,0.0,0.0
2026-07-31,LLY,1148.510009765625,1148.8399658203125,0.0,0.0
2026-08-03,LLY,1152.0,1121.3599853515625,0.0,0.0
2026-08-04,LLY,1117.3800048828125,1115.6800537109375,0.0,0.0
2026-08-05,LLY,1174.0,1169.8599853515625,0.0,0.0
2026-08-06,LLY,1196.550048828125,1191.93994140625,0.0,0.0
2026-08-07,LLY,1188.0,1185.7099609375,0.0,0.0
2026-08-10,LLY,1185.010009765625,1231.93994140625,0.0,0.0
2026-08-11,LLY,1230.6500244140625,1215.02001953125,0.0,0.0
2026-08-12,LLY,1201.72998046875,1220.280029296875,0.0,0.0
2026-08-13,LLY,1238.300048828125,1209.0,0.0,0.0
2026-08-14,LLY,1194.010009765625,1180.1600341796875,1.73,0.0
2026-08-17,LLY,1175.199951171875,1183.1600341796875,0.0,0.0
2026-08-18,LLY,1200.0,1225.72998046875,0.0,0.0
2026-08-19,LLY,1245.81005859375,1280.3399658203125,0.0,0.0
2026-08-20,LLY,1274.1300048828125,1244.4000244140625,0.0,0.0
2026-08-21,LLY,1232.0,1255.4000244140625,0.0,0.0
2026-08-24,LLY,1262.1400146484375,1246.9300537109375,0.0,0.0
2026-08-25,LLY,1249.0,1233.6600341796875,0.0,0.0
2026-08-26,LLY,1234.0,1189.4100341796875,0.0,0.0
2026-08-27,LLY,1182.25,1176.0999755859375,0.0,0.0
2026-08-28,LLY,1172.6600341796875,1174.6099853515625,0.0,0.0
2024-08-29,LMT,564.0,566.8499755859375,0.0,0.0
2024-08-30,LMT,564.969970703125,568.0999755859375,0.0,0.0
2024-09-03,LMT,567.3300170898438,567.219970703125,3.15,0.0
2024-09-04,LMT,569.3400268554688,574.780029296875,0.0,0.0
2024-09-05,LMT,575.2000122070312,568.5900268554688,0.0,0.0
2024-09-06,LMT,569.0499877929688,566.6300048828125,0.0,0.0
2024-09-09,LMT,567.510009765625,576.5700073242188,0.0,0.0
2024-09-10,LMT,577.5599975585938,572.1900024414062,0.0,0.0
2024-09-11,LMT,571.2000122070312,566.9600219726562,0.0,0.0
2024-09-12,LMT,565.0,568.27001953125,0.0,0.0
2024-09-13,LMT,567.0,569.9099731445312,0.0,0.0
2024-09-16,LMT,574.4099731445312,572.9199829101562,0.0,0.0
2024-09-17,LMT,566.6599731445312,567.010009765625,0.0,0.0
2024-09-18,LMT,566.3200073242188,565.489990234375,0.0,0.0
2024-09-19,LMT,566.469970703125,565.1799926757812,0.0,0.0
2024-09-20,LMT,563.0800170898438,571.9199829101562,0.0,0.0
2024-09-23,LMT,571.5,580.510009765625,0.0,0.0
2024-09-24,LMT,578.9299926757812,578.6300048828125,0.0,0.0
2024-09-25,LMT,581.5599975585938,577.9400024414062,0.0,0.0
2024-09-26,LMT,575.0,577.4000244140625,0.0,0.0
2024-09-27,LMT,577.6500244140625,582.3599853515625,0.0,0.0
2024-09-30,LMT,584.1400146484375,584.5599975585938,0.0,0.0
2024-10-01,LMT,586.1199951171875,605.8599853515625,0.0,0.0
2024-10-02,LMT,604.9400024414062,603.2000122070312,0.0,0.0
2024-10-03,LMT,604.4400024414062,605.8200073242188,0.0,0.0
2024-10-04,LMT,603.6599731445312,605.1300048828125,0.0,0.0
2024-10-07,LMT,607.0,605.5399780273438,0.0,0.0
2024-10-08,LMT,607.219970703125,608.0499877929688,0.0,0.0
2024-10-09,LMT,606.7100219726562,605.1099853515625,0.0,0.0
2024-10-10,LMT,606.1099853515625,597.489990234375,0.0,0.0
2024-10-11,LMT,600.5800170898438,604.1699829101562,0.0,0.0
2024-10-14,LMT,606.0,610.8699951171875,0.0,0.0
2024-10-15,LMT,612.5,605.0,0.0,0.0
2024-10-16,LMT,603.0,612.8300170898438,0.0,0.0
2024-10-17,LMT,612.8300170898438,609.6199951171875,0.0,0.0
2024-10-18,LMT,611.3900146484375,611.8099975585938,0.0,0.0
2024-10-21,LMT,615.6400146484375,614.6099853515625,0.0,0.0
2024-10-22,LMT,606.9000244140625,576.97998046875,0.0,0.0
2024-10-23,LMT,577.02001953125,571.0999755859375,0.0,0.0
2024-10-24,LMT,570.72998046875,564.2100219726562,0.0,0.0
2024-10-25,LMT,566.7000122070312,562.2899780273438,0.0,0.0
2024-10-28,LMT,563.0,555.1699829101562,0.0,0.0
2024-10-29,LMT,552.7999877929688,546.7999877929688,0.0,0.0
2024-10-30,LMT,546.9000244140625,545.9400024414062,0.0,0.0
2024-10-31,LMT,547.0399780273438,546.0499877929688,0.0,0.0
2024-11-01,LMT,548.0,545.3499755859375,0.0,0.0
2024-11-04,LMT,545.7000122070312,543.0999755859375,0.0,0.0
2024-11-05,LMT,545.0,546.75,0.0,0.0
2024-11-06,LMT,561.4000244140625,551.8200073242188,0.0,0.0
2024-11-07,LMT,555.0,551.8400268554688,0.0,0.0
2024-11-08,LMT,555.469970703125,564.5599975585938,0.0,0.0
2024-11-11,LMT,570.219970703125,570.5800170898438,0.0,0.0
2024-11-12,LMT,574.3200073242188,565.9600219726562,0.0,0.0
2024-11-13,LMT,564.0,557.72998046875,0.0,0.0
2024-11-14,LMT,561.3499755859375,538.989990234375,0.0,0.0
2024-11-15,LMT,537.8699951171875,534.8300170898438,0.0,0.0
2024-11-18,LMT,536.4000244140625,530.9600219726562,0.0,0.0
2024-11-19,LMT,537.0800170898438,533.260009765625,0.0,0.0
2024-11-20,LMT,534.1799926757812,534.72998046875,0.0,0.0
2024-11-21,LMT,535.1400146484375,542.010009765625,0.0,0.0
2024-11-22,LMT,545.0,542.219970703125,0.0,0.0
2024-11-25,LMT,532.97998046875,521.8900146484375,0.0,0.0
2024-11-26,LMT,519.3900146484375,521.4500122070312,0.0,0.0
2024-11-27,LMT,523.5399780273438,525.75,0.0,0.0
2024-11-29,LMT,527.77001953125,529.4099731445312,0.0,0.0
2024-12-02,LMT,525.25,520.3400268554688,3.3,0.0
2024-12-03,LMT,520.1400146484375,517.0,0.0,0.0
2024-12-04,LMT,516.1300048828125,517.5,0.0,0.0
2024-12-05,LMT,517.4199829101562,517.47998046875,0.0,0.0
2024-12-06,LMT,515.719970703125,513.030029296875,0.0,0.0
2024-12-09,LMT,511.19000244140625,510.010009765625,0.0,0.0
2024-12-10,LMT,509.1600036621094,512.9400024414062,0.0,0.0
2024-12-11,LMT,513.7999877929688,504.239990234375,0.0,0.0
2024-12-12,LMT,500.0,496.5799865722656,0.0,0.0
2024-12-13,LMT,495.57000732421875,494.6499938964844,0.0,0.0
2024-12-16,LMT,494.79998779296875,491.6499938964844,0.0,0.0
2024-12-17,LMT,489.05999755859375,490.6099853515625,0.0,0.0
2024-12-18,LMT,489.5,482.94000244140625,0.0,0.0
2024-12-19,LMT,480.0,479.6600036621094,0.0,0.0
2024-12-20,LMT,479.45001220703125,489.0199890136719,0.0,0.0
2024-12-23,LMT,487.42999267578125,486.489990234375,0.0,0.0
2024-12-24,LMT,486.05999755859375,488.1300048828125,0.0,0.0
2024-12-26,LMT,488.0,489.9800109863281,0.0,0.0
2024-12-27,LMT,488.3800048828125,488.9700012207031,0.0,0.0
2024-12-30,LMT,486.0,483.3699951171875,0.0,0.0
2024-12-31,LMT,484.3800048828125,485.94000244140625,0.0,0.0
2025-01-02,LMT,485.94000244140625,482.25,0.0,0.0
2025-01-03,LMT,481.4200134277344,481.82000732421875,0.0,0.0
2025-01-06,LMT,478.75,466.0,0.0,0.0
2025-01-07,LMT,465.7200012207031,463.9599914550781,0.0,0.0
2025-01-08,LMT,463.5,468.8500061035156,0.0,0.0
2025-01-10,LMT,468.0,468.04998779296875,0.0,0.0
2025-01-13,LMT,469.0,483.1600036621094,0.0,0.0
2025-01-14,LMT,485.0,484.4599914550781,0.0,0.0
2025-01-15,LMT,487.760009765625,483.9700012207031,0.0,0.0
2025-01-16,LMT,481.79998779296875,486.8599853515625,0.0,0.0
2025-01-17,LMT,487.5400085449219,490.32000732421875,0.0,0.0
2025-01-21,LMT,495.0,506.2900085449219,0.0,0.0
2025-01-22,LMT,503.239990234375,499.3399963378906,0.0,0.0
2025-01-23,LMT,503.5199890136719,497.2799987792969,0.0,0.0
2025-01-24,LMT,495.0,496.9599914550781,0.0,0.0
2025-01-27,LMT,500.0899963378906,503.69000244140625,0.0,0.0
2025-01-28,LMT,473.70001220703125,457.45001220703125,0.0,0.0
2025-01-29,LMT,460.0,454.3599853515625,0.0,0.0
2025-01-30,LMT,456.5799865722656,459.6499938964844,0.0,0.0
2025-01-31,LMT,460.0,462.95001220703125,0.0,0.0
2025-02-03,LMT,458.79998779296875,455.4200134277344,0.0,0.0
2025-02-04,LMT,454.0,453.67999267578125,0.0,0.0
2025-02-05,LMT,457.0,449.8699951171875,0.0,0.0
2025-02-06,LMT,450.0,448.5199890136719,0.0,0.0
2025-02-07,LMT,449.8999938964844,444.3900146484375,0.0,0.0
2025-02-10,LMT,444.79998779296875,448.2200012207031,0.0,0.0
2025-02-11,LMT,447.8999938964844,449.3599853515625,0.0,0.0
2025-02-12,LMT,447.260009765625,441.9700012207031,0.0,0.0
2025-02-13,LMT,442.5,434.7200012207031,0.0,0.0
2025-02-14,LMT,433.54998779296875,423.19000244140625,0.0,0.0
2025-02-18,LMT,429.69000244140625,428.5400085449219,0.0,0.0
2025-02-19,LMT,431.0,432.95001220703125,0.0,0.0
2025-02-20,LMT,429.5799865722656,436.2900085449219,0.0,0.0
2025-02-21,LMT,436.3900146484375,440.7200012207031,0.0,0.0
2025-02-24,LMT,442.0,440.2699890136719,0.0,0.0
2025-02-25,LMT,441.75,448.4599914550781,0.0,0.0
2025-02-26,LMT,445.8299865722656,441.5,0.0,0.0
2025-02-27,LMT,442.19000244140625,446.4599914550781,0.0,0.0
2025-02-28,LMT,447.0,450.3699951171875,0.0,0.0
2025-03-03,LMT,452.8699951171875,451.94000244140625,3.3,0.0
2025-03-04,LMT,450.7799987792969,448.82000732421875,0.0,0.0
2025-03-05,LMT,451.1300048828125,460.4200134277344,0.0,0.0
2025-03-06,LMT,461.32000732421875,461.5,0.0,0.0
2025-03-07,LMT,458.0,473.6499938964844,0.0,0.0
2025-03-10,LMT,475.4599914550781,479.1700134277344,0.0,0.0
2025-03-11,LMT,476.7099914550781,468.8800048828125,0.0,0.0
2025-03-12,LMT,465.1400146484375,461.5,0.0,0.0
2025-03-13,LMT,460.04998779296875,467.92999267578125,0.0,0.0
2025-03-14,LMT,465.9200134277344,466.1700134277344,0.0,0.0
2025-03-17,LMT,463.8399963378906,467.6099853515625,0.0,0.0
2025-03-18,LMT,468.1199951171875,469.2799987792969,0.0,0.0
2025-03-19,LMT,471.2300109863281,470.54998779296875,0.0,0.0
2025-03-20,LMT,469.1600036621094,466.739990234375,0.0,0.0
2025-03-21,LMT,478.0899963378906,439.70001220703125,0.0,0.0
2025-03-24,LMT,425.6300048828125,434.9800109863281,0.0,0.0
2025-03-25,LMT,436.7699890136719,442.07000732421875,0.0,0.0
2025-03-26,LMT,444.2799987792969,445.1700134277344,0.0,0.0
2025-03-27,LMT,446.0299987792969,442.2799987792969,0.0,0.0
2025-03-28,LMT,442.2300109863281,441.489990234375,0.0,0.0
2025-03-31,LMT,441.57000732421875,446.7099914550781,0.0,0.0
2025-04-01,LMT,448.0,448.6400146484375,0.0,0.0
2025-04-02,LMT,446.2200012207031,452.8699951171875,0.0,0.0
2025-04-03,LMT,453.510009765625,454.7799987792969,0.0,0.0
2025-04-04,LMT,450.0,432.1499938964844,0.0,0.0
2025-04-07,LMT,422.20001220703125,430.82000732421875,0.0,0.0
2025-04-08,LMT,448.44000244140625,443.3599853515625,0.0,0.0
2025-04-09,LMT,439.25,462.239990234375,0.0,0.0
2025-04-10,LMT,460.0,463.70001220703125,0.0,0.0
2025-04-11,LMT,464.3299865722656,474.8999938964844,0.0,0.0
2025-04-14,LMT,472.79998779296875,475.3399963378906,0.0,0.0
2025-04-15,LMT,474.2699890136719,469.5799865722656,0.0,0.0
2025-04-16,LMT,477.3299865722656,477.0799865722656,0.0,0.0
2025-04-17,LMT,461.6400146484375,464.0799865722656,0.0,0.0
2025-04-21,LMT,459.260009765625,458.3299865722656,0.0,0.0
2025-04-22,LMT,458.04998779296875,462.0799865722656,0.0,0.0
2025-04-23,LMT,467.0,463.54998779296875,0.0,0.0
2025-04-24,LMT,465.7699890136719,466.80999755859375,0.0,0.0
2025-04-25,LMT,469.989990234375,477.6400146484375,0.0,0.0
2025-04-28,LMT,479.30999755859375,476.2900085449219,0.0,0.0
2025-04-29,LMT,475.9800109863281,475.8800048828125,0.0,0.0
2025-04-30,LMT,478.2699890136719,477.75,0.0,0.0
2025-05-01,LMT,476.0,477.7200012207031,0.0,0.0
2025-05-02,LMT,484.75,472.79998779296875,0.0,0.0
2025-05-05,LMT,474.0,471.55999755859375,0.0,0.0
2025-05-06,LMT,469.7699890136719,468.2099914550781,0.0,0.0
2025-05-07,LMT,468.3999938964844,471.32000732421875,0.0,0.0
2025-05-08,LMT,473.0,474.5299987792969,0.0,0.0
2025-05-09,LMT,475.2699890136719,473.5199890136719,0.0,0.0
2025-05-12,LMT,473.5,473.1600036621094,0.0,0.0
2025-05-13,LMT,472.80999755859375,459.8299865722656,0.0,0.0
2025-05-14,LMT,460.8399963378906,449.17999267578125,0.0,0.0
2025-05-15,LMT,458.9700012207031,465.1400146484375,0.0,0.0
2025-05-16,LMT,466.2099914550781,468.32000732421875,0.0,0.0
2025-05-19,LMT,469.4100036621094,473.05999755859375,0.0,0.0
2025-05-20,LMT,471.2300109863281,475.82000732421875,0.0,0.0
2025-05-21,LMT,480.8399963378906,470.2799987792969,0.0,0.0
2025-05-22,LMT,468.7900085449219,470.45001220703125,0.0,0.0
2025-05-23,LMT,467.9599914550781,468.8800048828125,0.0,0.0
2025-05-27,LMT,470.79998779296875,476.8500061035156,0.0,0.0
2025-05-28,LMT,477.5400085449219,469.9800109863281,0.0,0.0
2025-05-29,LMT,467.92999267578125,473.69000244140625,0.0,0.0
2025-05-30,LMT,473.6700134277344,482.3800048828125,0.0,0.0
2025-06-02,LMT,478.260009765625,478.82000732421875,3.3,0.0
2025-06-03,LMT,479.0,480.1700134277344,0.0,0.0
2025-06-04,LMT,481.989990234375,482.2099914550781,0.0,0.0
2025-06-05,LMT,484.3699951171875,478.0299987792969,0.0,0.0
2025-06-06,LMT,477.80999755859375,481.69000244140625,0.0,0.0
2025-06-09,LMT,480.2799987792969,480.8299865722656,0.0,0.0
2025-06-10,LMT,480.0,476.8999938964844,0.0,0.0
2025-06-11,LMT,464.1499938964844,456.6000061035156,0.0,0.0
2025-06-12,LMT,457.30999755859375,469.2699890136719,0.0,0.0
2025-06-13,LMT,478.9700012207031,486.45001220703125,0.0,0.0
2025-06-16,LMT,482.010009765625,467.05999755859375,0.0,0.0
2025-06-17,LMT,470.760009765625,479.3399963378906,0.0,0.0
2025-06-18,LMT,478.45001220703125,468.6000061035156,0.0,0.0
2025-06-20,LMT,469.0,470.55999755859375,0.0,0.0
2025-06-23,LMT,472.92999267578125,472.4599914550781,0.0,0.0
2025-06-24,LMT,467.8500061035156,460.20001220703125,0.0,0.0
2025-06-25,LMT,464.2099914550781,458.3900146484375,0.0,0.0
2025-06-26,LMT,459.30999755859375,457.8999938964844,0.0,0.0
2025-06-27,LMT,455.6400146484375,458.5899963378906,0.0,0.0
2025-06-30,LMT,459.45001220703125,463.1400146484375,0.0,0.0
2025-07-01,LMT,463.0,465.94000244140625,0.0,0.0
2025-07-02,LMT,466.0,462.54998779296875,0.0,0.0
2025-07-03,LMT,463.7099914550781,462.5199890136719,0.0,0.0
2025-07-07,LMT,464.5,469.05999755859375,0.0,0.0
2025-07-08,LMT,464.20001220703125,463.010009765625,0.0,0.0
2025-07-09,LMT,465.3800048828125,463.05999755859375,0.0,0.0
2025-07-10,LMT,458.67999267578125,464.30999755859375,0.0,0.0
2025-07-11,LMT,464.75,467.510009765625,0.0,0.0
2025-07-14,LMT,470.0,473.57000732421875,0.0,0.0
2025-07-15,LMT,473.2900085449219,470.1199951171875,0.0,0.0
2025-07-16,LMT,469.6700134277344,471.4700012207031,0.0,0.0
2025-07-17,LMT,470.5,469.20001220703125,0.0,0.0
2025-07-18,LMT,469.2200012207031,463.9599914550781,0.0,0.0
2025-07-21,LMT,464.6400146484375,460.5299987792969,0.0,0.0
2025-07-22,LMT,422.75,410.739990234375,0.0,0.0
2025-07-23,LMT,413.760009765625,419.3900146484375,0.0,0.0
2025-07-24,LMT,421.0,420.54998779296875,0.0,0.0
2025-07-25,LMT,421.5400085449219,421.1700134277344,0.0,0.0
2025-07-28,LMT,425.8999938964844,421.3399963378906,0.0,0.0
2025-07-29,LMT,422.739990234375,420.1300048828125,0.0,0.0
2025-07-30,LMT,420.1300048828125,418.67999267578125,0.0,0.0
2025-07-31,LMT,417.1300048828125,420.9800109863281,0.0,0.0
2025-08-01,LMT,420.760009765625,421.010009765625,0.0,0.0
2025-08-04,LMT,420.0,423.70001220703125,0.0,0.0
2025-08-05,LMT,423.3299865722656,428.239990234375,0.0,0.0
2025-08-06,LMT,427.7699890136719,434.8500061035156,0.0,0.0
2025-08-07,LMT,430.42999267578125,430.75,0.0,0.0
2025-08-08,LMT,431.19000244140625,425.6300048828125,0.0,0.0
2025-08-11,LMT,426.0,426.260009765625,0.0,0.0
2025-08-12,LMT,425.9200134277344,431.55999755859375,0.0,0.0
2025-08-13,LMT,432.5199890136719,442.57000732421875,0.0,0.0
2025-08-14,LMT,436.0400085449219,437.32000732421875,0.0,0.0
2025-08-15,LMT,437.8399963378906,437.55999755859375,0.0,0.0
2025-08-18,LMT,440.54998779296875,440.6400146484375,0.0,0.0
2025-08-19,LMT,439.8599853515625,441.1000061035156,0.0,0.0
2025-08-20,LMT,440.1400146484375,446.0,0.0,0.0
2025-08-21,LMT,444.989990234375,447.20001220703125,0.0,0.0
2025-08-22,LMT,449.989990234375,446.20001220703125,0.0,0.0
2025-08-25,LMT,447.07000732421875,447.7200012207031,0.0,0.0
2025-08-26,LMT,450.5199890136719,455.4599914550781,0.0,0.0
2025-08-27,LMT,456.8699951171875,454.4700012207031,0.0,0.0
2025-08-28,LMT,453.8699951171875,456.17999267578125,0.0,0.0
2025-08-29,LMT,457.5199890136719,455.6300048828125,0.0,0.0
2025-09-02,LMT,453.79998779296875,452.5,3.3,0.0
2025-09-03,LMT,451.07000732421875,449.05999755859375,0.0,0.0
2025-09-04,LMT,450.9599914550781,456.8500061035156,0.0,0.0
2025-09-05,LMT,456.7699890136719,463.8999938964844,0.0,0.0
2025-09-08,LMT,462.92999267578125,459.1099853515625,0.0,0.0
2025-09-09,LMT,457.6099853515625,457.05999755859375,0.0,0.0
2025-09-10,LMT,456.2099914550781,463.8699951171875,0.0,0.0
2025-09-11,LMT,463.8500061035156,470.7300109863281,0.0,0.0
2025-09-12,LMT,468.92999267578125,471.30999755859375,0.0,0.0
2025-09-15,LMT,471.4700012207031,473.25,0.0,0.0
2025-09-16,LMT,473.5899963378906,474.32000732421875,0.0,0.0
2025-09-17,LMT,474.92999267578125,473.1199951171875,0.0,0.0
2025-09-18,LMT,471.1199951171875,473.6199951171875,0.0,0.0
2025-09-19,LMT,474.2300109863281,472.94000244140625,0.0,0.0
2025-09-22,LMT,473.6700134277344,480.3900146484375,0.0,0.0
2025-09-23,LMT,480.8999938964844,486.6700134277344,0.0,0.0
2025-09-24,LMT,487.1499938964844,486.25,0.0,0.0
2025-09-25,LMT,489.5799865722656,484.3399963378906,0.0,0.0
2025-09-26,LMT,487.9100036621094,487.44000244140625,0.0,0.0
2025-09-29,LMT,497.0,491.9800109863281,0.0,0.0
2025-09-30,LMT,492.5799865722656,499.2099914550781,0.0,0.0
2025-10-01,LMT,496.1700134277344,499.0,0.0,0.0
2025-10-02,LMT,499.239990234375,499.3599853515625,0.0,0.0
2025-10-03,LMT,499.4200134277344,504.489990234375,0.0,0.0
2025-10-06,LMT,506.6300048828125,514.239990234375,0.0,0.0
2025-10-07,LMT,514.2000122070312,511.07000732421875,0.0,0.0
2025-10-08,LMT,515.25,514.02001953125,0.0,0.0
2025-10-09,LMT,513.8900146484375,507.760009765625,0.0,0.0
2025-10-10,LMT,508.8299865722656,505.04998779296875,0.0,0.0
2025-10-13,LMT,502.29998779296875,503.8299865722656,0.0,0.0
2025-10-14,LMT,501.25,505.17999267578125,0.0,0.0
2025-10-15,LMT,503.0,499.4100036621094,0.0,0.0
2025-10-16,LMT,500.739990234375,493.25,0.0,0.0
2025-10-17,LMT,490.4800109863281,495.1499938964844,0.0,0.0
2025-10-20,LMT,496.42999267578125,505.8999938964844,0.0,0.0
2025-10-21,LMT,482.7099914550781,489.5,0.0,0.0
2025-10-22,LMT,491.4700012207031,487.1400146484375,0.0,0.0
2025-10-23,LMT,488.1199951171875,488.04998779296875,0.0,0.0
2025-10-24,LMT,490.2799987792969,485.4100036621094,0.0,0.0
2025-10-27,LMT,484.0799865722656,486.9100036621094,0.0,0.0
2025-10-28,LMT,486.3699951171875,485.7699890136719,0.0,0.0
2025-10-29,LMT,485.0,485.3299865722656,0.0,0.0
2025-10-30,LMT,485.57000732421875,489.7200012207031,0.0,0.0
2025-10-31,LMT,489.0,491.8800048828125,0.0,0.0
2025-11-03,LMT,491.0,487.94000244140625,0.0,0.0
2025-11-04,LMT,484.4599914550781,484.9800109863281,0.0,0.0
2025-11-05,LMT,483.0199890136719,473.1400146484375,0.0,0.0
2025-11-06,LMT,473.1099853515625,468.9200134277344,0.0,0.0
2025-11-07,LMT,468.8999938964844,458.3500061035156,0.0,0.0
2025-11-10,LMT,456.0,452.1000061035156,0.0,0.0
2025-11-11,LMT,451.7699890136719,457.07000732421875,0.0,0.0
2025-11-12,LMT,456.1400146484375,457.0400085449219,0.0,0.0
2025-11-13,LMT,458.010009765625,455.8500061035156,0.0,0.0
2025-11-14,LMT,455.8500061035156,465.7699890136719,0.0,0.0
2025-11-17,LMT,467.2799987792969,470.7799987792969,0.0,0.0
2025-11-18,LMT,475.2200012207031,474.7200012207031,0.0,0.0
2025-11-19,LMT,472.0,469.9100036621094,0.0,0.0
2025-11-20,LMT,473.8800048828125,468.260009765625,0.0,0.0
2025-11-21,LMT,468.6000061035156,460.7799987792969,0.0,0.0
2025-11-24,LMT,459.42999267578125,451.05999755859375,0.0,0.0
2025-11-25,LMT,451.05999755859375,452.4100036621094,0.0,0.0
2025-11-26,LMT,453.29998779296875,454.1600036621094,0.0,0.0
2025-11-28,LMT,454.5400085449219,457.8599853515625,0.0,0.0
2025-12-01,LMT,453.2799987792969,439.19000244140625,3.45,0.0
2025-12-02,LMT,440.9800109863281,441.82000732421875,0.0,0.0
2025-12-03,LMT,443.4100036621094,446.79998779296875,0.0,0.0
2025-12-04,LMT,448.17999267578125,448.3500061035156,0.0,0.0
2025-12-05,LMT,447.7799987792969,452.20001220703125,0.0,0.0
2025-12-08,LMT,453.5,465.3800048828125,0.0,0.0
2025-12-09,LMT,466.2799987792969,466.8900146484375,0.0,0.0
2025-12-10,LMT,465.2099914550781,467.94000244140625,0.0,0.0
2025-12-11,LMT,470.2900085449219,474.8800048828125,0.0,0.0
2025-12-12,LMT,475.6600036621094,480.25,0.0,0.0
2025-12-15,LMT,478.989990234375,484.4200134277344,0.0,0.0
2025-12-16,LMT,479.6099853515625,477.05999755859375,0.0,0.0
2025-12-17,LMT,471.0,474.7900085449219,0.0,0.0
2025-12-18,LMT,472.4100036621094,470.1400146484375,0.0,0.0
2025-12-19,LMT,466.3399963378906,474.1300048828125,0.0,0.0
2025-12-22,LMT,474.9599914550781,483.57000732421875,0.0,0.0
2025-12-23,LMT,484.0,482.54998779296875,0.0,0.0
2025-12-24,LMT,485.0,485.75,0.0,0.0
2025-12-26,LMT,485.20001220703125,483.0299987792969,0.0,0.0
2025-12-29,LMT,483.8299865722656,488.8699951171875,0.0,0.0
2025-12-30,LMT,489.3399963378906,488.0,0.0,0.0
2025-12-31,LMT,489.0,483.6700134277344,0.0,0.0
2026-01-02,LMT,483.25,497.07000732421875,0.0,0.0
2026-01-05,LMT,503.92999267578125,511.57000732421875,0.0,0.0
2026-01-06,LMT,517.0599975585938,522.0399780273438,0.0,0.0
2026-01-07,LMT,525.3099975585938,496.8699951171875,0.0,0.0
2026-01-08,LMT,531.8900146484375,518.4400024414062,0.0,0.0
2026-01-09,LMT,525.8800048828125,542.9199829101562,0.0,0.0
2026-01-12,LMT,548.9600219726562,551.239990234375,0.0,0.0
2026-01-13,LMT,560.02001953125,558.2999877929688,0.0,0.0
2026-01-14,LMT,556.989990234375,572.7000122070312,0.0,0.0
2026-01-15,LMT,568.6599731445312,577.8900146484375,0.0,0.0
2026-01-16,LMT,578.2100219726562,582.4299926757812,0.0,0.0
2026-01-20,LMT,580.0,576.0599975585938,0.0,0.0
2026-01-21,LMT,576.0599975585938,586.22998046875,0.0,0.0
2026-01-22,LMT,585.1799926757812,593.9099731445312,0.0,0.0
2026-01-23,LMT,594.6400146484375,590.8200073242188,0.0,0.0
2026-01-26,LMT,590.0,581.6599731445312,0.0,0.0
2026-01-27,LMT,580.0,594.9500122070312,0.0,0.0
2026-01-28,LMT,592.9000244140625,597.27001953125,0.0,0.0
2026-01-29,LMT,609.239990234375,622.510009765625,0.0,0.0
2026-01-30,LMT,621.0,634.219970703125,0.0,0.0
2026-02-02,LMT,620.0,636.0,0.0,0.0
2026-02-03,LMT,640.0,628.260009765625,0.0,0.0
2026-02-04,LMT,630.8200073242188,602.760009765625,0.0,0.0
2026-02-05,LMT,602.72998046875,609.1799926757812,0.0,0.0
2026-02-06,LMT,614.5900268554688,623.5800170898438,0.0,0.0
2026-02-09,LMT,625.280029296875,638.2899780273438,0.0,0.0
2026-02-10,LMT,637.469970703125,629.5599975585938,0.0,0.0
2026-02-11,LMT,631.22998046875,628.7000122070312,0.0,0.0
2026-02-12,LMT,630.0,637.4299926757812,0.0,0.0
2026-02-13,LMT,639.0,652.5800170898438,0.0,0.0
2026-02-17,LMT,653.0,649.5800170898438,0.0,0.0
2026-02-18,LMT,657.1699829101562,649.8099975585938,0.0,0.0
2026-02-19,LMT,656.5,666.510009765625,0.0,0.0
2026-02-20,LMT,666.77001953125,658.260009765625,0.0,0.0
2026-02-23,LMT,655.6199951171875,660.6199951171875,0.0,0.0
2026-02-24,LMT,658.2899780273438,664.4299926757812,0.0,0.0
2026-02-25,LMT,662.4400024414062,647.5,0.0,0.0
2026-02-26,LMT,646.4600219726562,641.6300048828125,0.0,0.0
2026-02-27,LMT,648.0900268554688,658.0800170898438,0.0,0.0
2026-03-02,LMT,685.5,676.7000122070312,3.45,0.0
2026-03-03,LMT,682.0,667.8200073242188,0.0,0.0
2026-03-04,LMT,670.0,664.47998046875,0.0,0.0
2026-03-05,LMT,662.0999755859375,655.0,0.0,0.0
2026-03-06,LMT,661.6500244140625,671.77001953125,0.0,0.0
2026-03-09,LMT,675.5800170898438,664.1500244140625,0.0,0.0
2026-03-10,LMT,657.9500122070312,651.219970703125,0.0,0.0
2026-03-11,LMT,645.3200073242188,649.469970703125,0.0,0.0
2026-03-12,LMT,651.9500122070312,652.8300170898438,0.0,0.0
2026-03-13,LMT,652.6699829101562,646.0,0.0,0.0
2026-03-16,LMT,645.22998046875,645.2000122070312,0.0,0.0
2026-03-17,LMT,644.9600219726562,636.3300170898438,0.0,0.0
2026-03-18,LMT,641.1099853515625,642.280029296875,0.0,0.0
2026-03-19,LMT,639.0599975585938,637.510009765625,0.0,0.0
2026-03-20,LMT,635.8599853515625,627.4299926757812,0.0,0.0
2026-03-23,LMT,629.0700073242188,616.25,0.0,0.0
2026-03-24,LMT,612.9500122070312,610.1699829101562,0.0,0.0
2026-03-25,LMT,612.5,624.2000122070312,0.0,0.0
2026-03-26,LMT,619.7999877929688,627.3300170898438,0.0,0.0
2026-03-27,LMT,625.7000122070312,615.8400268554688,0.0,0.0
2026-03-30,LMT,621.030029296875,598.5700073242188,0.0,0.0
2026-03-31,LMT,604.5,604.3900146484375,0.0,0.0
2026-04-01,LMT,608.8200073242188,617.6400146484375,0.0,0.0
2026-04-02,LMT,616.7000122070312,622.7899780273438,0.0,0.0
2026-04-06,LMT,623.1099853515625,637.9000244140625,0.0,0.0
2026-04-07,LMT,635.5999755859375,627.7000122070312,0.0,0.0
2026-04-08,LMT,612.27001953125,628.5,0.0,0.0
2026-04-09,LMT,627.989990234375,623.8699951171875,0.0,0.0
2026-04-10,LMT,619.280029296875,613.719970703125,0.0,0.0
2026-04-13,LMT,617.8699951171875,619.6900024414062,0.0,0.0
2026-04-14,LMT,617.0,611.5800170898438,0.0,0.0
2026-04-15,LMT,611.0,611.0999755859375,0.0,0.0
2026-04-16,LMT,610.7100219726562,607.489990234375,0.0,0.0
2026-04-17,LMT,604.3300170898438,592.1900024414062,0.0,0.0
2026-04-20,LMT,593.5999755859375,581.280029296875,0.0,0.0
2026-04-21,LMT,580.2899780273438,571.9500122070312,0.0,0.0
2026-04-22,LMT,575.8800048828125,555.4299926757812,0.0,0.0
2026-04-23,LMT,533.9099731445312,529.7899780273438,0.0,0.0
2026-04-24,LMT,525.0,513.4500122070312,0.0,0.0
2026-04-27,LMT,514.0499877929688,513.3499755859375,0.0,0.0
2026-04-28,LMT,518.4400024414062,512.2899780273438,0.0,0.0
2026-04-29,LMT,513.969970703125,509.80999755859375,0.0,0.0
2026-04-30,LMT,511.0799865722656,517.969970703125,0.0,0.0
2026-05-01,LMT,517.9500122070312,512.77001953125,0.0,0.0
2026-05-04,LMT,513.4099731445312,518.1500244140625,0.0,0.0
2026-05-05,LMT,520.0,508.92999267578125,0.0,0.0
2026-05-06,LMT,508.95001220703125,514.260009765625,0.0,0.0
2026-05-07,LMT,515.030029296875,512.4099731445312,0.0,0.0
2026-05-08,LMT,508.5899963378906,506.510009765625,0.0,0.0
2026-05-11,LMT,505.0,512.25,0.0,0.0
2026-05-12,LMT,512.5,521.0,0.0,0.0
2026-05-13,LMT,517.469970703125,519.9400024414062,0.0,0.0
2026-05-14,LMT,520.739990234375,520.4099731445312,0.0,0.0
2026-05-15,LMT,521.3599853515625,516.010009765625,0.0,0.0
2026-05-18,LMT,517.8099975585938,528.3099975585938,0.0,0.0
2026-05-19,LMT,527.510009765625,526.6300048828125,0.0,0.0
2026-05-20,LMT,526.6300048828125,522.5900268554688,0.0,0.0
2026-05-21,LMT,523.239990234375,522.7899780273438,0.0,0.0
2026-05-22,LMT,524.8599853515625,533.239990234375,0.0,0.0
2026-05-26,LMT,536.0,532.9000244140625,0.0,0.0
2026-05-27,LMT,531.97998046875,531.1400146484375,0.0,0.0
2026-05-28,LMT,534.1599731445312,537.2100219726562,0.0,0.0
2026-05-29,LMT,536.239990234375,530.4500122070312,0.0,0.0
2026-06-01,LMT,523.97998046875,516.5,3.45,0.0
2026-06-02,LMT,514.5,513.4299926757812,0.0,0.0
2026-06-03,LMT,512.25,512.030029296875,0.0,0.0
2026-06-04,LMT,517.739990234375,519.0499877929688,0.0,0.0
2026-06-05,LMT,520.0,523.760009765625,0.0,0.0
2026-06-08,LMT,523.0,520.0700073242188,0.0,0.0
2026-06-09,LMT,519.0,530.1300048828125,0.0,0.0
2026-06-10,LMT,534.25,525.02001953125,0.0,0.0
2026-06-11,LMT,528.6199951171875,548.6799926757812,0.0,0.0
2026-06-12,LMT,547.0,540.3300170898438,0.0,0.0
2026-06-15,LMT,535.4199829101562,530.3599853515625,0.0,0.0
2026-06-16,LMT,531.260009765625,535.9500122070312,0.0,0.0
2026-06-17,LMT,530.25,532.3200073242188,0.0,0.0
2026-06-18,LMT,535.5599975585938,510.95001220703125,0.0,0.0
2026-06-22,LMT,508.5,493.6000061035156,0.0,0.0
2026-06-23,LMT,498.8299865722656,503.6700134277344,0.0,0.0
2026-06-24,LMT,502.94000244140625,491.6400146484375,0.0,0.0
2026-06-25,LMT,495.95001220703125,505.0199890136719,0.0,0.0
2026-06-26,LMT,505.25,507.3999938964844,0.0,0.0
2026-06-29,LMT,508.5,502.07000732421875,0.0,0.0
2026-06-30,LMT,504.0,509.4599914550781,0.0,0.0
2026-07-01,LMT,517.0,521.8200073242188,0.0,0.0
2026-07-02,LMT,529.0,545.9099731445312,0.0,0.0
2026-07-06,LMT,545.0,538.0,0.0,0.0
2026-07-07,LMT,546.0,535.3800048828125,0.0,0.0
2026-07-08,LMT,537.6300048828125,527.9600219726562,0.0,0.0
2026-07-09,LMT,522.5,518.260009765625,0.0,0.0
2026-07-10,LMT,516.4199829101562,523.219970703125,0.0,0.0
2026-07-13,LMT,525.010009765625,520.6799926757812,0.0,0.0
2026-07-14,LMT,518.3599853515625,514.989990234375,0.0,0.0
2026-07-15,LMT,514.8300170898438,514.4600219726562,0.0,0.0
2026-07-16,LMT,515.0,513.52001953125,0.0,0.0
2026-07-17,LMT,519.0,508.7699890136719,0.0,0.0
2026-07-20,LMT,510.6300048828125,509.5400085449219,0.0,0.0
2026-07-21,LMT,501.0,507.0899963378906,0.0,0.0
2026-07-22,LMT,515.7899780273438,514.3599853515625,0.0,0.0
2026-07-23,LMT,545.0,568.5900268554688,0.0,0.0
2026-07-24,LMT,568.5900268554688,582.5999755859375,0.0,0.0
2026-07-27,LMT,581.8800048828125,580.0,0.0,0.0
2026-07-28,LMT,589.0,581.3099975585938,0.0,0.0
2026-07-29,LMT,585.0,569.2000122070312,0.0,0.0
2026-07-30,LMT,565.760009765625,574.1099853515625,0.0,0.0
2026-07-31,LMT,574.1099853515625,582.739990234375,0.0,0.0
2026-08-03,LMT,583.5,586.2899780273438,0.0,0.0
2026-08-04,LMT,587.1900024414062,589.3300170898438,0.0,0.0
2026-08-05,LMT,593.0,577.5999755859375,0.0,0.0
2026-08-06,LMT,584.3099975585938,582.8499755859375,0.0,0.0
2026-08-07,LMT,581.1099853515625,587.9500122070312,0.0,0.0
2026-08-10,LMT,591.77001953125,603.1599731445312,0.0,0.0
2026-08-11,LMT,600.3099975585938,597.77001953125,0.0,0.0
2026-08-12,LMT,595.489990234375,606.719970703125,0.0,0.0
2026-08-13,LMT,609.780029296875,598.010009765625,0.0,0.0
2026-08-14,LMT,603.0,608.6799926757812,0.0,0.0
2026-08-17,LMT,605.5,593.739990234375,0.0,0.0
2026-08-18,LMT,600.0700073242188,607.1699829101562,0.0,0.0
2026-08-19,LMT,605.0,589.1500244140625,0.0,0.0
2026-08-20,LMT,586.6699829101562,571.47998046875,0.0,0.0
2026-08-21,LMT,571.47998046875,563.5700073242188,0.0,0.0
2026-08-24,LMT,563.5,564.1400146484375,0.0,0.0
2026-08-25,LMT,564.1400146484375,556.52001953125,0.0,0.0
2026-08-26,LMT,559.0,565.6199951171875,0.0,0.0
2026-08-27,LMT,564.8099975585938,565.8900146484375,0.0,0.0
2026-08-28,LMT,567.969970703125,563.8499755859375,0.0,0.0
2024-08-29,META,519.0499877929688,518.219970703125,0.0,0.0
2024-08-30,META,521.3499755859375,521.3099975585938,0.0,0.0
2024-09-03,META,519.6400146484375,511.760009765625,0.0,0.0
2024-09-04,META,506.07000732421875,512.739990234375,0.0,0.0
2024-09-05,META,511.7200012207031,516.8599853515625,0.0,0.0
2024-09-06,META,521.8800048828125,500.2699890136719,0.0,0.0
2024-09-09,META,506.1600036621094,504.7900085449219,0.0,0.0
2024-09-10,META,508.1600036621094,504.7900085449219,0.0,0.0
2024-09-11,META,507.010009765625,511.8299865722656,0.0,0.0
2024-09-12,META,517.0499877929688,525.5999755859375,0.0,0.0
2024-09-13,META,520.3400268554688,524.6199951171875,0.0,0.0
2024-09-16,META,524.5399780273438,533.280029296875,0.5,0.0
2024-09-17,META,537.5999755859375,536.3200073242188,0.0,0.0
2024-09-18,META,537.0700073242188,537.9500122070312,0.0,0.0
2024-09-19,META,550.0,559.0999755859375,0.0,0.0
2024-09-20,META,560.0,561.3499755859375,0.0,0.0
2024-09-23,META,569.5,564.4099731445312,0.0,0.0
2024-09-24,META,566.6799926757812,563.3300170898438,0.0,0.0
2024-09-25,META,564.0499877929688,568.3099975585938,0.0,0.0
2024-09-26,META,575.72998046875,567.8400268554688,0.0,0.0
2024-09-27,META,570.0999755859375,567.3599853515625,0.0,0.0
2024-09-30,META,567.7000122070312,572.4400024414062,0.0,0.0
2024-10-01,META,577.97998046875,576.469970703125,0.0,0.0
2024-10-02,META,574.8599853515625,572.8099975585938,0.0,0.0
2024-10-03,META,570.1500244140625,582.77001953125,0.0,0.0
2024-10-04,META,583.72998046875,595.9400024414062,0.0,0.0
2024-10-07,META,598.219970703125,584.780029296875,0.0,0.0
2024-10-08,META,589.6900024414062,592.8900146484375,0.0,0.0
2024-10-09,META,593.989990234375,590.510009765625,0.0,0.0
2024-10-10,META,587.5700073242188,583.8300170898438,0.0,0.0
2024-10-11,META,584.8300170898438,589.9500122070312,0.0,0.0
2024-10-14,META,594.219970703125,590.4199829101562,0.0,0.0
2024-10-15,META,590.1599731445312,586.27001953125,0.0,0.0
2024-10-16,META,581.4000244140625,576.7899780273438,0.0,0.0
2024-10-17,META,583.3300170898438,576.9299926757812,0.0,0.0
2024-10-18,META,581.0999755859375,576.469970703125,0.0,0.0
2024-10-21,META,576.030029296875,575.1599731445312,0.0,0.0
2024-10-22,META,574.2899780273438,582.010009765625,0.0,0.0
2024-10-23,META,579.969970703125,563.6900024414062,0.0,0.0
2024-10-24,META,567.1300048828125,567.780029296875,0.0,0.0
2024-10-25,META,573.9299926757812,573.25,0.0,0.0
2024-10-28,META,582.0,578.1599731445312,0.0,0.0
2024-10-29,META,580.1500244140625,593.280029296875,0.0,0.0
2024-10-30,META,600.97998046875,591.7999877929688,0.0,0.0
2024-10-31,META,585.0,567.5800170898438,0.0,0.0
2024-11-01,META,567.6099853515625,567.1599731445312,0.0,0.0
2024-11-04,META,564.0999755859375,560.6799926757812,0.0,0.0
2024-11-05,META,567.2999877929688,572.4299926757812,0.0,0.0
2024-11-06,META,562.75,572.0499877929688,0.0,0.0
2024-11-07,META,576.8900146484375,591.7000122070312,0.0,0.0
2024-11-08,META,591.5399780273438,589.3400268554688,0.0,0.0
2024-11-11,META,586.3599853515625,583.1699829101562,0.0,0.0
2024-11-12,META,588.5399780273438,584.8200073242188,0.0,0.0
2024-11-13,META,582.6099853515625,580.0,0.0,0.0
2024-11-14,META,577.0,577.1599731445312,0.0,0.0
2024-11-15,META,571.219970703125,554.0800170898438,0.0,0.0
2024-11-18,META,557.0399780273438,554.4000244140625,0.0,0.0
2024-11-19,META,551.8599853515625,561.0900268554688,0.0,0.0
2024-11-20,META,562.9299926757812,565.52001953125,0.0,0.0
2024-11-21,META,569.52001953125,563.0900268554688,0.0,0.0
2024-11-22,META,563.5499877929688,559.1400146484375,0.0,0.0
2024-11-25,META,562.0999755859375,565.1099853515625,0.0,0.0
2024-11-26,META,566.0,573.5399780273438,0.0,0.0
2024-11-27,META,574.8900146484375,569.2000122070312,0.0,0.0
2024-11-29,META,569.0,574.3200073242188,0.0,0.0
2024-12-02,META,577.5,592.8300170898438,0.0,0.0
2024-12-03,META,595.0,613.6500244140625,0.0,0.0
2024-12-04,META,612.9600219726562,613.780029296875,0.0,0.0
2024-12-05,META,617.0800170898438,608.9299926757812,0.0,0.0
2024-12-06,META,610.0999755859375,623.77001953125,0.0,0.0
2024-12-09,META,623.9199829101562,613.5700073242188,0.0,0.0
2024-12-10,META,617.5599975585938,619.3200073242188,0.0,0.0
2024-12-11,META,623.3699951171875,632.6799926757812,0.0,0.0
2024-12-12,META,631.5,630.7899780273438,0.0,0.0
2024-12-13,META,627.219970703125,620.3499755859375,0.0,0.0
2024-12-16,META,629.97998046875,624.239990234375,0.5,0.0
2024-12-17,META,626.1699829101562,619.4400024414062,0.0,0.0
2024-12-18,META,621.0,597.1900024414062,0.0,0.0
2024-12-19,META,610.3900146484375,595.5700073242188,0.0,0.0
2024-12-20,META,590.5800170898438,585.25,0.0,0.0
2024-12-23,META,589.5999755859375,599.8499755859375,0.0,0.0
2024-12-24,META,602.719970703125,607.75,0.0,0.0
2024-12-26,META,605.47998046875,603.3499755859375,0.0,0.0
2024-12-27,META,599.4099731445312,599.8099975585938,0.0,0.0
2024-12-30,META,588.75,591.239990234375,0.0,0.0
2024-12-31,META,592.27001953125,585.510009765625,0.0,0.0
2025-01-02,META,589.719970703125,599.239990234375,0.0,0.0
2025-01-03,META,604.760009765625,604.6300048828125,0.0,0.0
2025-01-06,META,611.8300170898438,630.2000122070312,0.0,0.0
2025-01-07,META,631.7000122070312,617.8900146484375,0.0,0.0
2025-01-08,META,613.4000244140625,610.719970703125,0.0,0.0
2025-01-10,META,610.030029296875,615.8599853515625,0.0,0.0
2025-01-13,META,607.0999755859375,608.3300170898438,0.0,0.0
2025-01-14,META,605.0700073242188,594.25,0.0,0.0
2025-01-15,META,610.2100219726562,617.1199951171875,0.0,0.0
2025-01-16,META,611.5,611.2999877929688,0.0,0.0
2025-01-17,META,624.0499877929688,612.77001953125,0.0,0.0
2025-01-21,META,617.8300170898438,616.4600219726562,0.0,0.0
2025-01-22,META,623.2999877929688,623.5,0.0,0.0
2025-01-23,META,627.3599853515625,636.4500122070312,0.0,0.0
2025-01-24,META,636.4000244140625,647.489990234375,0.0,0.0
2025-01-27,META,626.6099853515625,659.8800048828125,0.0,0.0
2025-01-28,META,666.0,674.3300170898438,0.0,0.0
2025-01-29,META,675.0,676.489990234375,0.0,0.0
2025-01-30,META,696.8200073242188,687.0,0.0,0.0
2025-01-31,META,691.0,689.1799926757812,0.0,0.0
2025-02-03,META,675.9099731445312,697.4600219726562,0.0,0.0
2025-02-04,META,702.5,704.1900024414062,0.0,0.0
2025-02-05,META,703.5499877929688,704.8699951171875,0.0,0.0
2025-02-06,META,705.8800048828125,711.989990234375,0.0,0.0
2025-02-07,META,716.7999877929688,714.52001953125,0.0,0.0
2025-02-10,META,718.5599975585938,717.4000244140625,0.0,0.0
2025-02-11,META,713.3200073242188,719.7999877929688,0.0,0.0
2025-02-12,META,715.2999877929688,725.3800048828125,0.0,0.0
2025-02-13,META,721.52001953125,728.5599975585938,0.0,0.0
2025-02-14,META,726.1400146484375,736.6699829101562,0.0,0.0
2025-02-18,META,736.0,716.3699951171875,0.0,0.0
2025-02-19,META,704.0999755859375,703.77001953125,0.0,0.0
2025-02-20,META,697.280029296875,694.8400268554688,0.0,0.0
2025-02-21,META,696.5800170898438,683.5499877929688,0.0,0.0
2025-02-24,META,686.280029296875,668.1300048828125,0.0,0.0
2025-02-25,META,665.969970703125,657.5,0.0,0.0
2025-02-26,META,659.6500244140625,673.7000122070312,0.0,0.0
2025-02-27,META,682.4500122070312,658.239990234375,0.0,0.0
2025-02-28,META,658.0399780273438,668.2000122070312,0.0,0.0
2025-03-03,META,673.6799926757812,655.0499877929688,0.0,0.0
2025-03-04,META,645.510009765625,640.0,0.0,0.0
2025-03-05,META,641.0,656.469970703125,0.0,0.0
2025-03-06,META,648.0,627.9299926757812,0.0,0.0
2025-03-07,META,625.3699951171875,625.6599731445312,0.0,0.0
2025-03-10,META,608.0700073242188,597.989990234375,0.0,0.0
2025-03-11,META,595.0499877929688,605.7100219726562,0.0,0.0
2025-03-12,META,629.9000244140625,619.5599975585938,0.0,0.0
2025-03-13,META,620.25,590.6400146484375,0.0,0.0
2025-03-14,META,602.7999877929688,607.5999755859375,0.525,0.0
2025-03-17,META,607.4600219726562,604.9000244140625,0.0,0.0
2025-03-18,META,600.0499877929688,582.3599853515625,0.0,0.0
2025-03-19,META,584.280029296875,584.0599975585938,0.0,0.0
2025-03-20,META,582.760009765625,586.0,0.0,0.0
2025-03-21,META,583.4199829101562,596.25,0.0,0.0
2025-03-24,META,614.969970703125,618.8499755859375,0.0,0.0
2025-03-25,META,626.760009765625,626.3099975585938,0.0,0.0
2025-03-26,META,624.8900146484375,610.97998046875,0.0,0.0
2025-03-27,META,602.0,602.5800170898438,0.0,0.0
2025-03-28,META,600.3099975585938,576.739990234375,0.0,0.0
2025-03-31,META,563.5,576.3599853515625,0.0,0.0
2025-04-01,META,570.8400268554688,586.0,0.0,0.0
2025-04-02,META,574.9099731445312,583.9299926757812,0.0,0.0
2025-04-03,META,546.219970703125,531.6199951171875,0.0,0.0
2025-04-04,META,506.6199951171875,504.7300109863281,0.0,0.0
2025-04-07,META,485.1000061035156,516.25,0.0,0.0
2025-04-08,META,543.25,510.45001220703125,0.0,0.0
2025-04-09,META,509.2699890136719,585.77001953125,0.0,0.0
2025-04-10,META,575.489990234375,546.2899780273438,0.0,0.0
2025-04-11,META,535.510009765625,543.5700073242188,0.0,0.0
2025-04-14,META,556.1699829101562,531.47998046875,0.0,0.0
2025-04-15,META,532.1099853515625,521.52001953125,0.0,0.0
2025-04-16,META,508.510009765625,502.30999755859375,0.0,0.0
2025-04-17,META,505.25,501.4800109863281,0.0,0.0
2025-04-21,META,491.3299865722656,484.6600036621094,0.0,0.0
2025-04-22,META,491.8699951171875,500.2799987792969,0.0,0.0
2025-04-23,META,528.530029296875,520.27001953125,0.0,0.0
2025-04-24,META,518.72998046875,533.1500244140625,0.0,0.0
2025-04-25,META,546.7999877929688,547.27001953125,0.0,0.0
2025-04-28,META,555.6400146484375,549.739990234375,0.0,0.0
2025-04-29,META,546.0,554.4400024414062,0.0,0.0
2025-04-30,META,538.4000244140625,549.0,0.0,0.0
2025-05-01,META,592.0800170898438,572.2100219726562,0.0,0.0
2025-05-02,META,583.4600219726562,597.02001953125,0.0,0.0
2025-05-05,META,591.219970703125,599.27001953125,0.0,0.0
2025-05-06,META,592.530029296875,587.3099975585938,0.0,0.0
2025-05-07,META,590.3599853515625,596.8099975585938,0.0,0.0
2025-05-08,META,606.2899780273438,598.010009765625,0.0,0.0
2025-05-09,META,603.719970703125,592.489990234375,0.0,0.0
2025-05-12,META,630.9199829101562,639.4299926757812,0.0,0.0
2025-05-13,META,645.5399780273438,656.030029296875,0.0,0.0
2025-05-14,META,661.2100219726562,659.3599853515625,0.0,0.0
2025-05-15,META,654.280029296875,643.8800048828125,0.0,0.0
2025-05-16,META,637.9600219726562,640.3400268554688,0.0,0.0
2025-05-19,META,628.25,640.4299926757812,0.0,0.0
2025-05-20,META,636.010009765625,637.0999755859375,0.0,0.0
2025-05-21,META,631.7899780273438,635.5,0.0,0.0
2025-05-22,META,634.0499877929688,636.5700073242188,0.0,0.0
2025-05-23,META,624.0,627.0599975585938,0.0,0.0
2025-05-27,META,635.4099731445312,642.3200073242188,0.0,0.0
2025-05-28,META,642.5999755859375,643.5800170898438,0.0,0.0
2025-05-29,META,651.6500244140625,645.0499877929688,0.0,0.0
2025-05-30,META,642.5,647.489990234375,0.0,0.0
2025-06-02,META,644.3900146484375,670.9000244140625,0.0,0.0
2025-06-03,META,671.4500122070312,666.8499755859375,0.0,0.0
2025-06-04,META,669.3200073242188,687.9500122070312,0.0,0.0
2025-06-05,META,691.6599731445312,684.6199951171875,0.0,0.0
2025-06-06,META,696.1699829101562,697.7100219726562,0.0,0.0
2025-06-09,META,698.4600219726562,694.0599975585938,0.0,0.0
2025-06-10,META,701.3499755859375,702.4000244140625,0.0,0.0
2025-06-11,META,703.7100219726562,694.1400146484375,0.0,0.0
2025-06-12,META,693.2999877929688,693.3599853515625,0.0,0.0
2025-06-13,META,687.9500122070312,682.8699951171875,0.0,0.0
2025-06-16,META,699.3300170898438,702.1199951171875,0.525,0.0
2025-06-17,META,702.0,697.22998046875,0.0,0.0
2025-06-18,META,698.1799926757812,695.77001953125,0.0,0.0
2025-06-20,META,700.75,682.3499755859375,0.0,0.0
2025-06-23,META,683.6900024414062,698.530029296875,0.0,0.0
2025-06-24,META,704.8900146484375,712.2000122070312,0.0,0.0
2025-06-25,META,713.3200073242188,708.6799926757812,0.0,0.0
2025-06-26,META,714.3599853515625,726.0900268554688,0.0,0.0
2025-06-27,META,726.52001953125,733.6300048828125,0.0,0.0
2025-06-30,META,744.5499877929688,738.0900268554688,0.0,0.0
2025-07-01,META,736.8800048828125,719.219970703125,0.0,0.0
2025-07-02,META,715.3300170898438,713.5700073242188,0.0,0.0
2025-07-03,META,726.6099853515625,719.010009765625,0.0,0.0
2025-07-07,META,717.5999755859375,718.3499755859375,0.0,0.0
2025-07-08,META,721.5700073242188,720.6699829101562,0.0,0.0
2025-07-09,META,722.719970703125,732.780029296875,0.0,0.0
2025-07-10,META,731.5499877929688,727.239990234375,0.0,0.0
2025-07-11,META,722.5,717.510009765625,0.0,0.0
2025-07-14,META,717.5999755859375,720.9199829101562,0.0,0.0
2025-07-15,META,723.9000244140625,710.3900146484375,0.0,0.0
2025-07-16,META,713.3699951171875,702.9099731445312,0.0,0.0
2025-07-17,META,704.3900146484375,701.4099731445312,0.0,0.0
2025-07-18,META,702.1900024414062,704.280029296875,0.0,0.0
2025-07-21,META,706.7999877929688,712.969970703125,0.0,0.0
2025-07-22,META,716.1900024414062,704.8099975585938,0.0,0.0
2025-07-23,META,706.3699951171875,713.5800170898438,0.0,0.0
2025-07-24,META,717.0499877929688,714.7999877929688,0.0,0.0
2025-07-25,META,716.9199829101562,712.6799926757812,0.0,0.0
2025-07-28,META,715.2000122070312,717.6300048828125,0.0,0.0
2025-07-29,META,720.0,700.0,0.0,0.0
2025-07-30,META,708.0900268554688,695.2100219726562,0.0,0.0
2025-07-31,META,775.2000122070312,773.4400024414062,0.0,0.0
2025-08-01,META,760.72998046875,750.010009765625,0.0,0.0
2025-08-04,META,760.0,776.3699951171875,0.0,0.0
2025-08-05,META,776.4500122070312,763.4600219726562,0.0,0.0
2025-08-06,META,770.0,771.989990234375,0.0,0.0
2025-08-07,META,773.489990234375,761.8300170898438,0.0,0.0
2025-08-08,META,762.75,769.2999877929688,0.0,0.0
2025-08-11,META,770.0800170898438,765.8699951171875,0.0,0.0
2025-08-12,META,773.0,790.0,0.0,0.0
2025-08-13,META,791.1500244140625,780.0800170898438,0.0,0.0
2025-08-14,META,777.8800048828125,782.1300048828125,0.0,0.0
2025-08-15,META,784.1500244140625,785.22998046875,0.0,0.0
2025-08-18,META,775.0900268554688,767.3699951171875,0.0,0.0
2025-08-19,META,767.1199951171875,751.47998046875,0.0,0.0
2025-08-20,META,747.5700073242188,747.719970703125,0.0,0.0
2025-08-21,META,744.7100219726562,739.0999755859375,0.0,0.0
2025-08-22,META,739.22998046875,754.7899780273438,0.0,0.0
2025-08-25,META,754.8200073242188,753.2999877929688,0.0,0.0
2025-08-26,META,750.7999877929688,754.0999755859375,0.0,0.0
2025-08-27,META,752.2999877929688,747.3800048828125,0.0,0.0
2025-08-28,META,744.0,751.1099853515625,0.0,0.0
2025-08-29,META,745.280029296875,738.7000122070312,0.0,0.0
2025-09-02,META,726.0399780273438,735.1099853515625,0.0,0.0
2025-09-03,META,736.0,737.0499877929688,0.0,0.0
2025-09-04,META,748.5700073242188,748.6500244140625,0.0,0.0
2025-09-05,META,752.6199951171875,752.4500122070312,0.0,0.0
2025-09-08,META,756.0,752.2999877929688,0.0,0.0
2025-09-09,META,757.489990234375,765.7000122070312,0.0,0.0
2025-09-10,META,765.1300048828125,751.97998046875,0.0,0.0
2025-09-11,META,754.6500244140625,750.9000244140625,0.0,0.0
2025-09-12,META,748.72998046875,755.5900268554688,0.0,0.0
2025-09-15,META,757.469970703125,764.7000122070312,0.0,0.0
2025-09-16,META,767.0,779.0,0.0,0.0
2025-09-17,META,779.989990234375,775.719970703125,0.0,0.0
2025-09-18,META,780.75,780.25,0.0,0.0
2025-09-19,META,786.4199829101562,778.3800048828125,0.0,0.0
2025-09-22,META,781.8499755859375,765.1599731445312,0.525,0.0
2025-09-23,META,769.25,755.4000244140625,0.0,0.0
2025-09-24,META,757.5,760.6599731445312,0.0,0.0
2025-09-25,META,753.4500122070312,748.9099731445312,0.0,0.0
2025-09-26,META,750.0,743.75,0.0,0.0
2025-09-29,META,748.719970703125,743.4000244140625,0.0,0.0
2025-09-30,META,742.25,734.3800048828125,0.0,0.0
2025-10-01,META,721.489990234375,717.3400268554688,0.0,0.0
2025-10-02,META,722.5800170898438,727.0499877929688,0.0,0.0
2025-10-03,META,729.6300048828125,710.5599975585938,0.0,0.0
2025-10-06,META,705.1900024414062,715.6599731445312,0.0,0.0
2025-10-07,META,717.719970703125,713.0800170898438,0.0,0.0
2025-10-08,META,713.4500122070312,717.8400268554688,0.0,0.0
2025-10-09,META,718.280029296875,733.510009765625,0.0,0.0
2025-10-10,META,730.9199829101562,705.2999877929688,0.0,0.0
2025-10-13,META,713.010009765625,715.7000122070312,0.0,0.0
2025-10-14,META,707.780029296875,708.6500244140625,0.0,0.0
2025-10-15,META,717.0599975585938,717.5499877929688,0.0,0.0
2025-10-16,META,717.5499877929688,712.0700073242188,0.0,0.0
2025-10-17,META,707.0800170898438,716.9199829101562,0.0,0.0
2025-10-20,META,721.1900024414062,732.1699829101562,0.0,0.0
2025-10-21,META,736.02001953125,733.27001953125,0.0,0.0
2025-10-22,META,733.8300170898438,733.4099731445312,0.0,0.0
2025-10-23,META,734.7000122070312,734.0,0.0,0.0
2025-10-24,META,736.7899780273438,738.3599853515625,0.0,0.0
2025-10-27,META,749.72998046875,750.8200073242188,0.0,0.0
2025-10-28,META,752.6300048828125,751.4400024414062,0.0,0.0
2025-10-29,META,754.75,751.6699829101562,0.0,0.0
2025-10-30,META,669.1500244140625,666.469970703125,0.0,0.0
2025-10-31,META,674.510009765625,648.3499755859375,0.0,0.0
2025-11-03,META,656.0,637.7100219726562,0.0,0.0
2025-11-04,META,628.0399780273438,627.3200073242188,0.0,0.0
2025-11-05,META,632.3099975585938,635.9500122070312,0.0,0.0
2025-11-06,META,635.8499755859375,618.9400024414062,0.0,0.0
2025-11-07,META,616.489990234375,621.7100219726562,0.0,0.0
2025-11-10,META,631.0900268554688,631.760009765625,0.0,0.0
2025-11-11,META,628.0,627.0800170898438,0.0,0.0
2025-11-12,META,628.1300048828125,609.010009765625,0.0,0.0
2025-11-13,META,613.0700073242188,609.8900146484375,0.0,0.0
2025-11-14,META,601.7899780273438,609.4600219726562,0.0,0.0
2025-11-17,META,609.0399780273438,602.010009765625,0.0,0.0
2025-11-18,META,591.5999755859375,597.6900024414062,0.0,0.0
2025-11-19,META,593.719970703125,590.3200073242188,0.0,0.0
2025-11-20,META,603.5,589.1500244140625,0.0,0.0
2025-11-21,META,588.5,594.25,0.0,0.0
2025-11-24,META,598.719970703125,613.0499877929688,0.0,0.0
2025-11-25,META,624.0,636.219970703125,0.0,0.0
2025-11-26,META,637.6900024414062,633.6099853515625,0.0,0.0
2025-11-28,META,636.0800170898438,647.9500122070312,0.0,0.0
2025-12-01,META,639.5499877929688,640.8699951171875,0.0,0.0
2025-12-02,META,642.3400268554688,647.0999755859375,0.0,0.0
2025-12-03,META,644.4099731445312,639.5999755859375,0.0,0.0
2025-12-04,META,676.0,661.530029296875,0.0,0.0
2025-12-05,META,664.0,673.4199829101562,0.0,0.0
2025-12-08,META,669.3400268554688,666.7999877929688,0.0,0.0
2025-12-09,META,663.77001953125,656.9600219726562,0.0,0.0
2025-12-10,META,649.9500122070312,650.1300048828125,0.0,0.0
2025-12-11,META,643.2899780273438,652.7100219726562,0.0,0.0
2025-12-12,META,649.7999877929688,644.22998046875,0.0,0.0
2025-12-15,META,645.7000122070312,647.510009765625,0.525,0.0
2025-12-16,META,643.5,657.1500244140625,0.0,0.0
2025-12-17,META,655.6099853515625,649.5,0.0,0.0
2025-12-18,META,657.030029296875,664.4500122070312,0.0,0.0
2025-12-19,META,666.4199829101562,658.77001953125,0.0,0.0
2025-12-22,META,661.6500244140625,661.5,0.0,0.0
2025-12-23,META,660.0499877929688,664.9400024414062,0.0,0.0
2025-12-24,META,662.530029296875,667.5499877929688,0.0,0.0
2025-12-26,META,668.0599975585938,663.2899780273438,0.0,0.0
2025-12-29,META,658.010009765625,658.6900024414062,0.0,0.0
2025-12-30,META,658.6900024414062,665.9500122070312,0.0,0.0
2025-12-31,META,664.75,660.0900268554688,0.0,0.0
2026-01-02,META,662.72998046875,650.4099731445312,0.0,0.0
2026-01-05,META,651.010009765625,658.7899780273438,0.0,0.0
2026-01-06,META,659.5700073242188,660.6199951171875,0.0,0.0
2026-01-07,META,655.6400146484375,648.6900024414062,0.0,0.0
2026-01-08,META,645.8800048828125,646.0599975585938,0.0,0.0
2026-01-09,META,645.4400024414062,653.0599975585938,0.0,0.0
2026-01-12,META,652.530029296875,641.969970703125,0.0,0.0
2026-01-13,META,642.27001953125,631.0900268554688,0.0,0.0
2026-01-14,META,626.5,615.52001953125,0.0,0.0
2026-01-15,META,618.47998046875,620.7999877929688,0.0,0.0
2026-01-16,META,624.1799926757812,620.25,0.0,0.0
2026-01-20,META,607.8800048828125,604.1199951171875,0.0,0.0
2026-01-21,META,606.739990234375,612.9600219726562,0.0,0.0
2026-01-22,META,629.3499755859375,647.6300048828125,0.0,0.0
2026-01-23,META,644.77001953125,658.760009765625,0.0,0.0
2026-01-26,META,665.1300048828125,672.3599853515625,0.0,0.0
2026-01-27,META,674.5900268554688,672.969970703125,0.0,0.0
2026-01-28,META,674.5,668.72998046875,0.0,0.0
2026-01-29,META,737.4299926757812,738.3099975585938,0.0,0.0
2026-01-30,META,727.5,716.5,0.0,0.0
2026-02-02,META,714.5999755859375,706.4099731445312,0.0,0.0
2026-02-03,META,707.3699951171875,691.7000122070312,0.0,0.0
2026-02-04,META,687.72998046875,668.989990234375,0.0,0.0
2026-02-05,META,663.5800170898438,670.2100219726562,0.0,0.0
2026-02-06,META,665.489990234375,661.4600219726562,0.0,0.0
2026-02-09,META,663.1799926757812,677.219970703125,0.0,0.0
2026-02-10,META,677.5999755859375,670.719970703125,0.0,0.0
2026-02-11,META,674.0,668.6900024414062,0.0,0.0
2026-02-12,META,669.969970703125,649.8099975585938,0.0,0.0
2026-02-13,META,645.0999755859375,639.77001953125,0.0,0.0
2026-02-17,META,639.5,639.2899780273438,0.0,0.0
2026-02-18,META,633.7999877929688,643.219970703125,0.0,0.0
2026-02-19,META,638.5700073242188,644.780029296875,0.0,0.0
2026-02-20,META,639.6900024414062,655.6599731445312,0.0,0.0
2026-02-23,META,652.5399780273438,637.25,0.0,0.0
2026-02-24,META,633.0800170898438,639.2999877929688,0.0,0.0
2026-02-25,META,642.530029296875,653.6900024414062,0.0,0.0
2026-02-26,META,650.5499877929688,657.010009765625,0.0,0.0
2026-02-27,META,643.4500122070312,648.1799926757812,0.0,0.0
2026-03-02,META,637.1599731445312,653.5599975585938,0.0,0.0
2026-03-03,META,648.2899780273438,655.0800170898438,0.0,0.0
2026-03-04,META,657.9600219726562,667.72998046875,0.0,0.0
2026-03-05,META,661.9299926757812,660.5700073242188,0.0,0.0
2026-03-06,META,647.9000244140625,644.8599853515625,0.0,0.0
2026-03-09,META,634.780029296875,647.3900146484375,0.0,0.0
2026-03-10,META,653.5599975585938,654.0700073242188,0.0,0.0
2026-03-11,META,654.760009765625,654.8599853515625,0.0,0.0
2026-03-12,META,648.75,638.1799926757812,0.0,0.0
2026-03-13,META,623.8900146484375,613.7100219726562,0.0,0.0
2026-03-16,META,632.0,627.4500122070312,0.525,0.0
2026-03-17,META,627.989990234375,622.6599731445312,0.0,0.0
2026-03-18,META,616.3400268554688,615.6799926757812,0.0,0.0
2026-03-19,META,612.1500244140625,606.7000122070312,0.0,0.0
2026-03-20,META,603.530029296875,593.6599731445312,0.0,0.0
2026-03-23,META,605.7899780273438,604.0599975585938,0.0,0.0
2026-03-24,META,599.0999755859375,592.9199829101562,0.0,0.0
2026-03-25,META,598.739990234375,594.8900146484375,0.0,0.0
2026-03-26,META,582.489990234375,547.5399780273438,0.0,0.0
2026-03-27,META,540.0999755859375,525.719970703125,0.0,0.0
2026-03-30,META,536.3800048828125,536.3800048828125,0.0,0.0
2026-03-31,META,549.97998046875,572.1300048828125,0.0,0.0
2026-04-01,META,580.1300048828125,579.22998046875,0.0,0.0
2026-04-02,META,566.0399780273438,574.4600219726562,0.0,0.0
2026-04-06,META,577.6900024414062,573.02001953125,0.0,0.0
2026-04-07,META,572.47998046875,575.0499877929688,0.0,0.0
2026-04-08,META,606.0,612.4199829101562,0.0,0.0
2026-04-09,META,626.969970703125,628.3900146484375,0.0,0.0
2026-04-10,META,634.469970703125,629.8599853515625,0.0,0.0
2026-04-13,META,629.5,634.530029296875,0.0,0.0
2026-04-14,META,643.219970703125,662.489990234375,0.0,0.0
2026-04-15,META,667.0,671.5800170898438,0.0,0.0
2026-04-16,META,675.989990234375,676.8699951171875,0.0,0.0
2026-04-17,META,678.5999755859375,688.5499877929688,0.0,0.0
2026-04-20,META,681.3599853515625,670.9099731445312,0.0,0.0
2026-04-21,META,671.0,668.8400268554688,0.0,0.0
2026-04-22,META,674.3599853515625,674.719970703125,0.0,0.0
2026-04-23,META,663.7000122070312,659.1500244140625,0.0,0.0
2026-04-24,META,660.3200073242188,675.030029296875,0.0,0.0
2026-04-27,META,671.0,678.6199951171875,0.0,0.0
2026-04-28,META,674.239990234375,671.3400268554688,0.0,0.0
2026-04-29,META,668.9099731445312,669.1199951171875,0.0,0.0
2026-04-30,META,619.3200073242188,611.9099731445312,0.0,0.0
2026-05-01,META,614.6900024414062,608.75,0.0,0.0
2026-05-04,META,607.9400024414062,610.4099731445312,0.0,0.0
2026-05-05,META,613.3099975585938,604.9600219726562,0.0,0.0
2026-05-06,META,601.0499877929688,612.8800048828125,0.0,0.0
2026-05-07,META,614.719970703125,616.8099975585938,0.0,0.0
2026-05-08,META,615.2000122070312,609.6300048828125,0.0,0.0
2026-05-11,META,604.5700073242188,598.8599853515625,0.0,0.0
2026-05-12,META,594.8200073242188,603.0,0.0,0.0
2026-05-13,META,598.8300170898438,616.6300048828125,0.0,0.0
2026-05-14,META,616.0,618.4299926757812,0.0,0.0
2026-05-15,META,613.989990234375,614.22998046875,0.0,0.0
2026-05-18,META,609.1099853515625,611.2100219726562,0.0,0.0
2026-05-19,META,608.9199829101562,602.6099853515625,0.0,0.0
2026-05-20,META,600.760009765625,605.0599975585938,0.0,0.0
2026-05-21,META,600.0,607.3800048828125,0.0,0.0
2026-05-22,META,607.8800048828125,610.260009765625,0.0,0.0
2026-05-26,META,608.8900146484375,612.3400268554688,0.0,0.0
2026-05-27,META,609.4000244140625,635.260009765625,0.0,0.0
2026-05-28,META,639.5,635.2899780273438,0.0,0.0
2026-05-29,META,633.5,632.510009765625,0.0,0.0
2026-06-01,META,630.4000244140625,600.469970703125,0.0,0.0
2026-06-02,META,603.239990234375,597.6300048828125,0.0,0.0
2026-06-03,META,603.0,622.97998046875,0.0,0.0
2026-06-04,META,623.6699829101562,627.5700073242188,0.0,0.0
2026-06-05,META,623.4600219726562,593.0,0.0,0.0
2026-06-08,META,592.0,585.3900146484375,0.0,0.0
2026-06-09,META,591.0,584.5900268554688,0.0,0.0
2026-06-10,META,580.72998046875,570.97998046875,0.0,0.0
2026-06-11,META,565.8300170898438,568.4299926757812,0.0,0.0
2026-06-12,META,572.9500122070312,566.97998046875,0.0,0.0
2026-06-15,META,579.9000244140625,593.47998046875,0.525,0.0
2026-06-16,META,593.6500244140625,600.2100219726562,0.0,0.0
2026-06-17,META,592.0,567.5800170898438,0.0,0.0
2026-06-18,META,572.8200073242188,577.219970703125,0.0,0.0
2026-06-22,META,572.02001953125,563.8499755859375,0.0,0.0
2026-06-23,META,562.25,562.2000122070312,0.0,0.0
2026-06-24,META,561.8900146484375,557.6699829101562,0.0,0.0
2026-06-25,META,555.5499877929688,542.8699951171875,0.0,0.0
2026-06-26,META,543.3400268554688,550.25,0.0,0.0
2026-06-29,META,560.0,562.5999755859375,0.0,0.0
2026-06-30,META,560.9400024414062,563.2899780273438,0.0,0.0
2026-07-01,META,607.9099731445312,612.9099731445312,0.0,0.0
2026-07-02,META,607.9000244140625,582.9000244140625,0.0,0.0
2026-07-06,META,594.8400268554688,600.2899780273438,0.0,0.0
2026-07-07,META,607.5900268554688,615.5800170898438,0.0,0.0
2026-07-08,META,614.3900146484375,603.1199951171875,0.0,0.0
2026-07-09,META,583.989990234375,631.47998046875,0.0,0.0
2026-07-10,META,660.3400268554688,669.2100219726562,0.0,0.0
2026-07-13,META,661.3800048828125,656.72998046875,0.0,0.0
2026-07-14,META,652.0,661.0399780273438,0.0,0.0
2026-07-15,META,663.5999755859375,681.3099975585938,0.0,0.0
2026-07-16,META,677.280029296875,664.5399780273438,0.0,0.0
2026-07-17,META,647.7000122070312,646.010009765625,0.0,0.0
2026-07-20,META,646.7000122070312,645.8499755859375,0.0,0.0
2026-07-21,META,654.1799926757812,643.8099975585938,0.0,0.0
2026-07-22,META,647.7000122070312,627.1699829101562,0.0,0.0
2026-07-23,META,608.4099731445312,606.0999755859375,0.0,0.0
2026-07-24,META,605.2999877929688,595.1900024414062,0.0,0.0
2026-07-27,META,607.219970703125,593.8699951171875,0.0,0.0
2026-07-28,META,596.8200073242188,593.4099731445312,0.0,0.0
2026-07-29,META,593.25,585.6099853515625,0.0,0.0
2026-07-30,META,526.0,539.030029296875,0.0,0.0
2026-07-31,META,543.5999755859375,556.7100219726562,0.0,0.0
2026-08-03,META,562.239990234375,590.239990234375,0.0,0.0
2026-08-04,META,581.5,587.9400024414062,0.0,0.0
2026-08-05,META,600.4600219726562,588.77001953125,0.0,0.0
2026-08-06,META,586.9500122070312,589.9000244140625,0.0,0.0
2026-08-07,META,585.6400146484375,592.0999755859375,0.0,0.0
2026-08-10,META,599.1300048828125,594.9199829101562,0.0,0.0
2026-08-11,META,598.0,599.1199951171875,0.0,0.0
2026-08-12,META,601.0700073242188,578.8499755859375,0.0,0.0
2026-08-13,META,580.7100219726562,594.969970703125,0.0,0.0
2026-08-14,META,596.97998046875,589.8499755859375,0.0,0.0
2026-08-17,META,589.75,568.969970703125,0.0,0.0
2026-08-18,META,557.47998046875,543.6699829101562,0.0,0.0
2026-08-19,META,541.3400268554688,546.030029296875,0.0,0.0
2026-08-20,META,546.9500122070312,545.8300170898438,0.0,0.0
2026-08-21,META,546.8900146484375,549.9000244140625,0.0,0.0
2026-08-24,META,550.2000122070312,559.02001953125,0.0,0.0
2026-08-25,META,563.8800048828125,570.0499877929688,0.0,0.0
2026-08-26,META,590.3099975585938,576.1400146484375,0.0,0.0
2026-08-27,META,576.47998046875,571.0999755859375,0.0,0.0
2026-08-28,META,571.5499877929688,578.02001953125,0.0,0.0
2024-08-29,MSTR,137.0,132.55999755859375,0.0,0.0
2024-08-30,MSTR,134.0,132.4199981689453,0.0,0.0
2024-09-03,MSTR,132.0,122.31999969482422,0.0,0.0
2024-09-04,MSTR,120.25,124.8499984741211,0.0,0.0
2024-09-05,MSTR,122.3499984741211,119.56999969482422,0.0,0.0
2024-09-06,MSTR,122.93000030517578,114.30000305175781,0.0,0.0
2024-09-09,MSTR,118.93000030517578,124.81999969482422,0.0,0.0
2024-09-10,MSTR,123.0,129.63999938964844,0.0,0.0
2024-09-11,MSTR,124.80999755859375,129.27999877929688,0.0,0.0
2024-09-12,MSTR,129.0,130.77000427246094,0.0,0.0
2024-09-13,MSTR,131.10000610351562,141.47000122070312,0.0,0.0
2024-09-16,MSTR,137.02000427246094,134.52999877929688,0.0,0.0
2024-09-17,MSTR,138.3699951171875,131.27000427246094,0.0,0.0
2024-09-18,MSTR,130.44000244140625,132.6699981689453,0.0,0.0
2024-09-19,MSTR,140.4499969482422,144.66000366210938,0.0,0.0
2024-09-20,MSTR,144.38999938964844,144.77999877929688,0.0,0.0
2024-09-23,MSTR,147.47999572753906,149.97000122070312,0.0,0.0
2024-09-24,MSTR,150.16000366210938,153.8800048828125,0.0,0.0
2024-09-25,MSTR,152.3000030517578,151.94000244140625,0.0,0.0
2024-09-26,MSTR,157.6300048828125,165.97999572753906,0.0,0.0
2024-09-27,MSTR,170.47999572753906,176.22000122070312,0.0,0.0
2024-09-30,MSTR,168.6300048828125,168.60000610351562,0.0,0.0
2024-10-01,MSTR,168.52000427246094,162.69000244140625,0.0,0.0
2024-10-02,MSTR,160.50999450683594,164.63999938964844,0.0,0.0
2024-10-03,MSTR,163.38999938964844,163.41000366210938,0.0,0.0
2024-10-04,MSTR,166.72000122070312,176.50999450683594,0.0,0.0
2024-10-07,MSTR,179.7100067138672,186.08999633789062,0.0,0.0
2024-10-08,MSTR,186.10000610351562,192.1999969482422,0.0,0.0
2024-10-09,MSTR,189.77000427246094,188.91000366210938,0.0,0.0
2024-10-10,MSTR,191.88999938964844,183.33999633789062,0.0,0.0
2024-10-11,MSTR,188.5,212.58999633789062,0.0,0.0
2024-10-14,MSTR,224.47999572753906,201.6699981689453,0.0,0.0
2024-10-15,MSTR,206.72999572753906,194.30999755859375,0.0,0.0
2024-10-16,MSTR,199.89999389648438,194.08999633789062,0.0,0.0
2024-10-17,MSTR,192.8000030517578,193.4199981689453,0.0,0.0
2024-10-18,MSTR,197.58999633789062,215.86000061035156,0.0,0.0
2024-10-21,MSTR,214.49000549316406,219.0500030517578,0.0,0.0
2024-10-22,MSTR,216.2100067138672,219.6999969482422,0.0,0.0
2024-10-23,MSTR,215.0800018310547,213.9499969482422,0.0,0.0
2024-10-24,MSTR,220.08999633789062,235.88999938964844,0.0,0.0
2024-10-25,MSTR,236.38999938964844,234.33999633789062,0.0,0.0
2024-10-28,MSTR,244.63999938964844,255.33999633789062,0.0,0.0
2024-10-29,MSTR,264.25,258.239990234375,0.0,0.0
2024-10-30,MSTR,246.5,247.30999755859375,0.0,0.0
2024-10-31,MSTR,251.1199951171875,244.5,0.0,0.0
2024-11-01,MSTR,245.3300018310547,229.7100067138672,0.0,0.0
2024-11-04,MSTR,226.97000122070312,222.99000549316406,0.0,0.0
2024-11-05,MSTR,233.33999633789062,227.8000030517578,0.0,0.0
2024-11-06,MSTR,260.0,257.80999755859375,0.0,0.0
2024-11-07,MSTR,256.79998779296875,270.80999755859375,0.0,0.0
2024-11-08,MSTR,275.5799865722656,270.4200134277344,0.0,0.0
2024-11-11,MSTR,297.0,340.0,0.0,0.0
2024-11-12,MSTR,334.7699890136719,356.5899963378906,0.0,0.0
2024-11-13,MSTR,366.9800109863281,328.3800048828125,0.0,0.0
2024-11-14,MSTR,341.7699890136719,327.6700134277344,0.0,0.0
2024-11-15,MSTR,336.6000061035156,340.6499938964844,0.0,0.0
2024-11-18,MSTR,345.4200134277344,384.7900085449219,0.0,0.0
2024-11-19,MSTR,389.5,430.5400085449219,0.0,0.0
2024-11-20,MSTR,463.3999938964844,473.8299865722656,0.0,0.0
2024-11-21,MSTR,535.6300048828125,397.2799987792969,0.0,0.0
2024-11-22,MSTR,403.6000061035156,421.8800048828125,0.0,0.0
2024-11-25,MSTR,440.75,403.45001220703125,0.0,0.0
2024-11-26,MSTR,382.7799987792969,353.69000244140625,0.0,0.0
2024-11-27,MSTR,384.2900085449219,388.8399963378906,0.0,0.0
2024-11-29,MSTR,405.75,387.4700012207031,0.0,0.0
2024-12-02,MSTR,393.6400146484375,380.29998779296875,0.0,0.0
2024-12-03,MSTR,367.8500061035156,373.42999267578125,0.0,0.0
2024-12-04,MSTR,380.0,406.0,0.0,0.0
2024-12-05,MSTR,440.1199951171875,386.3999938964844,0.0,0.0
2024-12-06,MSTR,395.2900085449219,395.010009765625,0.0,0.0
2024-12-09,MSTR,394.0,365.3399963378906,0.0,0.0
2024-12-10,MSTR,373.3699951171875,377.32000732421875,0.0,0.0
2024-12-11,MSTR,385.6600036621094,411.3999938964844,0.0,0.0
2024-12-12,MSTR,413.7099914550781,392.19000244140625,0.0,0.0
2024-12-13,MSTR,400.07000732421875,408.6700134277344,0.0,0.0
2024-12-16,MSTR,424.8699951171875,408.5,0.0,0.0
2024-12-17,MSTR,413.45001220703125,386.4200134277344,0.0,0.0
2024-12-18,MSTR,386.0,349.6400146484375,0.0,0.0
2024-12-19,MSTR,365.44000244140625,326.4599914550781,0.0,0.0
2024-12-20,MSTR,319.3699951171875,364.20001220703125,0.0,0.0
2024-12-23,MSTR,358.0,332.2300109863281,0.0,0.0
2024-12-24,MSTR,343.5,358.17999267578125,0.0,0.0
2024-12-26,MSTR,350.30999755859375,341.04998779296875,0.0,0.0
2024-12-27,MSTR,342.29998779296875,330.0,0.0,0.0
2024-12-30,MSTR,319.3999938964844,302.9599914550781,0.0,0.0
2024-12-31,MSTR,316.9599914550781,289.6199951171875,0.0,0.0
2025-01-02,MSTR,300.1099853515625,300.010009765625,0.0,0.0
2025-01-03,MSTR,303.0,339.6600036621094,0.0,0.0
2025-01-06,MSTR,349.8500061035156,379.0899963378906,0.0,0.0
2025-01-07,MSTR,366.4700012207031,341.42999267578125,0.0,0.0
2025-01-08,MSTR,335.25,331.70001220703125,0.0,0.0
2025-01-10,MSTR,330.30999755859375,327.9100036621094,0.0,0.0
2025-01-13,MSTR,309.95001220703125,328.3999938964844,0.0,0.0
2025-01-14,MSTR,343.0,342.1700134277344,0.0,0.0
2025-01-15,MSTR,357.80999755859375,360.6199951171875,0.0,0.0
2025-01-16,MSTR,357.8900146484375,367.0,0.0,0.0
2025-01-17,MSTR,383.2799987792969,396.5,0.0,0.0
2025-01-21,MSTR,395.4599914550781,389.1000061035156,0.0,0.0
2025-01-22,MSTR,384.9100036621094,377.30999755859375,0.0,0.0
2025-01-23,MSTR,371.75,373.1199951171875,0.0,0.0
2025-01-24,MSTR,377.6700134277344,353.6700134277344,0.0,0.0
2025-01-27,MSTR,340.5,347.9200134277344,0.0,0.0
2025-01-28,MSTR,344.67999267578125,335.92999267578125,0.0,0.0
2025-01-29,MSTR,338.20001220703125,341.25,0.0,0.0
2025-01-30,MSTR,345.8299865722656,340.0899963378906,0.0,0.0
2025-01-31,MSTR,340.1099853515625,334.7900085449219,0.0,0.0
2025-02-03,MSTR,310.0,347.0899963378906,0.0,0.0
2025-02-04,MSTR,341.20001220703125,348.30999755859375,0.0,0.0
2025-02-05,MSTR,349.0,336.70001220703125,0.0,0.0
2025-02-06,MSTR,338.70001220703125,325.4599914550781,0.0,0.0
2025-02-07,MSTR,335.0,327.55999755859375,0.0,0.0
2025-02-10,MSTR,333.5,334.6199951171875,0.0,0.0
2025-02-11,MSTR,332.9800109863281,319.4599914550781,0.0,0.0
2025-02-12,MSTR,315.9599914550781,326.82000732421875,0.0,0.0
2025-02-13,MSTR,325.5,324.9200134277344,0.0,0.0
2025-02-14,MSTR,325.1499938964844,337.7300109863281,0.0,0.0
2025-02-18,MSTR,337.3500061035156,333.9700012207031,0.0,0.0
2025-02-19,MSTR,337.29998779296875,318.6700134277344,0.0,0.0
2025-02-20,MSTR,323.7300109863281,323.9200134277344,0.0,0.0
2025-02-21,MSTR,327.92999267578125,299.69000244140625,0.0,0.0
2025-02-24,MSTR,304.0,282.760009765625,0.0,0.0
2025-02-25,MSTR,268.1000061035156,250.50999450683594,0.0,0.0
2025-02-26,MSTR,245.38999938964844,263.2699890136719,0.0,0.0
2025-02-27,MSTR,267.42999267578125,240.0500030517578,0.0,0.0
2025-02-28,MSTR,238.32000732421875,255.42999267578125,0.0,0.0
2025-03-03,MSTR,293.1499938964844,250.9199981689453,0.0,0.0
2025-03-04,MSTR,240.27999877929688,275.1499938964844,0.0,0.0
2025-03-05,MSTR,278.30999755859375,308.54998779296875,0.0,0.0
2025-03-06,MSTR,298.95001220703125,304.1099853515625,0.0,0.0
2025-03-07,MSTR,298.1499938964844,287.17999267578125,0.0,0.0
2025-03-10,MSTR,268.0,239.27000427246094,0.0,0.0
2025-03-11,MSTR,245.0,260.5899963378906,0.0,0.0
2025-03-12,MSTR,264.6000061035156,262.54998779296875,0.0,0.0
2025-03-13,MSTR,262.0,263.260009765625,0.0,0.0
2025-03-14,MSTR,273.989990234375,297.489990234375,0.0,0.0
2025-03-17,MSTR,292.1499938964844,294.2699890136719,0.0,0.0
2025-03-18,MSTR,283.20001220703125,283.19000244140625,0.0,0.0
2025-03-19,MSTR,290.29998779296875,304.2300109863281,0.0,0.0
2025-03-20,MSTR,298.7900085449219,302.07000732421875,0.0,0.0
2025-03-21,MSTR,295.70001220703125,304.0,0.0,0.0
2025-03-24,MSTR,316.1400146484375,335.7200012207031,0.0,0.0
2025-03-25,MSTR,333.4800109863281,341.80999755859375,0.0,0.0
2025-03-26,MSTR,336.5,329.30999755859375,0.0,0.0
2025-03-27,MSTR,322.5299987792969,324.5899963378906,0.0,0.0
2025-03-28,MSTR,318.3800048828125,289.4100036621094,0.0,0.0
2025-03-31,MSTR,281.8699951171875,288.2699890136719,0.0,0.0
2025-04-01,MSTR,293.5299987792969,306.0199890136719,0.0,0.0
2025-04-02,MSTR,297.8599853515625,312.5400085449219,0.0,0.0
2025-04-03,MSTR,286.75,282.2799987792969,0.0,0.0
2025-04-04,MSTR,285.0199890136719,293.6099853515625,0.0,0.0
2025-04-07,MSTR,260.1400146484375,268.1400146484375,0.0,0.0
2025-04-08,MSTR,278.1499938964844,237.9499969482422,0.0,0.0
2025-04-09,MSTR,242.02000427246094,296.8599853515625,0.0,0.0
2025-04-10,MSTR,282.5,272.3399963378906,0.0,0.0
2025-04-11,MSTR,281.29998779296875,299.9800109863281,0.0,0.0
2025-04-14,MSTR,309.79998779296875,311.45001220703125,0.0,0.0
2025-04-15,MSTR,312.2200012207031,310.7200012207031,0.0,0.0
2025-04-16,MSTR,306.05999755859375,311.6600036621094,0.0,0.0
2025-04-17,MSTR,313.8900146484375,317.20001220703125,0.0,0.0
2025-04-21,MSTR,324.989990234375,317.760009765625,0.0,0.0
2025-04-22,MSTR,328.7099914550781,343.0299987792969,0.0,0.0
2025-04-23,MSTR,354.70001220703125,345.7300109863281,0.0,0.0
2025-04-24,MSTR,344.9700012207031,350.3399963378906,0.0,0.0
2025-04-25,MSTR,354.0,368.7099914550781,0.0,0.0
2025-04-28,MSTR,373.2900085449219,369.25,0.0,0.0
2025-04-29,MSTR,369.0199890136719,381.45001220703125,0.0,0.0
2025-04-30,MSTR,373.7799987792969,380.1099853515625,0.0,0.0
2025-05-01,MSTR,392.2900085449219,381.6000061035156,0.0,0.0
2025-05-02,MSTR,393.8800048828125,394.3699951171875,0.0,0.0
2025-05-05,MSTR,383.3299865722656,386.5299987792969,0.0,0.0
2025-05-06,MSTR,378.55999755859375,385.6000061035156,0.0,0.0
2025-05-07,MSTR,393.79998779296875,392.4800109863281,0.0,0.0
2025-05-08,MSTR,408.1700134277344,414.3800048828125,0.0,0.0
2025-05-09,MSTR,420.0,416.0299987792969,0.0,0.0
2025-05-12,MSTR,420.9200134277344,404.8999938964844,0.0,0.0
2025-05-13,MSTR,412.54998779296875,421.6099853515625,0.0,0.0
2025-05-14,MSTR,420.3999938964844,416.75,0.0,0.0
2025-05-15,MSTR,411.70001220703125,397.0299987792969,0.0,0.0
2025-05-16,MSTR,399.0,399.79998779296875,0.0,0.0
2025-05-19,MSTR,392.80999755859375,413.4200134277344,0.0,0.0
2025-05-20,MSTR,413.5,416.9200134277344,0.0,0.0
2025-05-21,MSTR,415.9200134277344,402.69000244140625,0.0,0.0
2025-05-22,MSTR,413.20001220703125,399.4599914550781,0.0,0.0
2025-05-23,MSTR,391.510009765625,369.510009765625,0.0,0.0
2025-05-27,MSTR,381.1199951171875,372.20001220703125,0.0,0.0
2025-05-28,MSTR,368.5299987792969,364.25,0.0,0.0
2025-05-29,MSTR,370.7900085449219,370.6300048828125,0.0,0.0
2025-05-30,MSTR,369.0,369.05999755859375,0.0,0.0
2025-06-02,MSTR,367.8900146484375,372.2699890136719,0.0,0.0
2025-06-03,MSTR,379.3999938964844,387.42999267578125,0.0,0.0
2025-06-04,MSTR,385.79998779296875,378.1000061035156,0.0,0.0
2025-06-05,MSTR,383.8500061035156,368.7900085449219,0.0,0.0
2025-06-06,MSTR,377.3999938964844,374.4700012207031,0.0,0.0
2025-06-09,MSTR,380.67999267578125,392.1199951171875,0.0,0.0
2025-06-10,MSTR,393.239990234375,391.17999267578125,0.0,0.0
2025-06-11,MSTR,391.2300109863281,387.1099853515625,0.0,0.0
2025-06-12,MSTR,378.3999938964844,379.760009765625,0.0,0.0
2025-06-13,MSTR,375.2300109863281,382.8699951171875,0.0,0.0
2025-06-16,MSTR,387.6099853515625,382.25,0.0,0.0
2025-06-17,MSTR,375.260009765625,375.17999267578125,0.0,0.0
2025-06-18,MSTR,371.42999267578125,369.0299987792969,0.0,0.0
2025-06-20,MSTR,372.75,369.70001220703125,0.0,0.0
2025-06-23,MSTR,362.4800109863281,367.17999267578125,0.0,0.0
2025-06-24,MSTR,373.67999267578125,377.0199890136719,0.0,0.0
2025-06-25,MSTR,384.8299865722656,388.6700134277344,0.0,0.0
2025-06-26,MSTR,386.3500061035156,386.44000244140625,0.0,0.0
2025-06-27,MSTR,385.2300109863281,383.8800048828125,0.0,0.0
2025-06-30,MSTR,389.7799987792969,404.2300109863281,0.0,0.0
2025-07-01,MSTR,395.70001220703125,373.29998779296875,0.0,0.0
2025-07-02,MSTR,383.3399963378906,402.2799987792969,0.0,0.0
2025-07-03,MSTR,400.8699951171875,403.989990234375,0.0,0.0
2025-07-07,MSTR,402.6400146484375,395.6700134277344,0.0,0.0
2025-07-08,MSTR,399.69000244140625,396.94000244140625,0.0,0.0
2025-07-09,MSTR,401.6000061035156,415.4100036621094,0.0,0.0
2025-07-10,MSTR,412.57000732421875,421.739990234375,0.0,0.0
2025-07-11,MSTR,430.5400085449219,434.5799865722656,0.0,0.0
2025-07-14,MSTR,447.20001220703125,451.0199890136719,0.0,0.0
2025-07-15,MSTR,445.2200012207031,442.30999755859375,0.0,0.0
2025-07-16,MSTR,448.30999755859375,455.8999938964844,0.0,0.0
2025-07-17,MSTR,451.67999267578125,451.3399963378906,0.0,0.0
2025-07-18,MSTR,451.7200012207031,423.2200012207031,0.0,0.0
2025-07-21,MSTR,430.1000061035156,426.2799987792969,0.0,0.0
2025-07-22,MSTR,428.8500061035156,426.3999938964844,0.0,0.0
2025-07-23,MSTR,422.8299865722656,412.6700134277344,0.0,0.0
2025-07-24,MSTR,414.5799865722656,414.9200134277344,0.0,0.0
2025-07-25,MSTR,405.6700134277344,405.8900146484375,0.0,0.0
2025-07-28,MSTR,416.95001220703125,403.79998779296875,0.0,0.0
2025-07-29,MSTR,405.9599914550781,394.6600036621094,0.0,0.0
2025-07-30,MSTR,396.7799987792969,395.0400085449219,0.0,0.0
2025-07-31,MSTR,399.1300048828125,401.8599853515625,0.0,0.0
2025-08-01,MSTR,390.4100036621094,366.6300048828125,0.0,0.0
2025-08-04,MSTR,372.7699890136719,389.239990234375,0.0,0.0
2025-08-05,MSTR,384.17999267578125,375.4599914550781,0.0,0.0
2025-08-06,MSTR,374.75,383.4100036621094,0.0,0.0
2025-08-07,MSTR,388.3999938964844,402.010009765625,0.0,0.0
2025-08-08,MSTR,397.6000061035156,395.1300048828125,0.0,0.0
2025-08-11,MSTR,403.9200134277344,400.25,0.0,0.0
2025-08-12,MSTR,400.5,394.3900146484375,0.0,0.0
2025-08-13,MSTR,397.7300109863281,389.8999938964844,0.0,0.0
2025-08-14,MSTR,380.0,372.94000244140625,0.0,0.0
2025-08-15,MSTR,372.2099914550781,366.32000732421875,0.0,0.0
2025-08-18,MSTR,359.95001220703125,363.6000061035156,0.0,0.0
2025-08-19,MSTR,363.19000244140625,336.57000732421875,0.0,0.0
2025-08-20,MSTR,339.3800048828125,344.3699951171875,0.0,0.0
2025-08-21,MSTR,340.0,337.5799865722656,0.0,0.0
2025-08-22,MSTR,335.20001220703125,358.1300048828125,0.0,0.0
2025-08-25,MSTR,344.9100036621094,343.20001220703125,0.0,0.0
2025-08-26,MSTR,341.80999755859375,351.3599853515625,0.0,0.0
2025-08-27,MSTR,348.67999267578125,342.05999755859375,0.0,0.0
2025-08-28,MSTR,346.1600036621094,338.8399963378906,0.0,0.0
2025-08-29,MSTR,334.6000061035156,334.4100036621094,0.0,0.0
2025-09-02,MSTR,334.92999267578125,341.6199951171875,0.0,0.0
2025-09-03,MSTR,341.7699890136719,330.260009765625,0.0,0.0
2025-09-04,MSTR,330.0,327.5899963378906,0.0,0.0
2025-09-05,MSTR,334.80999755859375,335.8699951171875,0.0,0.0
2025-09-08,MSTR,328.1099853515625,329.8999938964844,0.0,0.0
2025-09-09,MSTR,330.2300109863281,328.5299987792969,0.0,0.0
2025-09-10,MSTR,332.79998779296875,326.45001220703125,0.0,0.0
2025-09-11,MSTR,326.8699951171875,326.0199890136719,0.0,0.0
2025-09-12,MSTR,329.1499938964844,331.44000244140625,0.0,0.0
2025-09-15,MSTR,329.3999938964844,327.7900085449219,0.0,0.0
2025-09-16,MSTR,329.2300109863281,335.0899963378906,0.0,0.0
2025-09-17,MSTR,335.6600036621094,329.7099914550781,0.0,0.0
2025-09-18,MSTR,335.8599853515625,349.1199951171875,0.0,0.0
2025-09-19,MSTR,347.45001220703125,344.75,0.0,0.0
2025-09-22,MSTR,337.0199890136719,335.92999267578125,0.0,0.0
2025-09-23,MSTR,337.05999755859375,327.7799987792969,0.0,0.0
2025-09-24,MSTR,330.6300048828125,323.30999755859375,0.0,0.0
2025-09-25,MSTR,316.6099853515625,300.70001220703125,0.0,0.0
2025-09-26,MSTR,301.29998779296875,309.05999755859375,0.0,0.0
2025-09-29,MSTR,313.7300109863281,326.4200134277344,0.0,0.0
2025-09-30,MSTR,320.8299865722656,322.2099914550781,0.0,0.0
2025-10-01,MSTR,332.4700012207031,338.4100036621094,0.0,0.0
2025-10-02,MSTR,348.57000732421875,352.3299865722656,0.0,0.0
2025-10-03,MSTR,350.8699951171875,351.6300048828125,0.0,0.0
2025-10-06,MSTR,362.95001220703125,359.69000244140625,0.0,0.0
2025-10-07,MSTR,358.8800048828125,328.3999938964844,0.0,0.0
2025-10-08,MSTR,335.6199951171875,330.79998779296875,0.0,0.0
2025-10-09,MSTR,327.3999938964844,320.2900085449219,0.0,0.0
2025-10-10,MSTR,323.17999267578125,304.7900085449219,0.0,0.0
2025-10-13,MSTR,306.6700134277344,315.4700012207031,0.0,0.0
2025-10-14,MSTR,301.0,300.6700134277344,0.0,0.0
2025-10-15,MSTR,303.6000061035156,296.760009765625,0.0,0.0
2025-10-16,MSTR,299.8999938964844,283.8399963378906,0.0,0.0
2025-10-17,MSTR,279.2699890136719,289.8699951171875,0.0,0.0
2025-10-20,MSTR,297.2099914550781,296.6099853515625,0.0,0.0
2025-10-21,MSTR,293.95001220703125,301.9100036621094,0.0,0.0
2025-10-22,MSTR,293.0199890136719,280.80999755859375,0.0,0.0
2025-10-23,MSTR,285.4700012207031,284.9200134277344,0.0,0.0
2025-10-24,MSTR,290.42999267578125,289.0799865722656,0.0,0.0
2025-10-27,MSTR,299.5,295.6300048828125,0.0,0.0
2025-10-28,MSTR,295.1400146484375,284.6400146484375,0.0,0.0
2025-10-29,MSTR,284.3800048828125,275.3599853515625,0.0,0.0
2025-10-30,MSTR,269.989990234375,254.57000732421875,0.0,0.0
2025-10-31,MSTR,269.9800109863281,269.510009765625,0.0,0.0
2025-11-03,MSTR,264.19000244140625,264.6700134277344,0.0,0.0
2025-11-04,MSTR,255.16000366210938,246.99000549316406,0.0,0.0
2025-11-05,MSTR,250.1999969482422,255.0,0.0,0.0
2025-11-06,MSTR,252.13999938964844,237.1999969482422,0.0,0.0
2025-11-07,MSTR,222.66000366210938,241.92999267578125,0.0,0.0
2025-11-10,MSTR,249.67999267578125,238.8800048828125,0.0,0.0
2025-11-11,MSTR,236.4600067138672,231.35000610351562,0.0,0.0
2025-11-12,MSTR,233.89999389648438,224.61000061035156,0.0,0.0
2025-11-13,MSTR,223.8000030517578,208.5399932861328,0.0,0.0
2025-11-14,MSTR,200.5800018310547,199.75,0.0,0.0
2025-11-17,MSTR,197.02999877929688,195.4199981689453,0.0,0.0
2025-11-18,MSTR,196.36000061035156,206.8000030517578,0.0,0.0
2025-11-19,MSTR,202.36000061035156,186.5,0.0,0.0
2025-11-20,MSTR,192.44000244140625,177.1300048828125,0.0,0.0
2025-11-21,MSTR,172.74000549316406,170.5,0.0,0.0
2025-11-24,MSTR,171.6199951171875,179.0399932861328,0.0,0.0
2025-11-25,MSTR,173.7100067138672,172.19000244140625,0.0,0.0
2025-11-26,MSTR,173.69000244140625,175.63999938964844,0.0,0.0
2025-11-28,MSTR,182.99000549316406,177.17999267578125,0.0,0.0
2025-12-01,MSTR,168.25999450683594,171.4199981689453,0.0,0.0
2025-12-02,MSTR,177.75,181.3300018310547,0.0,0.0
2025-12-03,MSTR,183.39999389648438,188.38999938964844,0.0,0.0
2025-12-04,MSTR,186.02000427246094,186.00999450683594,0.0,0.0
2025-12-05,MSTR,183.33999633789062,178.99000549316406,0.0,0.0
2025-12-08,MSTR,182.10000610351562,183.69000244140625,0.0,0.0
2025-12-09,MSTR,181.49000549316406,188.99000549316406,0.0,0.0
2025-12-10,MSTR,189.32000732421875,184.63999938964844,0.0,0.0
2025-12-11,MSTR,179.7899932861328,183.3000030517578,0.0,0.0
2025-12-12,MSTR,182.97000122070312,176.4499969482422,0.0,0.0
2025-12-15,MSTR,176.0,162.0800018310547,0.0,0.0
2025-12-16,MSTR,164.97000122070312,167.5,0.0,0.0
2025-12-17,MSTR,167.75,160.3800048828125,0.0,0.0
2025-12-18,MSTR,167.80999755859375,158.24000549316406,0.0,0.0
2025-12-19,MSTR,163.39999389648438,164.82000732421875,0.0,0.0
2025-12-22,MSTR,168.82000732421875,164.32000732421875,0.0,0.0
2025-12-23,MSTR,162.25,157.8800048828125,0.0,0.0
2025-12-24,MSTR,157.1999969482422,158.7100067138672,0.0,0.0
2025-12-26,MSTR,159.88999938964844,158.80999755859375,0.0,0.0
2025-12-29,MSTR,157.9499969482422,155.38999938964844,0.0,0.0
2025-12-30,MSTR,155.82000732421875,155.61000061035156,0.0,0.0
2025-12-31,MSTR,156.24000549316406,151.9499969482422,0.0,0.0
2026-01-02,MSTR,154.58999633789062,157.16000366210938,0.0,0.0
2026-01-05,MSTR,163.4199981689453,164.72000122070312,0.0,0.0
2026-01-06,MSTR,166.8800048828125,157.97000122070312,0.0,0.0
2026-01-07,MSTR,163.4499969482422,161.8300018310547,0.0,0.0
2026-01-08,MSTR,158.6300048828125,166.97000122070312,0.0,0.0
2026-01-09,MSTR,166.75,157.3300018310547,0.0,0.0
2026-01-12,MSTR,156.27000427246094,162.22999572753906,0.0,0.0
2026-01-13,MSTR,164.4499969482422,172.99000549316406,0.0,0.0
2026-01-14,MSTR,178.63999938964844,179.3300018310547,0.0,0.0
2026-01-15,MSTR,179.1300048828125,170.91000366210938,0.0,0.0
2026-01-16,MSTR,171.92999267578125,173.7100067138672,0.0,0.0
2026-01-20,MSTR,165.1699981689453,160.22999572753906,0.0,0.0
2026-01-21,MSTR,161.27000427246094,163.80999755859375,0.0,0.0
2026-01-22,MSTR,163.72999572753906,160.97999572753906,0.0,0.0
2026-01-23,MSTR,160.94000244140625,163.11000061035156,0.0,0.0
2026-01-26,MSTR,159.41000366210938,160.5800018310547,0.0,0.0
2026-01-27,MSTR,160.30999755859375,161.5800018310547,0.0,0.0
2026-01-28,MSTR,164.4499969482422,158.4499969482422,0.0,0.0
2026-01-29,MSTR,155.9499969482422,143.19000244140625,0.0,0.0
2026-01-30,MSTR,140.0,149.7100067138672,0.0,0.0
2026-02-02,MSTR,139.77000427246094,139.6300048828125,0.0,0.0
2026-02-03,MSTR,140.13999938964844,133.25999450683594,0.0,0.0
2026-02-04,MSTR,130.00999450683594,129.08999633789062,0.0,0.0
2026-02-05,MSTR,120.25,106.98999786376953,0.0,0.0
2026-02-06,MSTR,114.94999694824219,134.92999267578125,0.0,0.0
2026-02-09,MSTR,127.37000274658203,138.44000244140625,0.0,0.0
2026-02-10,MSTR,133.66000366210938,133.0,0.0,0.0
2026-02-11,MSTR,133.69000244140625,126.06999969482422,0.0,0.0
2026-02-12,MSTR,127.56999969482422,123.0,0.0,0.0
2026-02-13,MSTR,127.0,133.8800048828125,0.0,0.0
2026-02-17,MSTR,129.00999450683594,128.6699981689453,0.0,0.0
2026-02-18,MSTR,127.62999725341797,125.19999694824219,0.0,0.0
2026-02-19,MSTR,123.48999786376953,129.4499969482422,0.0,0.0
2026-02-20,MSTR,130.50999450683594,131.0500030517578,0.0,0.0
2026-02-23,MSTR,127.9000015258789,123.70999908447266,0.0,0.0
2026-02-24,MSTR,121.70999908447266,124.61000061035156,0.0,0.0
2026-02-25,MSTR,130.0500030517578,135.64999389648438,0.0,0.0
2026-02-26,MSTR,133.6999969482422,133.39999389648438,0.0,0.0
2026-02-27,MSTR,128.9499969482422,129.5,0.0,0.0
2026-03-02,MSTR,129.13999938964844,137.64999389648438,0.0,0.0
2026-03-03,MSTR,133.33999633789062,132.67999267578125,0.0,0.0
2026-03-04,MSTR,143.8300018310547,146.44000244140625,0.0,0.0
2026-03-05,MSTR,145.0399932861328,139.80999755859375,0.0,0.0
2026-03-06,MSTR,134.89999389648438,133.52999877929688,0.0,0.0
2026-03-09,MSTR,136.0,138.9499969482422,0.0,0.0
2026-03-10,MSTR,141.92999267578125,138.4600067138672,0.0,0.0
2026-03-11,MSTR,139.80999755859375,138.3300018310547,0.0,0.0
2026-03-12,MSTR,137.16000366210938,137.33999633789062,0.0,0.0
2026-03-13,MSTR,143.86000061035156,139.6699981689453,0.0,0.0
2026-03-16,MSTR,145.35000610351562,147.52000427246094,0.0,0.0
2026-03-17,MSTR,145.97000122070312,150.27999877929688,0.0,0.0
2026-03-18,MSTR,144.99000549316406,140.55999755859375,0.0,0.0
2026-03-19,MSTR,135.02000427246094,138.24000549316406,0.0,0.0
2026-03-20,MSTR,139.47000122070312,135.66000366210938,0.0,0.0
2026-03-23,MSTR,138.61000061035156,138.1999969482422,0.0,0.0
2026-03-24,MSTR,138.72999572753906,136.25,0.0,0.0
2026-03-25,MSTR,140.39999389648438,139.1300048828125,0.0,0.0
2026-03-26,MSTR,136.5500030517578,132.92999267578125,0.0,0.0
2026-03-27,MSTR,129.8800048828125,126.02999877929688,0.0,0.0
2026-03-30,MSTR,129.5500030517578,121.44000244140625,0.0,0.0
2026-03-31,MSTR,123.16000366210938,124.80000305175781,0.0,0.0
2026-04-01,MSTR,126.18000030517578,122.77999877929688,0.0,0.0
2026-04-02,MSTR,119.80000305175781,119.83000183105469,0.0,0.0
2026-04-06,MSTR,124.56999969482422,127.69000244140625,0.0,0.0
2026-04-07,MSTR,125.31999969482422,123.72000122070312,0.0,0.0
2026-04-08,MSTR,133.6699981689453,128.3000030517578,0.0,0.0
2026-04-09,MSTR,127.83000183105469,128.86000061035156,0.0,0.0
2026-04-10,MSTR,130.0500030517578,128.63999938964844,0.0,0.0
2026-04-13,MSTR,126.6500015258789,132.36000061035156,0.0,0.0
2026-04-14,MSTR,137.92999267578125,137.41000366210938,0.0,0.0
2026-04-15,MSTR,139.75,143.5399932861328,0.0,0.0
2026-04-16,MSTR,143.2100067138672,148.94000244140625,0.0,0.0
2026-04-17,MSTR,154.6300048828125,166.52000427246094,0.0,0.0
2026-04-20,MSTR,162.3000030517578,170.80999755859375,0.0,0.0
2026-04-21,MSTR,170.61000061035156,163.97000122070312,0.0,0.0
2026-04-22,MSTR,174.92999267578125,179.36000061035156,0.0,0.0
2026-04-23,MSTR,175.8800048828125,172.47000122070312,0.0,0.0
2026-04-24,MSTR,176.8800048828125,171.02000427246094,0.0,0.0
2026-04-27,MSTR,170.9199981689453,169.1999969482422,0.0,0.0
2026-04-28,MSTR,163.8699951171875,165.7100067138672,0.0,0.0
2026-04-29,MSTR,165.7100067138672,158.19000244140625,0.0,0.0
2026-04-30,MSTR,161.77000427246094,165.4499969482422,0.0,0.0
2026-05-01,MSTR,170.8000030517578,177.1699981689453,0.0,0.0
2026-05-04,MSTR,180.89999389648438,183.8000030517578,0.0,0.0
2026-05-05,MSTR,189.5500030517578,186.89999389648438,0.0,0.0
2026-05-06,MSTR,184.57000732421875,186.82000732421875,0.0,0.0
2026-05-07,MSTR,184.41000366210938,179.83999633789062,0.0,0.0
2026-05-08,MSTR,178.67999267578125,187.58999633789062,0.0,0.0
2026-05-11,MSTR,189.1999969482422,195.94000244140625,0.0,0.0
2026-05-12,MSTR,191.3300018310547,184.4199981689453,0.0,0.0
2026-05-13,MSTR,182.02999877929688,178.02999877929688,0.0,0.0
2026-05-14,MSTR,177.85000610351562,186.97000122070312,0.0,0.0
2026-05-15,MSTR,182.11000061035156,177.4199981689453,0.0,0.0
2026-05-18,MSTR,169.17999267578125,166.6300048828125,0.0,0.0
2026-05-19,MSTR,163.99000549316406,164.6300048828125,0.0,0.0
2026-05-20,MSTR,166.0,165.80999755859375,0.0,0.0
2026-05-21,MSTR,164.27999877929688,164.85000610351562,0.0,0.0
2026-05-22,MSTR,164.08999633789062,159.88999938964844,0.0,0.0
2026-05-26,MSTR,160.8300018310547,159.92999267578125,0.0,0.0
2026-05-27,MSTR,156.75999450683594,154.1999969482422,0.0,0.0
2026-05-28,MSTR,148.97999572753906,151.63999938964844,0.0,0.0
2026-05-29,MSTR,149.92999267578125,159.08999633789062,0.0,0.0
2026-06-01,MSTR,148.47000122070312,149.77999877929688,0.0,0.0
2026-06-02,MSTR,142.69000244140625,136.0800018310547,0.0,0.0
2026-06-03,MSTR,134.5,126.55000305175781,0.0,0.0
2026-06-04,MSTR,126.75,129.3699951171875,0.0,0.0
2026-06-05,MSTR,124.25,120.44000244140625,0.0,0.0
2026-06-08,MSTR,125.83999633789062,127.19999694824219,0.0,0.0
2026-06-09,MSTR,122.8499984741211,117.0199966430664,0.0,0.0
2026-06-10,MSTR,116.30000305175781,115.3499984741211,0.0,0.0
2026-06-11,MSTR,116.11000061035156,120.1500015258789,0.0,0.0
2026-06-12,MSTR,119.48999786376953,123.97000122070312,0.0,0.0
2026-06-15,MSTR,133.22000122070312,131.13999938964844,0.0,0.0
2026-06-16,MSTR,129.3800048828125,122.80999755859375,0.0,0.0
2026-06-17,MSTR,123.01000213623047,116.55999755859375,0.0,0.0
2026-06-18,MSTR,117.63999938964844,112.52999877929688,0.0,0.0
2026-06-22,MSTR,116.20999908447266,109.45999908447266,0.0,0.0
2026-06-23,MSTR,106.54000091552734,103.83999633789062,0.0,0.0
2026-06-24,MSTR,102.4800033569336,94.12999725341797,0.0,0.0
2026-06-25,MSTR,94.69000244140625,85.33000183105469,0.0,0.0
2026-06-26,MSTR,83.2300033569336,82.30999755859375,0.0,0.0
2026-06-29,MSTR,85.66999816894531,92.68000030517578,0.0,0.0
2026-06-30,MSTR,86.20999908447266,86.93000030517578,0.0,0.0
2026-07-01,MSTR,87.69999694824219,93.38999938964844,0.0,0.0
2026-07-02,MSTR,99.8499984741211,100.7699966430664,0.0,0.0
2026-07-06,MSTR,95.13999938964844,100.7699966430664,0.0,0.0
2026-07-07,MSTR,101.18000030517578,97.36000061035156,0.0,0.0
2026-07-08,MSTR,93.68000030517578,93.87000274658203,0.0,0.0
2026-07-09,MSTR,94.05999755859375,93.88999938964844,0.0,0.0
2026-07-10,MSTR,98.76000213623047,94.63999938964844,0.0,0.0
2026-07-13,MSTR,91.48999786376953,92.0999984741211,0.0,0.0
2026-07-14,MSTR,94.76000213623047,97.58000183105469,0.0,0.0
2026-07-15,MSTR,99.79000091552734,97.47000122070312,0.0,0.0
2026-07-16,MSTR,96.0,94.02999877929688,0.0,0.0
2026-07-17,MSTR,91.30000305175781,94.8499984741211,0.0,0.0
2026-07-20,MSTR,95.62000274658203,97.81999969482422,0.0,0.0
2026-07-21,MSTR,101.30999755859375,101.94999694824219,0.0,0.0
2026-07-22,MSTR,100.05999755859375,100.01000213623047,0.0,0.0
2026-07-23,MSTR,97.0,93.62999725341797,0.0,0.0
2026-07-24,MSTR,93.37000274658203,91.66999816894531,0.0,0.0
2026-07-27,MSTR,94.54000091552734,98.6500015258789,0.0,0.0
2026-07-28,MSTR,95.47000122070312,96.16000366210938,0.0,0.0
2026-07-29,MSTR,96.37999725341797,93.33000183105469,0.0,0.0
2026-07-30,MSTR,95.08999633789062,97.73999786376953,0.0,0.0
2026-07-31,MSTR,94.86000061035156,93.27999877929688,0.0,0.0
2026-08-03,MSTR,92.01000213623047,94.86000061035156,0.0,0.0
2026-08-04,MSTR,93.91000366210938,97.6500015258789,0.0,0.0
2026-08-05,MSTR,97.91999816894531,98.37000274658203,0.0,0.0
2026-08-06,MSTR,96.05999755859375,96.8499984741211,0.0,0.0
2026-08-07,MSTR,101.33999633789062,100.01000213623047,0.0,0.0
2026-08-10,MSTR,99.45999908447266,97.33000183105469,0.0,0.0
2026-08-11,MSTR,97.4000015258789,96.08999633789062,0.0,0.0
2026-08-12,MSTR,97.16000366210938,94.83000183105469,0.0,0.0
2026-08-13,MSTR,94.83000183105469,97.0999984741211,0.0,0.0
2026-08-14,MSTR,94.9800033569336,93.04000091552734,0.0,0.0
2026-08-17,MSTR,93.25,97.68000030517578,0.0,0.0
2026-08-18,MSTR,95.83999633789062,92.5199966430664,0.0,0.0
2026-08-19,MSTR,94.54000091552734,104.25,0.0,0.0
2026-08-20,MSTR,113.2300033569336,112.38999938964844,0.0,0.0
2026-08-21,MSTR,119.69000244140625,119.25,0.0,0.0
2026-08-24,MSTR,121.83999633789062,122.62999725341797,0.0,0.0
2026-08-25,MSTR,119.11000061035156,126.83000183105469,0.0,0.0
2026-08-26,MSTR,123.26000213623047,123.19000244140625,0.0,0.0
2026-08-27,MSTR,126.7699966430664,137.39999389648438,0.0,0.0
2026-08-28,MSTR,134.0,127.30999755859375,0.0,0.0
2024-08-29,NVDA,121.36000061035156,117.58999633789062,0.0,0.0
2024-08-30,NVDA,119.52999877929688,119.37000274658203,0.0,0.0
2024-09-03,NVDA,116.01000213623047,108.0,0.0,0.0
2024-09-04,NVDA,105.41000366210938,106.20999908447266,0.0,0.0
2024-09-05,NVDA,104.98999786376953,107.20999908447266,0.0,0.0
2024-09-06,NVDA,108.04000091552734,102.83000183105469,0.0,0.0
2024-09-09,NVDA,104.87999725341797,106.47000122070312,0.0,0.0
2024-09-10,NVDA,107.80999755859375,108.0999984741211,0.0,0.0
2024-09-11,NVDA,109.38999938964844,116.91000366210938,0.0,0.0
2024-09-12,NVDA,116.83999633789062,119.13999938964844,0.01,0.0
2024-09-13,NVDA,119.08000183105469,119.0999984741211,0.0,0.0
2024-09-16,NVDA,116.79000091552734,116.77999877929688,0.0,0.0
2024-09-17,NVDA,118.16999816894531,115.58999633789062,0.0,0.0
2024-09-18,NVDA,115.88999938964844,113.37000274658203,0.0,0.0
2024-09-19,NVDA,117.3499984741211,117.87000274658203,0.0,0.0
2024-09-20,NVDA,117.05999755859375,116.0,0.0,0.0
2024-09-23,NVDA,116.55000305175781,116.26000213623047,0.0,0.0
2024-09-24,NVDA,116.5199966430664,120.87000274658203,0.0,0.0
2024-09-25,NVDA,122.0199966430664,123.51000213623047,0.0,0.0
2024-09-26,NVDA,126.80000305175781,124.04000091552734,0.0,0.0
2024-09-27,NVDA,123.97000122070312,121.4000015258789,0.0,0.0
2024-09-30,NVDA,118.30999755859375,121.44000244140625,0.0,0.0
2024-10-01,NVDA,121.7699966430664,117.0,0.0,0.0
2024-10-02,NVDA,116.44000244140625,118.8499984741211,0.0,0.0
2024-10-03,NVDA,120.91999816894531,122.8499984741211,0.0,0.0
2024-10-04,NVDA,124.94000244140625,124.91999816894531,0.0,0.0
2024-10-07,NVDA,124.98999786376953,127.72000122070312,0.0,0.0
2024-10-08,NVDA,130.25999450683594,132.88999938964844,0.0,0.0
2024-10-09,NVDA,134.11000061035156,132.64999389648438,0.0,0.0
2024-10-10,NVDA,131.91000366210938,134.80999755859375,0.0,0.0
2024-10-11,NVDA,134.00999450683594,134.8000030517578,0.0,0.0
2024-10-14,NVDA,136.47000122070312,138.07000732421875,0.0,0.0
2024-10-15,NVDA,137.8699951171875,131.60000610351562,0.0,0.0
2024-10-16,NVDA,133.97999572753906,135.72000122070312,0.0,0.0
2024-10-17,NVDA,139.33999633789062,136.92999267578125,0.0,0.0
2024-10-18,NVDA,138.6699981689453,138.0,0.0,0.0
2024-10-21,NVDA,138.1300048828125,143.7100067138672,0.0,0.0
2024-10-22,NVDA,142.91000366210938,143.58999633789062,0.0,0.0
2024-10-23,NVDA,142.02999877929688,139.55999755859375,0.0,0.0
2024-10-24,NVDA,140.82000732421875,140.41000366210938,0.0,0.0
2024-10-25,NVDA,140.92999267578125,141.5399932861328,0.0,0.0
2024-10-28,NVDA,143.0,140.52000427246094,0.0,0.0
2024-10-29,NVDA,140.2899932861328,141.25,0.0,0.0
2024-10-30,NVDA,139.5399932861328,139.33999633789062,0.0,0.0
2024-10-31,NVDA,137.60000610351562,132.75999450683594,0.0,0.0
2024-11-01,NVDA,134.6999969482422,135.39999389648438,0.0,0.0
2024-11-04,NVDA,137.2100067138672,136.0500030517578,0.0,0.0
2024-11-05,NVDA,137.4499969482422,139.91000366210938,0.0,0.0
2024-11-06,NVDA,142.9600067138672,145.61000061035156,0.0,0.0
2024-11-07,NVDA,146.38999938964844,148.8800048828125,0.0,0.0
2024-11-08,NVDA,148.77000427246094,147.6300048828125,0.0,0.0
2024-11-11,NVDA,148.67999267578125,145.25999450683594,0.0,0.0
2024-11-12,NVDA,146.77999877929688,148.2899932861328,0.0,0.0
2024-11-13,NVDA,149.07000732421875,146.27000427246094,0.0,0.0
2024-11-14,NVDA,147.63999938964844,146.75999450683594,0.0,0.0
2024-11-15,NVDA,144.8699951171875,141.97999572753906,0.0,0.0
2024-11-18,NVDA,139.5,140.14999389648438,0.0,0.0
2024-11-19,NVDA,141.32000732421875,147.00999450683594,0.0,0.0
2024-11-20,NVDA,147.41000366210938,145.88999938964844,0.0,0.0
2024-11-21,NVDA,149.35000610351562,146.6699981689453,0.0,0.0
2024-11-22,NVDA,145.92999267578125,141.9499969482422,0.0,0.0
2024-11-25,NVDA,141.99000549316406,136.02000427246094,0.0,0.0
2024-11-26,NVDA,137.6999969482422,136.9199981689453,0.0,0.0
2024-11-27,NVDA,135.00999450683594,135.33999633789062,0.0,0.0
2024-11-29,NVDA,136.77999877929688,138.25,0.0,0.0
2024-12-02,NVDA,138.8300018310547,138.6300048828125,0.0,0.0
2024-12-03,NVDA,138.25999450683594,140.25999450683594,0.0,0.0
2024-12-04,NVDA,142.0,145.13999938964844,0.0,0.0
2024-12-05,NVDA,145.11000061035156,145.05999755859375,0.01,0.0
2024-12-06,NVDA,144.60000610351562,142.44000244140625,0.0,0.0
2024-12-09,NVDA,138.97000122070312,138.80999755859375,0.0,0.0
2024-12-10,NVDA,139.00999450683594,135.07000732421875,0.0,0.0
2024-12-11,NVDA,137.36000061035156,139.30999755859375,0.0,0.0
2024-12-12,NVDA,137.0800018310547,137.33999633789062,0.0,0.0
2024-12-13,NVDA,138.94000244140625,134.25,0.0,0.0
2024-12-16,NVDA,134.17999267578125,132.0,0.0,0.0
2024-12-17,NVDA,129.08999633789062,130.38999938964844,0.0,0.0
2024-12-18,NVDA,133.86000061035156,128.91000366210938,0.0,0.0
2024-12-19,NVDA,131.75999450683594,130.67999267578125,0.0,0.0
2024-12-20,NVDA,129.80999755859375,134.6999969482422,0.0,0.0
2024-12-23,NVDA,136.27999877929688,139.6699981689453,0.0,0.0
2024-12-24,NVDA,140.0,140.22000122070312,0.0,0.0
2024-12-26,NVDA,139.6999969482422,139.92999267578125,0.0,0.0
2024-12-27,NVDA,138.5500030517578,137.00999450683594,0.0,0.0
2024-12-30,NVDA,134.8300018310547,137.49000549316406,0.0,0.0
2024-12-31,NVDA,138.02999877929688,134.2899932861328,0.0,0.0
2025-01-02,NVDA,136.0,138.30999755859375,0.0,0.0
2025-01-03,NVDA,140.00999450683594,144.47000122070312,0.0,0.0
2025-01-06,NVDA,148.58999633789062,149.42999267578125,0.0,0.0
2025-01-07,NVDA,153.02999877929688,140.13999938964844,0.0,0.0
2025-01-08,NVDA,142.5800018310547,140.11000061035156,0.0,0.0
2025-01-10,NVDA,137.4499969482422,135.91000366210938,0.0,0.0
2025-01-13,NVDA,129.99000549316406,133.22999572753906,0.0,0.0
2025-01-14,NVDA,136.0500030517578,131.75999450683594,0.0,0.0
2025-01-15,NVDA,133.64999389648438,136.24000549316406,0.0,0.0
2025-01-16,NVDA,138.63999938964844,133.57000732421875,0.0,0.0
2025-01-17,NVDA,136.69000244140625,137.7100067138672,0.0,0.0
2025-01-21,NVDA,139.16000366210938,140.8300018310547,0.0,0.0
2025-01-22,NVDA,144.66000366210938,147.07000732421875,0.0,0.0
2025-01-23,NVDA,145.0500030517578,147.22000122070312,0.0,0.0
2025-01-24,NVDA,148.3699951171875,142.6199951171875,0.0,0.0
2025-01-27,NVDA,124.80000305175781,118.41999816894531,0.0,0.0
2025-01-28,NVDA,121.80999755859375,128.99000549316406,0.0,0.0
2025-01-29,NVDA,126.5,123.69999694824219,0.0,0.0
2025-01-30,NVDA,123.0999984741211,124.6500015258789,0.0,0.0
2025-01-31,NVDA,123.77999877929688,120.06999969482422,0.0,0.0
2025-02-03,NVDA,114.75,116.66000366210938,0.0,0.0
2025-02-04,NVDA,116.95999908447266,118.6500015258789,0.0,0.0
2025-02-05,NVDA,121.76000213623047,124.83000183105469,0.0,0.0
2025-02-06,NVDA,127.41999816894531,128.67999267578125,0.0,0.0
2025-02-07,NVDA,129.22000122070312,129.83999633789062,0.0,0.0
2025-02-10,NVDA,130.08999633789062,133.57000732421875,0.0,0.0
2025-02-11,NVDA,132.5800018310547,132.8000030517578,0.0,0.0
2025-02-12,NVDA,130.02000427246094,131.13999938964844,0.0,0.0
2025-02-13,NVDA,131.55999755859375,135.2899932861328,0.0,0.0
2025-02-14,NVDA,136.47999572753906,138.85000610351562,0.0,0.0
2025-02-18,NVDA,141.27000427246094,139.39999389648438,0.0,0.0
2025-02-19,NVDA,139.50999450683594,139.22999572753906,0.0,0.0
2025-02-20,NVDA,140.02999877929688,140.11000061035156,0.0,0.0
2025-02-21,NVDA,140.0399932861328,134.42999267578125,0.0,0.0
2025-02-24,NVDA,136.55999755859375,130.27999877929688,0.0,0.0
2025-02-25,NVDA,129.97999572753906,126.62999725341797,0.0,0.0
2025-02-26,NVDA,129.99000549316406,131.27999877929688,0.0,0.0
2025-02-27,NVDA,135.0,120.1500015258789,0.0,0.0
2025-02-28,NVDA,118.0199966430664,124.91999816894531,0.0,0.0
2025-03-03,NVDA,123.51000213623047,114.05999755859375,0.0,0.0
2025-03-04,NVDA,110.6500015258789,115.98999786376953,0.0,0.0
2025-03-05,NVDA,117.58000183105469,117.30000305175781,0.0,0.0
2025-03-06,NVDA,113.52999877929688,110.56999969482422,0.0,0.0
2025-03-07,NVDA,111.25,112.69000244140625,0.0,0.0
2025-03-10,NVDA,109.9000015258789,106.9800033569336,0.0,0.0
2025-03-11,NVDA,106.98999786376953,108.76000213623047,0.0,0.0
2025-03-12,NVDA,114.12000274658203,115.73999786376953,0.01,0.0
2025-03-13,NVDA,117.02999877929688,115.58000183105469,0.0,0.0
2025-03-14,NVDA,118.61000061035156,121.66999816894531,0.0,0.0
2025-03-17,NVDA,122.73999786376953,119.52999877929688,0.0,0.0
2025-03-18,NVDA,118.0,115.43000030517578,0.0,0.0
2025-03-19,NVDA,117.2699966430664,117.5199966430664,0.0,0.0
2025-03-20,NVDA,116.55000305175781,118.52999877929688,0.0,0.0
2025-03-21,NVDA,116.94000244140625,117.69999694824219,0.0,0.0
2025-03-24,NVDA,119.87999725341797,121.41000366210938,0.0,0.0
2025-03-25,NVDA,120.55000305175781,120.69000244140625,0.0,0.0
2025-03-26,NVDA,118.7300033569336,113.76000213623047,0.0,0.0
2025-03-27,NVDA,111.3499984741211,111.43000030517578,0.0,0.0
2025-03-28,NVDA,111.48999786376953,109.66999816894531,0.0,0.0
2025-03-31,NVDA,105.12999725341797,108.37999725341797,0.0,0.0
2025-04-01,NVDA,108.5199966430664,110.1500015258789,0.0,0.0
2025-04-02,NVDA,107.29000091552734,110.41999816894531,0.0,0.0
2025-04-03,NVDA,103.51000213623047,101.80000305175781,0.0,0.0
2025-04-04,NVDA,98.91000366210938,94.30999755859375,0.0,0.0
2025-04-07,NVDA,87.45999908447266,97.63999938964844,0.0,0.0
2025-04-08,NVDA,103.80999755859375,96.30000305175781,0.0,0.0
2025-04-09,NVDA,98.88999938964844,114.33000183105469,0.0,0.0
2025-04-10,NVDA,109.37000274658203,107.56999969482422,0.0,0.0
2025-04-11,NVDA,108.5,110.93000030517578,0.0,0.0
2025-04-14,NVDA,114.11000061035156,110.70999908447266,0.0,0.0
2025-04-15,NVDA,110.97000122070312,112.19999694824219,0.0,0.0
2025-04-16,NVDA,104.55000305175781,104.48999786376953,0.0,0.0
2025-04-17,NVDA,104.44999694824219,101.48999786376953,0.0,0.0
2025-04-21,NVDA,98.7699966430664,96.91000366210938,0.0,0.0
2025-04-22,NVDA,98.77999877929688,98.88999938964844,0.0,0.0
2025-04-23,NVDA,104.5199966430664,102.70999908447266,0.0,0.0
2025-04-24,NVDA,103.4800033569336,106.43000030517578,0.0,0.0
2025-04-25,NVDA,106.8499984741211,111.01000213623047,0.0,0.0
2025-04-28,NVDA,109.69000244140625,108.7300033569336,0.0,0.0
2025-04-29,NVDA,107.66999816894531,109.0199966430664,0.0,0.0
2025-04-30,NVDA,104.47000122070312,108.91999816894531,0.0,0.0
2025-05-01,NVDA,113.08000183105469,111.61000061035156,0.0,0.0
2025-05-02,NVDA,114.18000030517578,114.5,0.0,0.0
2025-05-05,NVDA,112.91000366210938,113.81999969482422,0.0,0.0
2025-05-06,NVDA,111.4800033569336,113.54000091552734,0.0,0.0
2025-05-07,NVDA,113.05000305175781,117.05999755859375,0.0,0.0
2025-05-08,NVDA,118.25,117.37000274658203,0.0,0.0
2025-05-09,NVDA,117.3499984741211,116.6500015258789,0.0,0.0
2025-05-12,NVDA,121.97000122070312,123.0,0.0,0.0
2025-05-13,NVDA,124.9800033569336,129.92999267578125,0.0,0.0
2025-05-14,NVDA,133.1999969482422,135.33999633789062,0.0,0.0
2025-05-15,NVDA,134.2899932861328,134.8300018310547,0.0,0.0
2025-05-16,NVDA,136.22000122070312,135.39999389648438,0.0,0.0
2025-05-19,NVDA,132.38999938964844,135.57000732421875,0.0,0.0
2025-05-20,NVDA,134.2899932861328,134.3800048828125,0.0,0.0
2025-05-21,NVDA,133.05999755859375,131.8000030517578,0.0,0.0
2025-05-22,NVDA,132.22999572753906,132.8300018310547,0.0,0.0
2025-05-23,NVDA,130.0,131.2899932861328,0.0,0.0
2025-05-27,NVDA,134.14999389648438,135.5,0.0,0.0
2025-05-28,NVDA,136.02999877929688,134.80999755859375,0.0,0.0
2025-05-29,NVDA,142.25,139.19000244140625,0.0,0.0
2025-05-30,NVDA,138.72000122070312,135.1300048828125,0.0,0.0
2025-06-02,NVDA,135.49000549316406,137.3800048828125,0.0,0.0
2025-06-03,NVDA,138.77999877929688,141.22000122070312,0.0,0.0
2025-06-04,NVDA,142.19000244140625,141.9199981689453,0.0,0.0
2025-06-05,NVDA,142.1699981689453,139.99000549316406,0.0,0.0
2025-06-06,NVDA,142.50999450683594,141.72000122070312,0.0,0.0
2025-06-09,NVDA,143.19000244140625,142.6300048828125,0.0,0.0
2025-06-10,NVDA,142.69000244140625,143.9600067138672,0.0,0.0
2025-06-11,NVDA,144.61000061035156,142.8300018310547,0.01,0.0
2025-06-12,NVDA,141.97000122070312,145.0,0.0,0.0
2025-06-13,NVDA,142.47999572753906,141.97000122070312,0.0,0.0
2025-06-16,NVDA,143.35000610351562,144.69000244140625,0.0,0.0
2025-06-17,NVDA,144.49000549316406,144.1199951171875,0.0,0.0
2025-06-18,NVDA,144.00999450683594,145.47999572753906,0.0,0.0
2025-06-20,NVDA,145.4499969482422,143.85000610351562,0.0,0.0
2025-06-23,NVDA,142.5,144.1699981689453,0.0,0.0
2025-06-24,NVDA,145.55999755859375,147.89999389648438,0.0,0.0
2025-06-25,NVDA,149.27000427246094,154.30999755859375,0.0,0.0
2025-06-26,NVDA,155.97999572753906,155.02000427246094,0.0,0.0
2025-06-27,NVDA,156.0399932861328,157.75,0.0,0.0
2025-06-30,NVDA,158.39999389648438,157.99000549316406,0.0,0.0
2025-07-01,NVDA,156.2899932861328,153.3000030517578,0.0,0.0
2025-07-02,NVDA,152.97999572753906,157.25,0.0,0.0
2025-07-03,NVDA,158.3699951171875,159.33999633789062,0.0,0.0
2025-07-07,NVDA,158.1999969482422,158.24000549316406,0.0,0.0
2025-07-08,NVDA,159.3300018310547,160.0,0.0,0.0
2025-07-09,NVDA,161.22000122070312,162.8800048828125,0.0,0.0
2025-07-10,NVDA,164.32000732421875,164.10000610351562,0.0,0.0
2025-07-11,NVDA,163.72000122070312,164.9199981689453,0.0,0.0
2025-07-14,NVDA,165.3699951171875,164.07000732421875,0.0,0.0
2025-07-15,NVDA,171.19000244140625,170.6999969482422,0.0,0.0
2025-07-16,NVDA,171.05999755859375,171.3699951171875,0.0,0.0
2025-07-17,NVDA,172.02000427246094,173.0,0.0,0.0
2025-07-18,NVDA,173.63999938964844,172.41000366210938,0.0,0.0
2025-07-21,NVDA,172.75,171.3800048828125,0.0,0.0
2025-07-22,NVDA,171.33999633789062,167.02999877929688,0.0,0.0
2025-07-23,NVDA,169.52999877929688,170.77999877929688,0.0,0.0
2025-07-24,NVDA,172.44000244140625,173.74000549316406,0.0,0.0
2025-07-25,NVDA,173.61000061035156,173.5,0.0,0.0
2025-07-28,NVDA,174.02000427246094,176.75,0.0,0.0
2025-07-29,NVDA,177.9600067138672,175.50999450683594,0.0,0.0
2025-07-30,NVDA,176.50999450683594,179.27000427246094,0.0,0.0
2025-07-31,NVDA,182.89999389648438,177.8699951171875,0.0,0.0
2025-08-01,NVDA,174.08999633789062,173.72000122070312,0.0,0.0
2025-08-04,NVDA,175.16000366210938,180.0,0.0,0.0
2025-08-05,NVDA,179.6199951171875,178.25999450683594,0.0,0.0
2025-08-06,NVDA,176.3300018310547,179.4199981689453,0.0,0.0
2025-08-07,NVDA,181.57000732421875,180.77000427246094,0.0,0.0
2025-08-08,NVDA,181.5500030517578,182.6999969482422,0.0,0.0
2025-08-11,NVDA,182.0500030517578,182.05999755859375,0.0,0.0
2025-08-12,NVDA,182.9600067138672,183.16000366210938,0.0,0.0
2025-08-13,NVDA,182.6199951171875,181.58999633789062,0.0,0.0
2025-08-14,NVDA,179.75,182.02000427246094,0.0,0.0
2025-08-15,NVDA,181.8800048828125,180.4499969482422,0.0,0.0
2025-08-18,NVDA,180.60000610351562,182.00999450683594,0.0,0.0
2025-08-19,NVDA,182.42999267578125,175.63999938964844,0.0,0.0
2025-08-20,NVDA,175.1699981689453,175.39999389648438,0.0,0.0
2025-08-21,NVDA,174.85000610351562,174.97999572753906,0.0,0.0
2025-08-22,NVDA,172.61000061035156,177.99000549316406,0.0,0.0
2025-08-25,NVDA,178.35000610351562,179.80999755859375,0.0,0.0
2025-08-26,NVDA,180.05999755859375,181.77000427246094,0.0,0.0
2025-08-27,NVDA,181.97999572753906,181.60000610351562,0.0,0.0
2025-08-28,NVDA,180.82000732421875,180.1699981689453,0.0,0.0
2025-08-29,NVDA,178.11000061035156,174.17999267578125,0.0,0.0
2025-09-02,NVDA,170.0,170.77999877929688,0.0,0.0
2025-09-03,NVDA,171.05999755859375,170.6199951171875,0.0,0.0
2025-09-04,NVDA,170.57000732421875,171.66000366210938,0.0,0.0
2025-09-05,NVDA,168.02999877929688,167.02000427246094,0.0,0.0
2025-09-08,NVDA,167.5500030517578,168.30999755859375,0.0,0.0
2025-09-09,NVDA,169.08999633789062,170.75999450683594,0.0,0.0
2025-09-10,NVDA,176.63999938964844,177.3300018310547,0.0,0.0
2025-09-11,NVDA,179.67999267578125,177.1699981689453,0.01,0.0
2025-09-12,NVDA,177.77000427246094,177.82000732421875,0.0,0.0
2025-09-15,NVDA,175.6699981689453,177.75,0.0,0.0
2025-09-16,NVDA,177.0,174.8800048828125,0.0,0.0
2025-09-17,NVDA,172.63999938964844,170.2899932861328,0.0,0.0
2025-09-18,NVDA,173.97999572753906,176.24000549316406,0.0,0.0
2025-09-19,NVDA,175.77000427246094,176.6699981689453,0.0,0.0
2025-09-22,NVDA,175.3000030517578,183.61000061035156,0.0,0.0
2025-09-23,NVDA,181.97000122070312,178.42999267578125,0.0,0.0
2025-09-24,NVDA,179.77000427246094,176.97000122070312,0.0,0.0
2025-09-25,NVDA,174.47999572753906,177.69000244140625,0.0,0.0
2025-09-26,NVDA,178.1699981689453,178.19000244140625,0.0,0.0
2025-09-29,NVDA,180.42999267578125,181.85000610351562,0.0,0.0
2025-09-30,NVDA,182.0800018310547,186.5800018310547,0.0,0.0
2025-10-01,NVDA,185.24000549316406,187.24000549316406,0.0,0.0
2025-10-02,NVDA,189.60000610351562,188.88999938964844,0.0,0.0
2025-10-03,NVDA,189.19000244140625,187.6199951171875,0.0,0.0
2025-10-06,NVDA,185.5,185.5399932861328,0.0,0.0
2025-10-07,NVDA,186.22999572753906,185.0399932861328,0.0,0.0
2025-10-08,NVDA,186.57000732421875,189.11000061035156,0.0,0.0
2025-10-09,NVDA,192.22999572753906,192.57000732421875,0.0,0.0
2025-10-10,NVDA,193.50999450683594,183.16000366210938,0.0,0.0
2025-10-13,NVDA,187.97000122070312,188.32000732421875,0.0,0.0
2025-10-14,NVDA,184.77000427246094,180.02999877929688,0.0,0.0
2025-10-15,NVDA,184.8000030517578,179.8300018310547,0.0,0.0
2025-10-16,NVDA,182.22999572753906,181.80999755859375,0.0,0.0
2025-10-17,NVDA,180.17999267578125,183.22000122070312,0.0,0.0
2025-10-20,NVDA,183.1300048828125,182.63999938964844,0.0,0.0
2025-10-21,NVDA,182.7899932861328,181.16000366210938,0.0,0.0
2025-10-22,NVDA,181.13999938964844,180.27999877929688,0.0,0.0
2025-10-23,NVDA,180.4199981689453,182.16000366210938,0.0,0.0
2025-10-24,NVDA,183.83999633789062,186.25999450683594,0.0,0.0
2025-10-27,NVDA,189.99000549316406,191.49000549316406,0.0,0.0
2025-10-28,NVDA,193.0500030517578,201.02999877929688,0.0,0.0
2025-10-29,NVDA,207.97999572753906,207.0399932861328,0.0,0.0
2025-10-30,NVDA,205.14999389648438,202.88999938964844,0.0,0.0
2025-10-31,NVDA,206.4499969482422,202.49000549316406,0.0,0.0
2025-11-03,NVDA,208.0800018310547,206.8800048828125,0.0,0.0
2025-11-04,NVDA,203.0,198.69000244140625,0.0,0.0
2025-11-05,NVDA,198.77000427246094,195.2100067138672,0.0,0.0
2025-11-06,NVDA,196.4199981689453,188.0800018310547,0.0,0.0
2025-11-07,NVDA,184.89999389648438,188.14999389648438,0.0,0.0
2025-11-10,NVDA,195.11000061035156,199.0500030517578,0.0,0.0
2025-11-11,NVDA,195.16000366210938,193.16000366210938,0.0,0.0
2025-11-12,NVDA,195.72000122070312,193.8000030517578,0.0,0.0
2025-11-13,NVDA,191.0500030517578,186.86000061035156,0.0,0.0
2025-11-14,NVDA,182.86000061035156,190.1699981689453,0.0,0.0
2025-11-17,NVDA,185.97000122070312,186.60000610351562,0.0,0.0
2025-11-18,NVDA,183.3800048828125,181.36000061035156,0.0,0.0
2025-11-19,NVDA,184.7899932861328,186.52000427246094,0.0,0.0
2025-11-20,NVDA,195.9499969482422,180.63999938964844,0.0,0.0
2025-11-21,NVDA,181.24000549316406,178.8800048828125,0.0,0.0
2025-11-24,NVDA,179.49000549316406,182.5500030517578,0.0,0.0
2025-11-25,NVDA,174.91000366210938,177.82000732421875,0.0,0.0
2025-11-26,NVDA,181.6300048828125,180.25999450683594,0.0,0.0
2025-11-28,NVDA,179.00999450683594,177.0,0.0,0.0
2025-12-01,NVDA,174.75999450683594,179.9199981689453,0.0,0.0
2025-12-02,NVDA,181.75999450683594,181.4600067138672,0.0,0.0
2025-12-03,NVDA,181.0800018310547,179.58999633789062,0.0,0.0
2025-12-04,NVDA,181.6199951171875,183.3800048828125,0.01,0.0
2025-12-05,NVDA,183.88999938964844,182.41000366210938,0.0,0.0
2025-12-08,NVDA,182.63999938964844,185.5500030517578,0.0,0.0
2025-12-09,NVDA,185.55999755859375,184.97000122070312,0.0,0.0
2025-12-10,NVDA,184.97000122070312,183.77999877929688,0.0,0.0
2025-12-11,NVDA,180.27999877929688,180.92999267578125,0.0,0.0
2025-12-12,NVDA,181.11000061035156,175.02000427246094,0.0,0.0
2025-12-15,NVDA,177.94000244140625,176.2899932861328,0.0,0.0
2025-12-16,NVDA,176.25999450683594,177.72000122070312,0.0,0.0
2025-12-17,NVDA,176.10000610351562,170.94000244140625,0.0,0.0
2025-12-18,NVDA,174.52999877929688,174.13999938964844,0.0,0.0
2025-12-19,NVDA,176.6699981689453,180.99000549316406,0.0,0.0
2025-12-22,NVDA,183.9199981689453,183.69000244140625,0.0,0.0
2025-12-23,NVDA,182.97000122070312,189.2100067138672,0.0,0.0
2025-12-24,NVDA,187.94000244140625,188.61000061035156,0.0,0.0
2025-12-26,NVDA,189.9199981689453,190.52999877929688,0.0,0.0
2025-12-29,NVDA,187.7100067138672,188.22000122070312,0.0,0.0
2025-12-30,NVDA,188.24000549316406,187.5399932861328,0.0,0.0
2025-12-31,NVDA,189.57000732421875,186.5,0.0,0.0
2026-01-02,NVDA,189.83999633789062,188.85000610351562,0.0,0.0
2026-01-05,NVDA,191.75999450683594,188.1199951171875,0.0,0.0
2026-01-06,NVDA,190.52000427246094,187.24000549316406,0.0,0.0
2026-01-07,NVDA,188.57000732421875,189.11000061035156,0.0,0.0
2026-01-08,NVDA,189.11000061035156,185.0399932861328,0.0,0.0
2026-01-09,NVDA,185.0800018310547,184.86000061035156,0.0,0.0
2026-01-12,NVDA,183.22000122070312,184.94000244140625,0.0,0.0
2026-01-13,NVDA,185.0,185.80999755859375,0.0,0.0
2026-01-14,NVDA,184.32000732421875,183.13999938964844,0.0,0.0
2026-01-15,NVDA,186.5,187.0500030517578,0.0,0.0
2026-01-16,NVDA,189.0800018310547,186.22999572753906,0.0,0.0
2026-01-20,NVDA,181.89999389648438,178.07000732421875,0.0,0.0
2026-01-21,NVDA,179.0500030517578,183.32000732421875,0.0,0.0
2026-01-22,NVDA,184.75,184.83999633789062,0.0,0.0
2026-01-23,NVDA,187.5,187.6699981689453,0.0,0.0
2026-01-26,NVDA,187.16000366210938,186.47000122070312,0.0,0.0
2026-01-27,NVDA,187.24000549316406,188.52000427246094,0.0,0.0
2026-01-28,NVDA,191.27000427246094,191.52000427246094,0.0,0.0
2026-01-29,NVDA,191.33999633789062,192.50999450683594,0.0,0.0
2026-01-30,NVDA,191.2100067138672,191.1300048828125,0.0,0.0
2026-02-02,NVDA,187.1999969482422,185.61000061035156,0.0,0.0
2026-02-03,NVDA,186.24000549316406,180.33999633789062,0.0,0.0
2026-02-04,NVDA,179.4600067138672,174.19000244140625,0.0,0.0
2026-02-05,NVDA,174.92999267578125,171.8800048828125,0.0,0.0
2026-02-06,NVDA,176.69000244140625,185.41000366210938,0.0,0.0
2026-02-09,NVDA,184.25999450683594,190.0399932861328,0.0,0.0
2026-02-10,NVDA,191.3800048828125,188.5399932861328,0.0,0.0
2026-02-11,NVDA,192.4499969482422,190.0500030517578,0.0,0.0
2026-02-12,NVDA,193.02999877929688,186.94000244140625,0.0,0.0
2026-02-13,NVDA,187.47999572753906,182.80999755859375,0.0,0.0
2026-02-17,NVDA,181.75,184.97000122070312,0.0,0.0
2026-02-18,NVDA,188.75,187.97999572753906,0.0,0.0
2026-02-19,NVDA,187.05999755859375,187.89999389648438,0.0,0.0
2026-02-20,NVDA,186.57000732421875,189.82000732421875,0.0,0.0
2026-02-23,NVDA,191.39999389648438,191.5500030517578,0.0,0.0
2026-02-24,NVDA,191.49000549316406,192.85000610351562,0.0,0.0
2026-02-25,NVDA,194.4499969482422,195.55999755859375,0.0,0.0
2026-02-26,NVDA,194.27000427246094,184.88999938964844,0.0,0.0
2026-02-27,NVDA,181.25,177.19000244140625,0.0,0.0
2026-03-02,NVDA,175.00999450683594,182.47999572753906,0.0,0.0
2026-03-03,NVDA,178.49000549316406,180.0500030517578,0.0,0.0
2026-03-04,NVDA,180.44000244140625,183.0399932861328,0.0,0.0
2026-03-05,NVDA,181.1699981689453,183.33999633789062,0.0,0.0
2026-03-06,NVDA,179.83999633789062,177.82000732421875,0.0,0.0
2026-03-09,NVDA,176.8300018310547,182.64999389648438,0.0,0.0
2026-03-10,NVDA,182.39999389648438,184.77000427246094,0.0,0.0
2026-03-11,NVDA,185.91000366210938,186.02999877929688,0.01,0.0
2026-03-12,NVDA,184.0500030517578,183.13999938964844,0.0,0.0
2026-03-13,NVDA,184.9199981689453,180.25,0.0,0.0
2026-03-16,NVDA,182.97000122070312,183.22000122070312,0.0,0.0
2026-03-17,NVDA,185.05999755859375,181.92999267578125,0.0,0.0
2026-03-18,NVDA,182.47999572753906,180.39999389648438,0.0,0.0
2026-03-19,NVDA,178.00999450683594,178.55999755859375,0.0,0.0
2026-03-20,NVDA,178.0,172.6999969482422,0.0,0.0
2026-03-23,NVDA,177.25999450683594,175.63999938964844,0.0,0.0
2026-03-24,NVDA,174.8300018310547,175.1999969482422,0.0,0.0
2026-03-25,NVDA,177.10000610351562,178.67999267578125,0.0,0.0
2026-03-26,NVDA,176.07000732421875,171.24000549316406,0.0,0.0
2026-03-27,NVDA,170.0,167.52000427246094,0.0,0.0
2026-03-30,NVDA,168.77999877929688,165.1699981689453,0.0,0.0
2026-03-31,NVDA,166.97000122070312,174.39999389648438,0.0,0.0
2026-04-01,NVDA,176.0,175.75,0.0,0.0
2026-04-02,NVDA,172.17999267578125,177.38999938964844,0.0,0.0
2026-04-06,NVDA,177.16000366210938,177.63999938964844,0.0,0.0
2026-04-07,NVDA,175.72999572753906,178.10000610351562,0.0,0.0
2026-04-08,NVDA,184.5,182.0800018310547,0.0,0.0
2026-04-09,NVDA,181.83999633789062,183.91000366210938,0.0,0.0
2026-04-10,NVDA,184.30999755859375,188.6300048828125,0.0,0.0
2026-04-13,NVDA,186.02999877929688,189.30999755859375,0.0,0.0
2026-04-14,NVDA,190.83999633789062,196.50999450683594,0.0,0.0
2026-04-15,NVDA,196.5399932861328,198.8699951171875,0.0,0.0
2026-04-16,NVDA,197.42999267578125,198.35000610351562,0.0,0.0
2026-04-17,NVDA,199.89999389648438,201.67999267578125,0.0,0.0
2026-04-20,NVDA,199.97999572753906,202.05999755859375,0.0,0.0
2026-04-21,NVDA,202.1300048828125,199.8800048828125,0.0,0.0
2026-04-22,NVDA,200.99000549316406,202.5,0.0,0.0
2026-04-23,NVDA,202.4600067138672,199.63999938964844,0.0,0.0
2026-04-24,NVDA,199.9600067138672,208.27000427246094,0.0,0.0
2026-04-27,NVDA,209.64999389648438,216.61000061035156,0.0,0.0
2026-04-28,NVDA,209.49000549316406,213.1699981689453,0.0,0.0
2026-04-29,NVDA,212.6999969482422,209.25,0.0,0.0
2026-04-30,NVDA,209.92999267578125,199.57000732421875,0.0,0.0
2026-05-01,NVDA,201.27999877929688,198.4499969482422,0.0,0.0
2026-05-04,NVDA,199.5,198.47999572753906,0.0,0.0
2026-05-05,NVDA,199.3000030517578,196.5,0.0,0.0
2026-05-06,NVDA,199.88999938964844,207.8300018310547,0.0,0.0
2026-05-07,NVDA,208.33999633789062,211.5,0.0,0.0
2026-05-08,NVDA,213.02999877929688,215.1999969482422,0.0,0.0
2026-05-11,NVDA,214.0399932861328,219.44000244140625,0.0,0.0
2026-05-12,NVDA,218.5500030517578,220.77999877929688,0.0,0.0
2026-05-13,NVDA,224.92999267578125,225.8300018310547,0.0,0.0
2026-05-14,NVDA,229.85000610351562,235.74000549316406,0.0,0.0
2026-05-15,NVDA,229.75999450683594,225.32000732421875,0.0,0.0
2026-05-18,NVDA,229.8699951171875,222.32000732421875,0.0,0.0
2026-05-19,NVDA,219.6199951171875,220.61000061035156,0.0,0.0
2026-05-20,NVDA,223.17999267578125,223.47000122070312,0.0,0.0
2026-05-21,NVDA,222.2899932861328,219.50999450683594,0.0,0.0
2026-05-22,NVDA,220.89999389648438,215.3300018310547,0.0,0.0
2026-05-26,NVDA,216.5399932861328,214.86000061035156,0.0,0.0
2026-05-27,NVDA,214.1199951171875,212.60000610351562,0.0,0.0
2026-05-28,NVDA,211.27999877929688,214.25,0.0,0.0
2026-05-29,NVDA,214.5800018310547,211.13999938964844,0.0,0.0
2026-06-01,NVDA,215.72999572753906,224.36000061035156,0.0,0.0
2026-06-02,NVDA,227.17999267578125,222.82000732421875,0.0,0.0
2026-06-03,NVDA,221.72000122070312,214.75,0.0,0.0
2026-06-04,NVDA,213.91000366210938,218.66000366210938,0.25,0.0
2026-06-05,NVDA,214.52999877929688,205.10000610351562,0.0,0.0
2026-06-08,NVDA,210.17999267578125,208.63999938964844,0.0,0.0
2026-06-09,NVDA,210.6199951171875,208.19000244140625,0.0,0.0
2026-06-10,NVDA,204.42999267578125,200.4199981689453,0.0,0.0
2026-06-11,NVDA,201.49000549316406,204.8699951171875,0.0,0.0
2026-06-12,NVDA,204.86000061035156,205.19000244140625,0.0,0.0
2026-06-15,NVDA,208.9199981689453,212.4499969482422,0.0,0.0
2026-06-16,NVDA,211.17999267578125,207.41000366210938,0.0,0.0
2026-06-17,NVDA,208.52999877929688,204.64999389648438,0.0,0.0
2026-06-18,NVDA,207.3300018310547,210.69000244140625,0.0,0.0
2026-06-22,NVDA,211.44000244140625,208.64999389648438,0.0,0.0
2026-06-23,NVDA,202.1699981689453,200.0399932861328,0.0,0.0
2026-06-24,NVDA,200.1199951171875,199.0,0.0,0.0
2026-06-25,NVDA,200.0800018310547,195.74000549316406,0.0,0.0
2026-06-26,NVDA,193.1199951171875,192.52999877929688,0.0,0.0
2026-06-29,NVDA,193.85000610351562,194.97000122070312,0.0,0.0
2026-06-30,NVDA,197.24000549316406,200.08999633789062,0.0,0.0
2026-07-01,NVDA,196.1999969482422,197.5800018310547,0.0,0.0
2026-07-02,NVDA,197.13999938964844,194.8300018310547,0.0,0.0
2026-07-06,NVDA,194.4199981689453,195.5500030517578,0.0,0.0
2026-07-07,NVDA,192.3699951171875,196.92999267578125,0.0,0.0
2026-07-08,NVDA,195.17999267578125,204.1199951171875,0.0,0.0
2026-07-09,NVDA,204.4600067138672,202.77999877929688,0.0,0.0
2026-07-10,NVDA,202.0,210.9600067138672,0.0,0.0
2026-07-13,NVDA,208.5399932861328,203.52999877929688,0.0,0.0
2026-07-14,NVDA,208.1999969482422,211.8000030517578,0.0,0.0
2026-07-15,NVDA,211.9600067138672,212.5,0.0,0.0
2026-07-16,NVDA,210.1699981689453,207.39999389648438,0.0,0.0
2026-07-17,NVDA,202.63999938964844,202.80999755859375,0.0,0.0
2026-07-20,NVDA,205.8699951171875,203.27999877929688,0.0,0.0
2026-07-21,NVDA,207.5399932861328,207.2899932861328,0.0,0.0
2026-07-22,NVDA,205.80999755859375,212.05999755859375,0.0,0.0
2026-07-23,NVDA,209.4600067138672,208.75999450683594,0.0,0.0
2026-07-24,NVDA,207.4499969482422,206.83999633789062,0.0,0.0
2026-07-27,NVDA,208.1999969482422,196.50999450683594,0.0,0.0
2026-07-28,NVDA,195.0,197.00999450683594,0.0,0.0
2026-07-29,NVDA,195.85000610351562,190.00999450683594,0.0,0.0
2026-07-30,NVDA,193.4499969482422,195.0399932861328,0.0,0.0
2026-07-31,NVDA,198.44000244140625,200.75,0.0,0.0
2026-08-03,NVDA,197.69000244140625,206.63999938964844,0.0,0.0
2026-08-04,NVDA,211.3000030517578,211.94000244140625,0.0,0.0
2026-08-05,NVDA,216.86000061035156,219.22000122070312,0.0,0.0
2026-08-06,NVDA,221.52999877929688,218.99000549316406,0.0,0.0
2026-08-07,NVDA,221.5399932861328,223.9600067138672,0.0,0.0
2026-08-10,NVDA,223.39999389648438,217.5500030517578,0.0,0.0
2026-08-11,NVDA,222.1699981689453,217.5,0.0,0.0
2026-08-12,NVDA,221.0399932861328,224.08999633789062,0.0,0.0
2026-08-13,NVDA,225.05999755859375,225.3000030517578,0.0,0.0
2026-08-14,NVDA,226.77000427246094,225.16000366210938,0.0,0.0
2026-08-17,NVDA,225.97999572753906,225.00999450683594,0.0,0.0
2026-08-18,NVDA,220.4499969482422,219.74000549316406,0.0,0.0
2026-08-19,NVDA,221.6699981689453,217.55999755859375,0.0,0.0
2026-08-20,NVDA,218.36000061035156,216.85000610351562,0.0,0.0
2026-08-21,NVDA,218.4199981689453,214.72000122070312,0.0,0.0
2026-08-24,NVDA,215.52999877929688,208.47999572753906,0.0,0.0
2026-08-25,NVDA,211.02999877929688,213.0500030517578,0.0,0.0
2026-08-26,NVDA,212.63999938964844,209.66000366210938,0.0,0.0
2026-08-27,NVDA,222.86000061035156,227.97999572753906,0.0,0.0
2026-08-28,NVDA,227.36000061035156,217.5500030517578,0.0,0.0
2024-08-29,PLTR,30.649999618530273,31.0,0.0,0.0
2024-08-30,PLTR,31.049999237060547,31.479999542236328,0.0,0.0
2024-09-03,PLTR,31.350000381469727,30.510000228881836,0.0,0.0
2024-09-04,PLTR,30.0,30.59000015258789,0.0,0.0
2024-09-05,PLTR,30.239999771118164,30.15999984741211,0.0,0.0
2024-09-06,PLTR,30.600000381469727,30.329999923706055,0.0,0.0
2024-09-09,PLTR,32.70000076293945,34.599998474121094,0.0,0.0
2024-09-10,PLTR,34.810001373291016,34.7599983215332,0.0,0.0
2024-09-11,PLTR,34.0099983215332,34.849998474121094,0.0,0.0
2024-09-12,PLTR,34.86000061035156,34.90999984741211,0.0,0.0
2024-09-13,PLTR,34.970001220703125,35.59000015258789,0.0,0.0
2024-09-16,PLTR,35.779998779296875,36.310001373291016,0.0,0.0
2024-09-17,PLTR,37.0,36.45000076293945,0.0,0.0
2024-09-18,PLTR,35.900001525878906,36.380001068115234,0.0,0.0
2024-09-19,PLTR,37.0,36.83000183105469,0.0,0.0
2024-09-20,PLTR,36.0099983215332,37.20000076293945,0.0,0.0
2024-09-23,PLTR,36.86000061035156,37.95000076293945,0.0,0.0
2024-09-24,PLTR,37.970001220703125,36.900001525878906,0.0,0.0
2024-09-25,PLTR,36.88999938964844,37.119998931884766,0.0,0.0
2024-09-26,PLTR,37.2599983215332,37.099998474121094,0.0,0.0
2024-09-27,PLTR,36.90999984741211,36.84000015258789,0.0,0.0
2024-09-30,PLTR,36.58000183105469,37.20000076293945,0.0,0.0
2024-10-01,PLTR,37.209999084472656,36.459999084472656,0.0,0.0
2024-10-02,PLTR,36.29999923706055,37.4900016784668,0.0,0.0
2024-10-03,PLTR,37.45000076293945,39.2400016784668,0.0,0.0
2024-10-04,PLTR,39.650001525878906,40.0099983215332,0.0,0.0
2024-10-07,PLTR,39.900001525878906,38.88999938964844,0.0,0.0
2024-10-08,PLTR,39.290000915527344,41.45000076293945,0.0,0.0
2024-10-09,PLTR,41.54999923706055,43.130001068115234,0.0,0.0
2024-10-10,PLTR,42.91999816894531,43.52000045776367,0.0,0.0
2024-10-11,PLTR,43.400001525878906,43.5099983215332,0.0,0.0
2024-10-14,PLTR,43.720001220703125,43.400001525878906,0.0,0.0
2024-10-15,PLTR,43.474998474121094,42.43000030517578,0.0,0.0
2024-10-16,PLTR,42.400001525878906,41.93000030517578,0.0,0.0
2024-10-17,PLTR,42.150001525878906,42.0,0.0,0.0
2024-10-18,PLTR,42.01499938964844,42.970001220703125,0.0,0.0
2024-10-21,PLTR,42.86000061035156,42.70000076293945,0.0,0.0
2024-10-22,PLTR,42.689998626708984,42.939998626708984,0.0,0.0
2024-10-23,PLTR,42.849998474121094,42.59000015258789,0.0,0.0
2024-10-24,PLTR,42.88999938964844,43.560001373291016,0.0,0.0
2024-10-25,PLTR,43.849998474121094,44.86000061035156,0.0,0.0
2024-10-28,PLTR,45.04999923706055,44.970001220703125,0.0,0.0
2024-10-29,PLTR,44.900001525878906,44.93000030517578,0.0,0.0
2024-10-30,PLTR,44.58000183105469,43.689998626708984,0.0,0.0
2024-10-31,PLTR,42.790000915527344,41.560001373291016,0.0,0.0
2024-11-01,PLTR,41.93000030517578,41.91999816894531,0.0,0.0
2024-11-04,PLTR,41.08000183105469,41.40999984741211,0.0,0.0
2024-11-05,PLTR,47.86000061035156,51.130001068115234,0.0,0.0
2024-11-06,PLTR,53.439998626708984,55.529998779296875,0.0,0.0
2024-11-07,PLTR,55.81999969482422,55.880001068115234,0.0,0.0
2024-11-08,PLTR,55.56999969482422,58.38999938964844,0.0,0.0
2024-11-11,PLTR,60.132999420166016,60.2400016784668,0.0,0.0
2024-11-12,PLTR,59.0099983215332,59.849998474121094,0.0,0.0
2024-11-13,PLTR,61.52000045776367,60.70000076293945,0.0,0.0
2024-11-14,PLTR,61.04999923706055,59.18000030517578,0.0,0.0
2024-11-15,PLTR,61.0099983215332,65.7699966430664,0.0,0.0
2024-11-18,PLTR,64.91999816894531,61.2599983215332,0.0,0.0
2024-11-19,PLTR,59.5099983215332,62.97999954223633,0.0,0.0
2024-11-20,PLTR,62.59000015258789,62.119998931884766,0.0,0.0
2024-11-21,PLTR,62.040000915527344,61.36000061035156,0.0,0.0
2024-11-22,PLTR,61.599998474121094,64.3499984741211,0.0,0.0
2024-11-25,PLTR,66.9000015258789,64.6500015258789,0.0,0.0
2024-11-26,PLTR,64.56999969482422,65.73999786376953,0.0,0.0
2024-11-27,PLTR,66.23999786376953,66.05000305175781,0.0,0.0
2024-11-29,PLTR,65.88999938964844,67.08000183105469,0.0,0.0
2024-12-02,PLTR,67.44000244140625,66.38999938964844,0.0,0.0
2024-12-03,PLTR,66.41000366210938,70.95999908447266,0.0,0.0
2024-12-04,PLTR,71.12999725341797,69.8499984741211,0.0,0.0
2024-12-05,PLTR,70.11000061035156,71.87000274658203,0.0,0.0
2024-12-06,PLTR,72.94999694824219,76.33999633789062,0.0,0.0
2024-12-09,PLTR,80.58000183105469,72.45999908447266,0.0,0.0
2024-12-10,PLTR,71.98999786376953,70.88999938964844,0.0,0.0
2024-12-11,PLTR,72.9800033569336,72.51000213623047,0.0,0.0
2024-12-12,PLTR,72.30000305175781,73.19999694824219,0.0,0.0
2024-12-13,PLTR,73.48999786376953,76.06999969482422,0.0,0.0
2024-12-16,PLTR,75.05999755859375,75.75,0.0,0.0
2024-12-17,PLTR,73.27999877929688,74.38999938964844,0.0,0.0
2024-12-18,PLTR,74.30000305175781,71.51000213623047,0.0,0.0
2024-12-19,PLTR,73.98999786376953,74.20999908447266,0.0,0.0
2024-12-20,PLTR,72.63999938964844,80.55000305175781,0.0,0.0
2024-12-23,PLTR,80.6500015258789,80.69000244140625,0.0,0.0
2024-12-24,PLTR,81.08999633789062,82.37999725341797,0.0,0.0
2024-12-26,PLTR,83.16000366210938,82.13999938964844,0.0,0.0
2024-12-27,PLTR,81.41999816894531,79.08000183105469,0.0,0.0
2024-12-30,PLTR,77.04000091552734,77.18000030517578,0.0,0.0
2024-12-31,PLTR,77.58000183105469,75.62999725341797,0.0,0.0
2025-01-02,PLTR,76.19999694824219,75.19000244140625,0.0,0.0
2025-01-03,PLTR,75.38999938964844,79.88999938964844,0.0,0.0
2025-01-06,PLTR,78.69000244140625,75.91999816894531,0.0,0.0
2025-01-07,PLTR,75.19999694824219,69.98999786376953,0.0,0.0
2025-01-08,PLTR,68.12000274658203,68.2300033569336,0.0,0.0
2025-01-10,PLTR,66.01000213623047,67.26000213623047,0.0,0.0
2025-01-13,PLTR,64.29000091552734,64.9800033569336,0.0,0.0
2025-01-14,PLTR,67.18000030517578,65.91000366210938,0.0,0.0
2025-01-15,PLTR,68.55000305175781,68.13999938964844,0.0,0.0
2025-01-16,PLTR,69.08000183105469,69.23999786376953,0.0,0.0
2025-01-17,PLTR,70.9000015258789,71.7699966430664,0.0,0.0
2025-01-21,PLTR,73.23999786376953,73.06999969482422,0.0,0.0
2025-01-22,PLTR,74.5,76.87000274658203,0.0,0.0
2025-01-23,PLTR,76.04000091552734,78.9800033569336,0.0,0.0
2025-01-24,PLTR,79.05000305175781,78.9800033569336,0.0,0.0
2025-01-27,PLTR,74.06999969482422,75.44000244140625,0.0,0.0
2025-01-28,PLTR,75.54000091552734,80.2300033569336,0.0,0.0
2025-01-29,PLTR,79.94999694824219,79.76000213623047,0.0,0.0
2025-01-30,PLTR,80.0199966430664,81.22000122070312,0.0,0.0
2025-01-31,PLTR,81.0,82.48999786376953,0.0,0.0
2025-02-03,PLTR,80.125,83.73999786376953,0.0,0.0
2025-02-04,PLTR,102.80000305175781,103.83000183105469,0.0,0.0
2025-02-05,PLTR,101.77999877929688,101.36000061035156,0.0,0.0
2025-02-06,PLTR,101.08999633789062,111.27999877929688,0.0,0.0
2025-02-07,PLTR,111.66000366210938,110.8499984741211,0.0,0.0
2025-02-10,PLTR,112.02999877929688,116.6500015258789,0.0,0.0
2025-02-11,PLTR,116.5,112.62000274658203,0.0,0.0
2025-02-12,PLTR,110.29000091552734,117.38999938964844,0.0,0.0
2025-02-13,PLTR,117.30999755859375,117.91000366210938,0.0,0.0
2025-02-14,PLTR,117.9000015258789,119.16000366210938,0.0,0.0
2025-02-18,PLTR,120.94000244140625,124.62000274658203,0.0,0.0
2025-02-19,PLTR,123.86000061035156,112.05999755859375,0.0,0.0
2025-02-20,PLTR,102.91000366210938,106.2699966430664,0.0,0.0
2025-02-21,PLTR,107.68000030517578,101.3499984741211,0.0,0.0
2025-02-24,PLTR,95.87999725341797,90.68000030517578,0.0,0.0
2025-02-25,PLTR,90.6500015258789,87.83999633789062,0.0,0.0
2025-02-26,PLTR,89.16000366210938,89.30999755859375,0.0,0.0
2025-02-27,PLTR,91.91000366210938,84.7699966430664,0.0,0.0
2025-02-28,PLTR,79.9800033569336,84.91999816894531,0.0,0.0
2025-03-03,PLTR,88.55000305175781,83.41999816894531,0.0,0.0
2025-03-04,PLTR,80.16000366210938,84.4000015258789,0.0,0.0
2025-03-05,PLTR,86.3499984741211,90.12999725341797,0.0,0.0
2025-03-06,PLTR,87.50499725341797,80.45999908447266,0.0,0.0
2025-03-07,PLTR,80.0250015258789,84.91000366210938,0.0,0.0
2025-03-10,PLTR,82.0,76.37999725341797,0.0,0.0
2025-03-11,PLTR,75.78500366210938,78.05000305175781,0.0,0.0
2025-03-12,PLTR,83.4800033569336,83.6500015258789,0.0,0.0
2025-03-13,PLTR,82.84500122070312,79.62000274658203,0.0,0.0
2025-03-14,PLTR,82.97000122070312,86.23999786376953,0.0,0.0
2025-03-17,PLTR,88.44000244140625,87.3499984741211,0.0,0.0
2025-03-18,PLTR,85.77999877929688,83.88999938964844,0.0,0.0
2025-03-19,PLTR,84.55000305175781,86.0999984741211,0.0,0.0
2025-03-20,PLTR,85.54000091552734,87.38999938964844,0.0,0.0
2025-03-21,PLTR,85.8499984741211,90.95999908447266,0.0,0.0
2025-03-24,PLTR,93.4000015258789,96.75,0.0,0.0
2025-03-25,PLTR,97.22000122070312,96.5,0.0,0.0
2025-03-26,PLTR,96.29000091552734,92.27999877929688,0.0,0.0
2025-03-27,PLTR,91.01499938964844,90.08999633789062,0.0,0.0
2025-03-28,PLTR,89.33999633789062,85.8499984741211,0.0,0.0
2025-03-31,PLTR,80.0,84.4000015258789,0.0,0.0
2025-04-01,PLTR,83.88999938964844,84.68000030517578,0.0,0.0
2025-04-02,PLTR,82.4000015258789,87.44999694824219,0.0,0.0
2025-04-03,PLTR,81.25,83.5999984741211,0.0,0.0
2025-04-04,PLTR,80.06999969482422,74.01000213623047,0.0,0.0
2025-04-07,PLTR,66.6500015258789,77.83999633789062,0.0,0.0
2025-04-08,PLTR,83.29000091552734,77.31999969482422,0.0,0.0
2025-04-09,PLTR,78.19000244140625,92.01000213623047,0.0,0.0
2025-04-10,PLTR,88.4000015258789,88.58999633789062,0.0,0.0
2025-04-11,PLTR,87.9800033569336,88.55000305175781,0.0,0.0
2025-04-14,PLTR,95.80000305175781,92.62000274658203,0.0,0.0
2025-04-15,PLTR,93.52999877929688,98.4000015258789,0.0,0.0
2025-04-16,PLTR,96.27999877929688,92.70999908447266,0.0,0.0
2025-04-17,PLTR,94.70999908447266,93.77999877929688,0.0,0.0
2025-04-21,PLTR,92.83999633789062,90.80000305175781,0.0,0.0
2025-04-22,PLTR,93.01499938964844,93.98999786376953,0.0,0.0
2025-04-23,PLTR,98.86000061035156,100.81999969482422,0.0,0.0
2025-04-24,PLTR,101.52999877929688,107.77999877929688,0.0,0.0
2025-04-25,PLTR,108.05000305175781,112.77999877929688,0.0,0.0
2025-04-28,PLTR,113.77999877929688,114.6500015258789,0.0,0.0
2025-04-29,PLTR,113.9800033569336,116.08000183105469,0.0,0.0
2025-04-30,PLTR,111.61000061035156,118.44000244140625,0.0,0.0
2025-05-01,PLTR,120.04000091552734,116.19999694824219,0.0,0.0
2025-05-02,PLTR,118.66000366210938,124.27999877929688,0.0,0.0
2025-05-05,PLTR,123.69999694824219,123.7699966430664,0.0,0.0
2025-05-06,PLTR,112.70999908447266,108.86000061035156,0.0,0.0
2025-05-07,PLTR,107.97000122070312,110.4800033569336,0.0,0.0
2025-05-08,PLTR,112.27999877929688,119.1500015258789,0.0,0.0
2025-05-09,PLTR,118.97000122070312,117.30000305175781,0.0,0.0
2025-05-12,PLTR,120.77999877929688,118.45999908447266,0.0,0.0
2025-05-13,PLTR,119.91999816894531,128.10000610351562,0.0,0.0
2025-05-14,PLTR,129.00999450683594,130.17999267578125,0.0,0.0
2025-05-15,PLTR,128.3699951171875,128.1199951171875,0.0,0.0
2025-05-16,PLTR,129.22999572753906,129.52000427246094,0.0,0.0
2025-05-19,PLTR,124.71499633789062,126.33000183105469,0.0,0.0
2025-05-20,PLTR,127.22000122070312,125.58999633789062,0.0,0.0
2025-05-21,PLTR,125.16000366210938,120.58000183105469,0.0,0.0
2025-05-22,PLTR,121.94999694824219,122.29000091552734,0.0,0.0
2025-05-23,PLTR,120.87999725341797,123.30999755859375,0.0,0.0
2025-05-27,PLTR,126.81999969482422,123.38999938964844,0.0,0.0
2025-05-28,PLTR,124.2300033569336,123.76000213623047,0.0,0.0
2025-05-29,PLTR,125.3499984741211,122.31999969482422,0.0,0.0
2025-05-30,PLTR,123.52999877929688,131.77999877929688,0.0,0.0
2025-06-02,PLTR,131.43499755859375,132.0399932861328,0.0,0.0
2025-06-03,PLTR,133.07000732421875,133.1699981689453,0.0,0.0
2025-06-04,PLTR,132.8000030517578,130.00999450683594,0.0,0.0
2025-06-05,PLTR,129.27000427246094,119.91000366210938,0.0,0.0
2025-06-06,PLTR,123.7300033569336,127.72000122070312,0.0,0.0
2025-06-09,PLTR,127.07499694824219,132.05999755859375,0.0,0.0
2025-06-10,PLTR,131.02000427246094,132.80999755859375,0.0,0.0
2025-06-11,PLTR,133.9199981689453,136.38999938964844,0.0,0.0
2025-06-12,PLTR,136.39999389648438,135.19000244140625,0.0,0.0
2025-06-13,PLTR,133.81500244140625,137.39999389648438,0.0,0.0
2025-06-16,PLTR,140.02999877929688,141.41000366210938,0.0,0.0
2025-06-17,PLTR,141.48500061035156,138.1999969482422,0.0,0.0
2025-06-18,PLTR,139.0399932861328,139.9600067138672,0.0,0.0
2025-06-20,PLTR,140.69000244140625,137.3000030517578,0.0,0.0
2025-06-23,PLTR,138.89999389648438,139.9199981689453,0.0,0.0
2025-06-24,PLTR,140.97999572753906,143.22999572753906,0.0,0.0
2025-06-25,PLTR,144.49000549316406,142.89999389648438,0.0,0.0
2025-06-26,PLTR,144.85000610351562,144.25,0.0,0.0
2025-06-27,PLTR,144.8699951171875,130.74000549316406,0.0,0.0
2025-06-30,PLTR,137.7899932861328,136.32000732421875,0.0,0.0
2025-07-01,PLTR,135.27000427246094,130.67999267578125,0.0,0.0
2025-07-02,PLTR,131.47000122070312,132.1199951171875,0.0,0.0
2025-07-03,PLTR,134.36000061035156,134.36000061035156,0.0,0.0
2025-07-07,PLTR,134.3800048828125,139.1199951171875,0.0,0.0
2025-07-08,PLTR,138.77499389648438,139.7100067138672,0.0,0.0
2025-07-09,PLTR,139.65499877929688,143.1300048828125,0.0,0.0
2025-07-10,PLTR,143.30999755859375,142.5,0.0,0.0
2025-07-11,PLTR,142.11000061035156,142.10000610351562,0.0,0.0
2025-07-14,PLTR,142.72000122070312,149.14999389648438,0.0,0.0
2025-07-15,PLTR,148.92999267578125,148.5800018310547,0.0,0.0
2025-07-16,PLTR,149.3000030517578,150.91000366210938,0.0,0.0
2025-07-17,PLTR,151.55999755859375,153.99000549316406,0.0,0.0
2025-07-18,PLTR,154.86000061035156,153.52000427246094,0.0,0.0
2025-07-21,PLTR,153.8800048828125,151.7899932861328,0.0,0.0
2025-07-22,PLTR,150.85000610351562,149.07000732421875,0.0,0.0
2025-07-23,PLTR,149.74000549316406,154.6300048828125,0.0,0.0
2025-07-24,PLTR,153.97999572753906,154.86000061035156,0.0,0.0
2025-07-25,PLTR,155.6300048828125,158.8000030517578,0.0,0.0
2025-07-28,PLTR,159.8800048828125,157.8800048828125,0.0,0.0
2025-07-29,PLTR,158.71499633789062,156.24000549316406,0.0,0.0
2025-07-30,PLTR,157.36500549316406,158.61000061035156,0.0,0.0
2025-07-31,PLTR,159.99000549316406,158.35000610351562,0.0,0.0
2025-08-01,PLTR,155.0500030517578,154.27000427246094,0.0,0.0
2025-08-04,PLTR,158.52999877929688,160.66000366210938,0.0,0.0
2025-08-05,PLTR,171.80999755859375,173.27000427246094,0.0,0.0
2025-08-06,PLTR,171.1750030517578,179.5399932861328,0.0,0.0
2025-08-07,PLTR,181.00999450683594,182.1999969482422,0.0,0.0
2025-08-08,PLTR,184.73500061035156,186.9600067138672,0.0,0.0
2025-08-11,PLTR,186.47000122070312,182.67999267578125,0.0,0.0
2025-08-12,PLTR,184.6999969482422,186.97000122070312,0.0,0.0
2025-08-13,PLTR,189.0,184.3699951171875,0.0,0.0
2025-08-14,PLTR,182.41000366210938,181.02000427246094,0.0,0.0
2025-08-15,PLTR,179.72500610351562,177.1699981689453,0.0,0.0
2025-08-18,PLTR,175.27000427246094,174.02999877929688,0.0,0.0
2025-08-19,PLTR,171.36000061035156,157.75,0.0,0.0
2025-08-20,PLTR,152.3000030517578,156.00999450683594,0.0,0.0
2025-08-21,PLTR,157.1699981689453,156.17999267578125,0.0,0.0
2025-08-22,PLTR,155.31500244140625,158.74000549316406,0.0,0.0
2025-08-25,PLTR,156.10000610351562,157.1699981689453,0.0,0.0
2025-08-26,PLTR,155.38999938964844,160.8699951171875,0.0,0.0
2025-08-27,PLTR,162.32000732421875,156.72000122070312,0.0,0.0
2025-08-28,PLTR,157.6300048828125,158.1199951171875,0.0,0.0
2025-08-29,PLTR,156.97999572753906,156.7100067138672,0.0,0.0
2025-09-02,PLTR,151.1999969482422,157.08999633789062,0.0,0.0
2025-09-03,PLTR,158.0,154.89999389648438,0.0,0.0
2025-09-04,PLTR,154.86500549316406,156.13999938964844,0.0,0.0
2025-09-05,PLTR,157.82000732421875,153.11000061035156,0.0,0.0
2025-09-08,PLTR,154.91000366210938,156.10000610351562,0.0,0.0
2025-09-09,PLTR,157.25,162.36000061035156,0.0,0.0
2025-09-10,PLTR,166.0,166.74000549316406,0.0,0.0
2025-09-11,PLTR,167.24000549316406,164.36000061035156,0.0,0.0
2025-09-12,PLTR,165.35000610351562,171.42999267578125,0.0,0.0
2025-09-15,PLTR,169.60000610351562,171.2100067138672,0.0,0.0
2025-09-16,PLTR,171.0399932861328,170.25999450683594,0.0,0.0
2025-09-17,PLTR,169.02000427246094,168.3300018310547,0.0,0.0
2025-09-18,PLTR,170.27000427246094,176.97000122070312,0.0,0.0
2025-09-19,PLTR,177.07000732421875,182.38999938964844,0.0,0.0
2025-09-22,PLTR,180.8800048828125,179.3300018310547,0.0,0.0
2025-09-23,PLTR,182.50999450683594,182.5500030517578,0.0,0.0
2025-09-24,PLTR,183.91000366210938,179.55999755859375,0.0,0.0
2025-09-25,PLTR,175.8000030517578,179.1199951171875,0.0,0.0
2025-09-26,PLTR,179.0500030517578,177.57000732421875,0.0,0.0
2025-09-29,PLTR,179.63999938964844,178.86000061035156,0.0,0.0
2025-09-30,PLTR,178.97999572753906,182.4199981689453,0.0,0.0
2025-10-01,PLTR,181.32000732421875,184.9499969482422,0.0,0.0
2025-10-02,PLTR,186.6999969482422,187.0500030517578,0.0,0.0
2025-10-03,PLTR,186.39999389648438,173.07000732421875,0.0,0.0
2025-10-06,PLTR,179.17999267578125,179.52999877929688,0.0,0.0
2025-10-07,PLTR,180.30999755859375,182.1699981689453,0.0,0.0
2025-10-08,PLTR,182.8000030517578,183.55999755859375,0.0,0.0
2025-10-09,PLTR,183.5800018310547,185.47000122070312,0.0,0.0
2025-10-10,PLTR,185.1699981689453,175.44000244140625,0.0,0.0
2025-10-13,PLTR,178.67999267578125,177.2100067138672,0.0,0.0
2025-10-14,PLTR,176.0,179.74000549316406,0.0,0.0
2025-10-15,PLTR,181.65499877929688,179.6199951171875,0.0,0.0
2025-10-16,PLTR,181.77999877929688,178.1199951171875,0.0,0.0
2025-10-17,PLTR,177.75,178.14999389648438,0.0,0.0
2025-10-20,PLTR,179.49000549316406,181.58999633789062,0.0,0.0
2025-10-21,PLTR,182.05999755859375,181.50999450683594,0.0,0.0
2025-10-22,PLTR,181.92999267578125,175.49000549316406,0.0,0.0
2025-10-23,PLTR,175.44500732421875,180.47999572753906,0.0,0.0
2025-10-24,PLTR,182.8800048828125,184.6300048828125,0.0,0.0
2025-10-27,PLTR,188.97000122070312,189.17999267578125,0.0,0.0
2025-10-28,PLTR,189.47999572753906,189.60000610351562,0.0,0.0
2025-10-29,PLTR,191.0800018310547,198.80999755859375,0.0,0.0
2025-10-30,PLTR,198.4250030517578,194.5500030517578,0.0,0.0
2025-10-31,PLTR,199.1999969482422,200.47000122070312,0.0,0.0
2025-11-03,PLTR,205.0449981689453,207.17999267578125,0.0,0.0
2025-11-04,PLTR,192.07000732421875,190.74000549316406,0.0,0.0
2025-11-05,PLTR,189.0,187.89999389648438,0.0,0.0
2025-11-06,PLTR,187.99000549316406,175.0500030517578,0.0,0.0
2025-11-07,PLTR,173.14999389648438,177.92999267578125,0.0,0.0
2025-11-10,PLTR,184.30999755859375,193.61000061035156,0.0,0.0
2025-11-11,PLTR,190.3350067138672,190.9600067138672,0.0,0.0
2025-11-12,PLTR,190.5800018310547,184.1699981689453,0.0,0.0
2025-11-13,PLTR,181.71499633789062,172.13999938964844,0.0,0.0
2025-11-14,PLTR,166.97500610351562,174.00999450683594,0.0,0.0
2025-11-17,PLTR,170.52999877929688,171.25,0.0,0.0
2025-11-18,PLTR,168.3699951171875,167.3300018310547,0.0,0.0
2025-11-19,PLTR,167.8000030517578,165.4199981689453,0.0,0.0
2025-11-20,PLTR,172.07000732421875,155.7449951171875,0.0,0.0
2025-11-21,PLTR,156.00999450683594,154.85000610351562,0.0,0.0
2025-11-24,PLTR,157.47000122070312,162.25,0.0,0.0
2025-11-25,PLTR,160.07000732421875,163.5500030517578,0.0,0.0
2025-11-26,PLTR,166.85000610351562,165.77000427246094,0.0,0.0
2025-11-28,PLTR,167.75999450683594,168.4499969482422,0.0,0.0
2025-12-01,PLTR,165.0,167.49000549316406,0.0,0.0
2025-12-02,PLTR,169.58999633789062,170.69000244140625,0.0,0.0
2025-12-03,PLTR,170.13999938964844,176.0800018310547,0.0,0.0
2025-12-04,PLTR,176.36500549316406,177.9199981689453,0.0,0.0
2025-12-05,PLTR,178.22999572753906,181.75999450683594,0.0,0.0
2025-12-08,PLTR,182.2100067138672,181.49000549316406,0.0,0.0
2025-12-09,PLTR,180.97000122070312,181.83999633789062,0.0,0.0
2025-12-10,PLTR,184.9499969482422,187.91000366210938,0.0,0.0
2025-12-11,PLTR,184.8000030517578,187.5399932861328,0.0,0.0
2025-12-12,PLTR,185.80999755859375,183.57000732421875,0.0,0.0
2025-12-15,PLTR,185.0800018310547,183.25,0.0,0.0
2025-12-16,PLTR,181.65499877929688,187.75,0.0,0.0
2025-12-17,PLTR,187.71499633789062,177.2899932861328,0.0,0.0
2025-12-18,PLTR,181.50999450683594,185.69000244140625,0.0,0.0
2025-12-19,PLTR,186.74000549316406,193.3800048828125,0.0,0.0
2025-12-22,PLTR,195.0399932861328,193.97999572753906,0.0,0.0
2025-12-23,PLTR,192.8249969482422,194.1300048828125,0.0,0.0
2025-12-24,PLTR,193.16000366210938,194.1699981689453,0.0,0.0
2025-12-26,PLTR,195.01499938964844,188.7100067138672,0.0,0.0
2025-12-29,PLTR,186.85000610351562,184.17999267578125,0.0,0.0
2025-12-30,PLTR,184.35000610351562,180.83999633789062,0.0,0.0
2025-12-31,PLTR,181.1300048828125,177.75,0.0,0.0
2026-01-02,PLTR,181.3000030517578,167.86000061035156,0.0,0.0
2026-01-05,PLTR,174.8800048828125,174.0399932861328,0.0,0.0
2026-01-06,PLTR,175.75999450683594,179.7100067138672,0.0,0.0
2026-01-07,PLTR,179.8000030517578,181.67999267578125,0.0,0.0
2026-01-08,PLTR,185.61500549316406,176.86000061035156,0.0,0.0
2026-01-09,PLTR,177.02000427246094,177.49000549316406,0.0,0.0
2026-01-12,PLTR,177.68499755859375,179.41000366210938,0.0,0.0
2026-01-13,PLTR,178.875,178.9600067138672,0.0,0.0
2026-01-14,PLTR,178.125,178.39999389648438,0.0,0.0
2026-01-15,PLTR,178.7100067138672,177.07000732421875,0.0,0.0
2026-01-16,PLTR,179.36000061035156,170.9600067138672,0.0,0.0
2026-01-20,PLTR,167.625,168.52999877929688,0.0,0.0
2026-01-21,PLTR,168.40199279785156,165.3300018310547,0.0,0.0
2026-01-22,PLTR,168.9250030517578,165.89999389648438,0.0,0.0
2026-01-23,PLTR,167.27000427246094,169.60000610351562,0.0,0.0
2026-01-26,PLTR,168.2100067138672,167.47000122070312,0.0,0.0
2026-01-27,PLTR,167.47999572753906,165.6999969482422,0.0,0.0
2026-01-28,PLTR,164.39999389648438,157.35000610351562,0.0,0.0
2026-01-29,PLTR,157.6300048828125,151.86000061035156,0.0,0.0
2026-01-30,PLTR,150.0500030517578,146.58999633789062,0.0,0.0
2026-02-02,PLTR,150.94000244140625,147.75999450683594,0.0,0.0
2026-02-03,PLTR,165.0500030517578,157.8800048828125,0.0,0.0
2026-02-04,PLTR,155.41000366210938,139.5399932861328,0.0,0.0
2026-02-05,PLTR,136.82000732421875,130.00999450683594,0.0,0.0
2026-02-06,PLTR,135.3300018310547,135.89999389648438,0.0,0.0
2026-02-09,PLTR,136.5800018310547,142.91000366210938,0.0,0.0
2026-02-10,PLTR,144.96499633789062,139.50999450683594,0.0,0.0
2026-02-11,PLTR,139.02499389648438,135.67999267578125,0.0,0.0
2026-02-12,PLTR,135.36000061035156,129.1300048828125,0.0,0.0
2026-02-13,PLTR,127.9000015258789,131.41000366210938,0.0,0.0
2026-02-17,PLTR,128.89500427246094,133.02000427246094,0.0,0.0
2026-02-18,PLTR,135.88999938964844,135.3800048828125,0.0,0.0
2026-02-19,PLTR,132.30999755859375,134.88999938964844,0.0,0.0
2026-02-20,PLTR,132.36500549316406,135.24000549316406,0.0,0.0
2026-02-23,PLTR,132.0399932861328,130.60000610351562,0.0,0.0
2026-02-24,PLTR,129.0050048828125,128.83999633789062,0.0,0.0
2026-02-25,PLTR,130.61000061035156,134.19000244140625,0.0,0.0
2026-02-26,PLTR,133.84500122070312,135.94000244140625,0.0,0.0
2026-02-27,PLTR,134.07000732421875,137.19000244140625,0.0,0.0
2026-03-02,PLTR,140.77499389648438,145.1699981689453,0.0,0.0
2026-03-03,PLTR,142.10000610351562,147.22000122070312,0.0,0.0
2026-03-04,PLTR,148.42999267578125,153.19000244140625,0.0,0.0
2026-03-05,PLTR,152.94000244140625,152.6699981689453,0.0,0.0
2026-03-06,PLTR,150.44000244140625,157.16000366210938,0.0,0.0
2026-03-09,PLTR,155.69000244140625,156.42999267578125,0.0,0.0
2026-03-10,PLTR,155.99000549316406,151.13999938964844,0.0,0.0
2026-03-11,PLTR,151.3800048828125,151.60000610351562,0.0,0.0
2026-03-12,PLTR,153.00999450683594,153.5,0.0,0.0
2026-03-13,PLTR,153.3000030517578,150.9499969482422,0.0,0.0
2026-03-16,PLTR,152.4499969482422,152.72000122070312,0.0,0.0
2026-03-17,PLTR,152.40499877929688,155.0800018310547,0.0,0.0
2026-03-18,PLTR,154.94500732421875,152.77000427246094,0.0,0.0
2026-03-19,PLTR,153.10000610351562,155.67999267578125,0.0,0.0
2026-03-20,PLTR,155.1999969482422,150.67999267578125,0.0,0.0
2026-03-23,PLTR,153.24000549316406,160.83999633789062,0.0,0.0
2026-03-24,PLTR,160.07000732421875,154.77999877929688,0.0,0.0
2026-03-25,PLTR,157.4199981689453,154.9600067138672,0.0,0.0
2026-03-26,PLTR,153.05499267578125,147.55999755859375,0.0,0.0
2026-03-27,PLTR,145.8800048828125,143.05999755859375,0.0,0.0
2026-03-30,PLTR,143.27000427246094,137.5500030517578,0.0,0.0
2026-03-31,PLTR,140.02000427246094,146.27999877929688,0.0,0.0
2026-04-01,PLTR,147.0,146.49000549316406,0.0,0.0
2026-04-02,PLTR,143.48500061035156,148.4600067138672,0.0,0.0
2026-04-06,PLTR,148.36000061035156,147.92999267578125,0.0,0.0
2026-04-07,PLTR,146.8820037841797,150.07000732421875,0.0,0.0
2026-04-08,PLTR,154.76499938964844,140.75999450683594,0.0,0.0
2026-04-09,PLTR,139.39500427246094,130.49000549316406,0.0,0.0
2026-04-10,PLTR,128.47999572753906,128.05999755859375,0.0,0.0
2026-04-13,PLTR,130.22999572753906,132.3699951171875,0.0,0.0
2026-04-14,PLTR,134.427001953125,135.6999969482422,0.0,0.0
2026-04-15,PLTR,136.7899932861328,142.14999389648438,0.0,0.0
2026-04-16,PLTR,144.2899932861328,142.75999450683594,0.0,0.0
2026-04-17,PLTR,145.31500244140625,146.38999938964844,0.0,0.0
2026-04-20,PLTR,145.0,145.88999938964844,0.0,0.0
2026-04-21,PLTR,146.80999755859375,145.97000122070312,0.0,0.0
2026-04-22,PLTR,148.36000061035156,152.6199951171875,0.0,0.0
2026-04-23,PLTR,149.6999969482422,141.57000732421875,0.0,0.0
2026-04-24,PLTR,142.9600067138672,143.08999633789062,0.0,0.0
2026-04-27,PLTR,141.25,143.10000610351562,0.0,0.0
2026-04-28,PLTR,142.3000030517578,141.17999267578125,0.0,0.0
2026-04-29,PLTR,139.75999450683594,137.97000122070312,0.0,0.0
2026-04-30,PLTR,138.47500610351562,139.11000061035156,0.0,0.0
2026-05-01,PLTR,143.25,144.07000732421875,0.0,0.0
2026-05-04,PLTR,147.75,146.02999877929688,0.0,0.0
2026-05-05,PLTR,140.2949981689453,135.91000366210938,0.0,0.0
2026-05-06,PLTR,133.7100067138672,133.7899932861328,0.0,0.0
2026-05-07,PLTR,135.10000610351562,137.0500030517578,0.0,0.0
2026-05-08,PLTR,135.86500549316406,137.8000030517578,0.0,0.0
2026-05-11,PLTR,134.91000366210938,136.88999938964844,0.0,0.0
2026-05-12,PLTR,136.60000610351562,136.0,0.0,0.0
2026-05-13,PLTR,134.00599670410156,130.0500030517578,0.0,0.0
2026-05-14,PLTR,129.64999389648438,133.72999572753906,0.0,0.0
2026-05-15,PLTR,132.8000030517578,133.99000549316406,0.0,0.0
2026-05-18,PLTR,132.5,135.13999938964844,0.0,0.0
2026-05-19,PLTR,135.1699981689453,135.25999450683594,0.0,0.0
2026-05-20,PLTR,134.14500427246094,137.14999389648438,0.0,0.0
2026-05-21,PLTR,135.8000030517578,137.4149932861328,0.0,0.0
2026-05-22,PLTR,137.4250030517578,136.8800048828125,0.0,0.0
2026-05-26,PLTR,136.16000366210938,136.60000610351562,0.0,0.0
2026-05-27,PLTR,133.3000030517578,132.50999450683594,0.0,0.0
2026-05-28,PLTR,133.16000366210938,143.33999633789062,0.0,0.0
2026-05-29,PLTR,147.8249969482422,156.5399932861328,0.0,0.0
2026-06-01,PLTR,159.97999572753906,160.64999389648438,0.0,0.0
2026-06-02,PLTR,156.69000244140625,152.1699981689453,0.0,0.0
2026-06-03,PLTR,149.6999969482422,142.1999969482422,0.0,0.0
2026-06-04,PLTR,145.4600067138672,141.6999969482422,0.0,0.0
2026-06-05,PLTR,140.3249969482422,135.52999877929688,0.0,0.0
2026-06-08,PLTR,135.67999267578125,136.47000122070312,0.0,0.0
2026-06-09,PLTR,134.8699951171875,132.07000732421875,0.0,0.0
2026-06-10,PLTR,129.3249969482422,130.2100067138672,0.0,0.0
2026-06-11,PLTR,128.77999877929688,131.0800018310547,0.0,0.0
2026-06-12,PLTR,130.9149932861328,127.98999786376953,0.0,0.0
2026-06-15,PLTR,130.02000427246094,134.7100067138672,0.0,0.0
2026-06-16,PLTR,134.58999633789062,133.25,0.0,0.0
2026-06-17,PLTR,131.75999450683594,130.6300048828125,0.0,0.0
2026-06-18,PLTR,130.83999633789062,128.47000122070312,0.0,0.0
2026-06-22,PLTR,125.73999786376953,119.5,0.0,0.0
2026-06-23,PLTR,120.1500015258789,116.69999694824219,0.0,0.0
2026-06-24,PLTR,114.12000274658203,113.5,0.0,0.0
2026-06-25,PLTR,111.37999725341797,107.2699966430664,0.0,0.0
2026-06-26,PLTR,109.04000091552734,112.93000030517578,0.0,0.0
2026-06-29,PLTR,116.2300033569336,115.69999694824219,0.0,0.0
2026-06-30,PLTR,114.94999694824219,116.66999816894531,0.0,0.0
2026-07-01,PLTR,120.05000305175781,125.7300033569336,0.0,0.0
2026-07-02,PLTR,128.99000549316406,129.3000030517578,0.0,0.0
2026-07-06,PLTR,127.23999786376953,132.5399932861328,0.0,0.0
2026-07-07,PLTR,133.72999572753906,134.3699951171875,0.0,0.0
2026-07-08,PLTR,129.49000549316406,132.22000122070312,0.0,0.0
2026-07-09,PLTR,127.72000122070312,129.0399932861328,0.0,0.0
2026-07-10,PLTR,132.13999938964844,126.79000091552734,0.0,0.0
2026-07-13,PLTR,127.29499816894531,130.0399932861328,0.0,0.0
2026-07-14,PLTR,123.61000061035156,133.72000122070312,0.0,0.0
2026-07-15,PLTR,134.33999633789062,133.75999450683594,0.0,0.0
2026-07-16,PLTR,133.0800018310547,134.44000244140625,0.0,0.0
2026-07-17,PLTR,131.78500366210938,132.3800048828125,0.0,0.0
2026-07-20,PLTR,131.8800048828125,134.85000610351562,0.0,0.0
2026-07-21,PLTR,133.8300018310547,132.66000366210938,0.0,0.0
2026-07-22,PLTR,132.22000122070312,124.56999969482422,0.0,0.0
2026-07-23,PLTR,125.93499755859375,123.37000274658203,0.0,0.0
2026-07-24,PLTR,125.16500091552734,122.91999816894531,0.0,0.0
2026-07-27,PLTR,126.15499877929688,131.52999877929688,0.0,0.0
2026-07-28,PLTR,125.83999633789062,123.52999877929688,0.0,0.0
2026-07-29,PLTR,124.0,123.0,0.0,0.0
2026-07-30,PLTR,121.13999938964844,122.26000213623047,0.0,0.0
2026-07-31,PLTR,122.29000091552734,123.05999755859375,0.0,0.0
2026-08-03,PLTR,126.69999694824219,125.6500015258789,0.0,0.0
2026-08-04,PLTR,145.14500427246094,162.66000366210938,0.0,0.0
2026-08-05,PLTR,162.0,158.42999267578125,0.0,0.0
2026-08-06,PLTR,155.8699951171875,155.9199981689453,0.0,0.0
2026-08-07,PLTR,160.07000732421875,172.00999450683594,0.0,0.0
2026-08-10,PLTR,171.00999450683594,175.22999572753906,0.0,0.0
2026-08-11,PLTR,174.17999267578125,174.94000244140625,0.0,0.0
2026-08-12,PLTR,174.07000732421875,171.0399932861328,0.0,0.0
2026-08-13,PLTR,173.39999389648438,179.00999450683594,0.0,0.0
2026-08-14,PLTR,179.47999572753906,174.0399932861328,0.0,0.0
2026-08-17,PLTR,174.05999755859375,172.5500030517578,0.0,0.0
2026-08-18,PLTR,171.97000122070312,171.5399932861328,0.0,0.0
2026-08-19,PLTR,172.61000061035156,175.19000244140625,0.0,0.0
2026-08-20,PLTR,175.8800048828125,173.9600067138672,0.0,0.0
2026-08-21,PLTR,173.97999572753906,179.94000244140625,0.0,0.0
2026-08-24,PLTR,177.38999938964844,175.88999938964844,0.0,0.0
2026-08-25,PLTR,176.6300048828125,172.72999572753906,0.0,0.0
2026-08-26,PLTR,170.60000610351562,177.5,0.0,0.0
2026-08-27,PLTR,178.75,185.92999267578125,0.0,0.0
2026-08-28,PLTR,184.9499969482422,186.2899932861328,0.0,0.0
2024-08-29,QQQ,473.2799987792969,470.6600036621094,0.0,0.0
2024-08-30,QQQ,475.0400085449219,476.2699890136719,0.0,0.0
2024-09-03,QQQ,473.20001220703125,461.80999755859375,0.0,0.0
2024-09-04,QQQ,458.6700134277344,460.6099853515625,0.0,0.0
2024-09-05,QQQ,458.9700012207031,461.0400085449219,0.0,0.0
2024-09-06,QQQ,460.3299865722656,448.69000244140625,0.0,0.0
2024-09-09,QQQ,453.05999755859375,454.4599914550781,0.0,0.0
2024-09-10,QQQ,456.239990234375,458.6600036621094,0.0,0.0
2024-09-11,QQQ,459.9100036621094,468.6199951171875,0.0,0.0
2024-09-12,QQQ,468.6499938964844,473.2200012207031,0.0,0.0
2024-09-13,QQQ,472.4800109863281,475.3399963378906,0.0,0.0
2024-09-16,QQQ,473.19000244140625,473.239990234375,0.0,0.0
2024-09-17,QQQ,476.2900085449219,473.489990234375,0.0,0.0
2024-09-18,QQQ,474.70001220703125,471.44000244140625,0.0,0.0
2024-09-19,QQQ,482.6099853515625,483.3599853515625,0.0,0.0
2024-09-20,QQQ,482.489990234375,482.44000244140625,0.0,0.0
2024-09-23,QQQ,482.95001220703125,483.0400085449219,0.677,0.0
2024-09-24,QQQ,484.4599914550781,485.3699951171875,0.0,0.0
2024-09-25,QQQ,484.739990234375,485.82000732421875,0.0,0.0
2024-09-26,QQQ,493.3699951171875,489.4700012207031,0.0,0.0
2024-09-27,QQQ,490.5,486.75,0.0,0.0
2024-09-30,QQQ,485.7799987792969,488.07000732421875,0.0,0.0
2024-10-01,QQQ,487.70001220703125,481.2699890136719,0.0,0.0
2024-10-02,QQQ,480.3599853515625,481.95001220703125,0.0,0.0
2024-10-03,QQQ,479.739990234375,481.5899963378906,0.0,0.0
2024-10-04,QQQ,487.45001220703125,487.32000732421875,0.0,0.0
2024-10-07,QQQ,485.3900146484375,482.1000061035156,0.0,0.0
2024-10-08,QQQ,484.6600036621094,489.29998779296875,0.0,0.0
2024-10-09,QQQ,489.0,493.1499938964844,0.0,0.0
2024-10-10,QQQ,490.8500061035156,492.5899963378906,0.0,0.0
2024-10-11,QQQ,490.739990234375,493.3599853515625,0.0,0.0
2024-10-14,QQQ,495.7699890136719,497.5,0.0,0.0
2024-10-15,QQQ,497.8299865722656,490.8500061035156,0.0,0.0
2024-10-16,QQQ,491.17999267578125,490.9100036621094,0.0,0.0
2024-10-17,QQQ,496.44000244140625,491.25,0.0,0.0
2024-10-18,QQQ,494.05999755859375,494.4700012207031,0.0,0.0
2024-10-21,QQQ,493.25,495.4200134277344,0.0,0.0
2024-10-22,QQQ,492.7300109863281,495.9599914550781,0.0,0.0
2024-10-23,QQQ,493.5899963378906,488.3599853515625,0.0,0.0
2024-10-24,QQQ,492.1099853515625,492.32000732421875,0.0,0.0
2024-10-25,QQQ,495.1400146484375,495.32000732421875,0.0,0.0
2024-10-28,QQQ,498.4599914550781,495.3999938964844,0.0,0.0
2024-10-29,QQQ,495.7200012207031,500.1600036621094,0.0,0.0
2024-10-30,QQQ,499.3900146484375,496.3800048828125,0.0,0.0
2024-10-31,QQQ,492.3800048828125,483.8500061035156,0.0,0.0
2024-11-01,QQQ,485.5,487.42999267578125,0.0,0.0
2024-11-04,QQQ,486.82000732421875,486.010009765625,0.0,0.0
2024-11-05,QQQ,487.6099853515625,492.2099914550781,0.0,0.0
2024-11-06,QQQ,500.55999755859375,505.5799865722656,0.0,0.0
2024-11-07,QQQ,508.3999938964844,513.5399780273438,0.0,0.0
2024-11-08,QQQ,513.0399780273438,514.1400146484375,0.0,0.0
2024-11-11,QQQ,515.3699951171875,513.8400268554688,0.0,0.0
2024-11-12,QQQ,513.77001953125,512.9099731445312,0.0,0.0
2024-11-13,QQQ,512.4000244140625,512.25,0.0,0.0
2024-11-14,QQQ,511.9100036621094,508.69000244140625,0.0,0.0
2024-11-15,QQQ,502.94000244140625,496.57000732421875,0.0,0.0
2024-11-18,QQQ,498.1300048828125,500.0199890136719,0.0,0.0
2024-11-19,QQQ,497.4200134277344,503.4599914550781,0.0,0.0
2024-11-20,QQQ,503.1600036621094,503.1700134277344,0.0,0.0
2024-11-21,QQQ,506.239990234375,504.9800109863281,0.0,0.0
2024-11-22,QQQ,504.4200134277344,505.7900085449219,0.0,0.0
2024-11-25,QQQ,509.8999938964844,506.5899963378906,0.0,0.0
2024-11-26,QQQ,508.0799865722656,509.30999755859375,0.0,0.0
2024-11-27,QQQ,508.1700134277344,505.29998779296875,0.0,0.0
2024-11-29,QQQ,505.92999267578125,509.739990234375,0.0,0.0
2024-12-02,QQQ,511.010009765625,515.2899780273438,0.0,0.0
2024-12-03,QQQ,513.9500122070312,516.8699951171875,0.0,0.0
2024-12-04,QQQ,520.3200073242188,523.260009765625,0.0,0.0
2024-12-05,QQQ,523.3099975585938,521.8099975585938,0.0,0.0
2024-12-06,QQQ,522.47998046875,526.47998046875,0.0,0.0
2024-12-09,QQQ,525.5499877929688,522.3800048828125,0.0,0.0
2024-12-10,QQQ,523.6199951171875,520.5999755859375,0.0,0.0
2024-12-11,QQQ,525.0,529.9199829101562,0.0,0.0
2024-12-12,QQQ,527.6799926757812,526.5,0.0,0.0
2024-12-13,QQQ,530.4600219726562,530.530029296875,0.0,0.0
2024-12-16,QQQ,533.0800170898438,538.1699829101562,0.0,0.0
2024-12-17,QQQ,536.3599853515625,535.7999877929688,0.0,0.0
2024-12-18,QQQ,535.1500244140625,516.469970703125,0.0,0.0
2024-12-19,QQQ,521.1900024414062,514.1699829101562,0.0,0.0
2024-12-20,QQQ,510.44000244140625,518.6599731445312,0.0,0.0
2024-12-23,QQQ,519.5499877929688,522.8699951171875,0.835,0.0
2024-12-24,QQQ,524.8300170898438,529.9600219726562,0.0,0.0
2024-12-26,QQQ,528.3200073242188,529.5999755859375,0.0,0.0
2024-12-27,QQQ,526.010009765625,522.5599975585938,0.0,0.0
2024-12-30,QQQ,515.510009765625,515.6099853515625,0.0,0.0
2024-12-31,QQQ,516.9000244140625,511.2300109863281,0.0,0.0
2025-01-02,QQQ,514.2999877929688,510.2300109863281,0.0,0.0
2025-01-03,QQQ,513.3499755859375,518.5800170898438,0.0,0.0
2025-01-06,QQQ,524.02001953125,524.5399780273438,0.0,0.0
2025-01-07,QQQ,525.5900268554688,515.1799926757812,0.0,0.0
2025-01-08,QQQ,515.0800170898438,515.27001953125,0.0,0.0
2025-01-10,QQQ,511.4800109863281,507.19000244140625,0.0,0.0
2025-01-13,QQQ,501.20001220703125,505.55999755859375,0.0,0.0
2025-01-14,QQQ,508.739990234375,505.0799865722656,0.0,0.0
2025-01-15,QQQ,513.030029296875,516.7000122070312,0.0,0.0
2025-01-16,QQQ,518.97998046875,513.0800170898438,0.0,0.0
2025-01-17,QQQ,522.8499755859375,521.739990234375,0.0,0.0
2025-01-21,QQQ,524.47998046875,524.7999877929688,0.0,0.0
2025-01-22,QQQ,529.5700073242188,531.510009765625,0.0,0.0
2025-01-23,QQQ,529.0399780273438,532.6400146484375,0.0,0.0
2025-01-24,QQQ,533.02001953125,529.6300048828125,0.0,0.0
2025-01-27,QQQ,511.0,514.2100219726562,0.0,0.0
2025-01-28,QQQ,515.219970703125,521.8099975585938,0.0,0.0
2025-01-29,QQQ,522.4600219726562,520.8300170898438,0.0,0.0
2025-01-30,QQQ,523.7100219726562,523.0499877929688,0.0,0.0
2025-01-31,QQQ,526.9199829101562,522.2899780273438,0.0,0.0
2025-02-03,QQQ,513.469970703125,518.1099853515625,0.0,0.0
2025-02-04,QQQ,518.6300048828125,524.469970703125,0.0,0.0
2025-02-05,QQQ,521.8200073242188,526.8499755859375,0.0,0.0
2025-02-06,QQQ,527.3599853515625,529.5999755859375,0.0,0.0
2025-02-07,QQQ,530.1400146484375,522.9199829101562,0.0,0.0
2025-02-10,QQQ,527.219970703125,529.25,0.0,0.0
2025-02-11,QQQ,525.9600219726562,527.989990234375,0.0,0.0
2025-02-12,QQQ,522.2999877929688,528.2999877929688,0.0,0.0
2025-02-13,QQQ,529.97998046875,535.9000244140625,0.0,0.0
2025-02-14,QQQ,536.010009765625,538.1500244140625,0.0,0.0
2025-02-18,QQQ,539.72998046875,539.3699951171875,0.0,0.0
2025-02-19,QQQ,538.5700073242188,539.52001953125,0.0,0.0
2025-02-20,QQQ,538.72998046875,537.22998046875,0.0,0.0
2025-02-21,QQQ,538.3800048828125,526.0800170898438,0.0,0.0
2025-02-24,QQQ,527.8800048828125,519.8699951171875,0.0,0.0
2025-02-25,QQQ,519.239990234375,513.3200073242188,0.0,0.0
2025-02-26,QQQ,515.530029296875,514.5599975585938,0.0,0.0
2025-02-27,QQQ,518.1300048828125,500.2699890136719,0.0,0.0
2025-02-28,QQQ,500.1300048828125,508.1700134277344,0.0,0.0
2025-03-03,QQQ,511.5199890136719,497.04998779296875,0.0,0.0
2025-03-04,QQQ,494.17999267578125,495.54998779296875,0.0,0.0
2025-03-05,QQQ,496.20001220703125,502.010009765625,0.0,0.0
2025-03-06,QQQ,493.69000244140625,488.20001220703125,0.0,0.0
2025-03-07,QQQ,487.1600036621094,491.7900085449219,0.0,0.0
2025-03-10,QQQ,483.45001220703125,472.7300109863281,0.0,0.0
2025-03-11,QQQ,472.3500061035156,471.6000061035156,0.0,0.0
2025-03-12,QQQ,479.1600036621094,476.9200134277344,0.0,0.0
2025-03-13,QQQ,476.25,468.3399963378906,0.0,0.0
2025-03-14,QQQ,473.7300109863281,479.6600036621094,0.0,0.0
2025-03-17,QQQ,479.6099853515625,482.7699890136719,0.0,0.0
2025-03-18,QQQ,479.4100036621094,474.5400085449219,0.0,0.0
2025-03-19,QQQ,476.80999755859375,480.8900146484375,0.0,0.0
2025-03-20,QQQ,476.8800048828125,479.260009765625,0.0,0.0
2025-03-21,QQQ,474.0799865722656,480.8399963378906,0.0,0.0
2025-03-24,QQQ,487.739990234375,490.6600036621094,0.716,0.0
2025-03-25,QQQ,491.3900146484375,493.4599914550781,0.0,0.0
2025-03-26,QQQ,492.29998779296875,484.3800048828125,0.0,0.0
2025-03-27,QQQ,482.4100036621094,481.6199951171875,0.0,0.0
2025-03-28,QQQ,479.80999755859375,468.94000244140625,0.0,0.0
2025-03-31,QQQ,461.9200134277344,468.9200134277344,0.0,0.0
2025-04-01,QQQ,467.29998779296875,472.70001220703125,0.0,0.0
2025-04-02,QQQ,466.1199951171875,476.1499938964844,0.0,0.0
2025-04-03,QQQ,456.44000244140625,450.6600036621094,0.0,0.0
2025-04-04,QQQ,438.1400146484375,422.6700134277344,0.0,0.0
2025-04-07,QQQ,408.6600036621094,423.69000244140625,0.0,0.0
2025-04-08,QQQ,438.1600036621094,416.05999755859375,0.0,0.0
2025-04-09,QQQ,415.57000732421875,466.0,0.0,0.0
2025-04-10,QQQ,453.55999755859375,446.17999267578125,0.0,0.0
2025-04-11,QQQ,444.6499938964844,454.3999938964844,0.0,0.0
2025-04-14,QQQ,464.4599914550781,457.4800109863281,0.0,0.0
2025-04-15,QQQ,458.5400085449219,457.989990234375,0.0,0.0
2025-04-16,QQQ,449.0299987792969,444.17999267578125,0.0,0.0
2025-04-17,QQQ,447.1700134277344,444.1000061035156,0.0,0.0
2025-04-21,QQQ,438.2300109863281,433.1099853515625,0.0,0.0
2025-04-22,QQQ,438.82000732421875,444.4800109863281,0.0,0.0
2025-04-23,QQQ,458.1700134277344,454.55999755859375,0.0,0.0
2025-04-24,QQQ,456.4800109863281,467.3500061035156,0.0,0.0
2025-04-25,QQQ,466.9700012207031,472.55999755859375,0.0,0.0
2025-04-28,QQQ,473.0299987792969,472.4100036621094,0.0,0.0
2025-04-29,QQQ,470.1700134277344,475.5299987792969,0.0,0.0
2025-04-30,QQQ,467.1300048828125,475.4700012207031,0.0,0.0
2025-05-01,QQQ,483.4100036621094,481.67999267578125,0.0,0.0
2025-05-02,QQQ,486.5400085449219,488.8299865722656,0.0,0.0
2025-05-05,QQQ,484.6000061035156,485.92999267578125,0.0,0.0
2025-05-06,QQQ,479.55999755859375,481.4100036621094,0.0,0.0
2025-05-07,QQQ,482.0799865722656,483.29998779296875,0.0,0.0
2025-05-08,QQQ,488.5299987792969,488.2900085449219,0.0,0.0
2025-05-09,QQQ,490.2099914550781,487.9700012207031,0.0,0.0
2025-05-12,QQQ,506.989990234375,507.8500061035156,0.0,0.0
2025-05-13,QQQ,509.1600036621094,515.5900268554688,0.0,0.0
2025-05-14,QQQ,516.77001953125,518.6799926757812,0.0,0.0
2025-05-15,QQQ,516.52001953125,519.25,0.0,0.0
2025-05-16,QQQ,520.6599731445312,521.510009765625,0.0,0.0
2025-05-19,QQQ,514.239990234375,522.010009765625,0.0,0.0
2025-05-20,QQQ,519.469970703125,520.27001953125,0.0,0.0
2025-05-21,QQQ,516.27001953125,513.0399780273438,0.0,0.0
2025-05-22,QQQ,513.6599731445312,514.0,0.0,0.0
2025-05-23,QQQ,506.17999267578125,509.239990234375,0.0,0.0
2025-05-27,QQQ,516.1500244140625,521.219970703125,0.0,0.0
2025-05-28,QQQ,522.1799926757812,518.9099731445312,0.0,0.0
2025-05-29,QQQ,526.3300170898438,519.9299926757812,0.0,0.0
2025-05-30,QQQ,519.4400024414062,519.1099853515625,0.0,0.0
2025-06-02,QQQ,517.239990234375,523.2100219726562,0.0,0.0
2025-06-03,QQQ,523.5599975585938,527.2999877929688,0.0,0.0
2025-06-04,QQQ,528.010009765625,528.77001953125,0.0,0.0
2025-06-05,QQQ,530.1799926757812,524.7899780273438,0.0,0.0
2025-06-06,QQQ,530.0,529.9199829101562,0.0,0.0
2025-06-09,QQQ,530.1400146484375,530.7000122070312,0.0,0.0
2025-06-10,QQQ,531.1699829101562,534.2100219726562,0.0,0.0
2025-06-11,QQQ,535.6199951171875,532.4099731445312,0.0,0.0
2025-06-12,QQQ,531.0900268554688,533.6599731445312,0.0,0.0
2025-06-13,QQQ,527.6799926757812,526.9600219726562,0.0,0.0
2025-06-16,QQQ,530.5,534.2899780273438,0.0,0.0
2025-06-17,QQQ,531.7100219726562,529.0800170898438,0.0,0.0
2025-06-18,QQQ,530.0999755859375,528.989990234375,0.0,0.0
2025-06-20,QQQ,532.260009765625,526.8300170898438,0.0,0.0
2025-06-23,QQQ,526.8099975585938,531.6500244140625,0.591,0.0
2025-06-24,QQQ,536.8900146484375,539.780029296875,0.0,0.0
2025-06-25,QQQ,542.0599975585938,541.1599731445312,0.0,0.0
2025-06-26,QQQ,543.3499755859375,546.219970703125,0.0,0.0
2025-06-27,QQQ,547.260009765625,548.0900268554688,0.0,0.0
2025-06-30,QQQ,551.260009765625,551.6400146484375,0.0,0.0
2025-07-01,QQQ,549.72998046875,546.989990234375,0.0,0.0
2025-07-02,QQQ,546.1599731445312,550.7999877929688,0.0,0.0
2025-07-03,QQQ,553.1799926757812,556.219970703125,0.0,0.0
2025-07-07,QQQ,553.52001953125,552.030029296875,0.0,0.0
2025-07-08,QQQ,553.3800048828125,552.3400268554688,0.0,0.0
2025-07-09,QQQ,554.47998046875,556.25,0.0,0.0
2025-07-10,QQQ,556.8900146484375,555.4500122070312,0.0,0.0
2025-07-11,QQQ,553.2999877929688,554.2000122070312,0.0,0.0
2025-07-14,QQQ,553.989990234375,556.2100219726562,0.0,0.0
2025-07-15,QQQ,560.25,556.719970703125,0.0,0.0
2025-07-16,QQQ,557.280029296875,557.2899780273438,0.0,0.0
2025-07-17,QQQ,558.02001953125,561.7999877929688,0.0,0.0
2025-07-18,QQQ,563.1199951171875,561.260009765625,0.0,0.0
2025-07-21,QQQ,562.0900268554688,564.1699829101562,0.0,0.0
2025-07-22,QQQ,564.2999877929688,561.25,0.0,0.0
2025-07-23,QQQ,562.3400268554688,563.8099975585938,0.0,0.0
2025-07-24,QQQ,565.1300048828125,565.010009765625,0.0,0.0
2025-07-25,QQQ,564.9299926757812,566.3699951171875,0.0,0.0
2025-07-28,QQQ,567.739990234375,568.1400146484375,0.0,0.0
2025-07-29,QQQ,570.760009765625,567.260009765625,0.0,0.0
2025-07-30,QQQ,568.1799926757812,568.02001953125,0.0,0.0
2025-07-31,QQQ,574.5399780273438,565.010009765625,0.0,0.0
2025-08-01,QQQ,558.8300170898438,553.8800048828125,0.0,0.0
2025-08-04,QQQ,559.0499877929688,564.0999755859375,0.0,0.0
2025-08-05,QQQ,565.3900146484375,560.27001953125,0.0,0.0
2025-08-06,QQQ,561.1099853515625,567.3200073242188,0.0,0.0
2025-08-07,QQQ,571.6699829101562,569.239990234375,0.0,0.0
2025-08-08,QQQ,570.4500122070312,574.5499877929688,0.0,0.0
2025-08-11,QQQ,574.6900024414062,572.8499755859375,0.0,0.0
2025-08-12,QQQ,575.1599731445312,580.0499877929688,0.0,0.0
2025-08-13,QQQ,582.760009765625,580.3400268554688,0.0,0.0
2025-08-14,QQQ,578.280029296875,579.8900146484375,0.0,0.0
2025-08-15,QQQ,579.7999877929688,577.3400268554688,0.0,0.0
2025-08-18,QQQ,576.4400024414062,577.1099853515625,0.0,0.0
2025-08-19,QQQ,576.3900146484375,569.280029296875,0.0,0.0
2025-08-20,QQQ,568.3300170898438,565.9000244140625,0.0,0.0
2025-08-21,QQQ,564.3499755859375,563.280029296875,0.0,0.0
2025-08-22,QQQ,564.6699829101562,571.969970703125,0.0,0.0
2025-08-25,QQQ,570.4000244140625,570.3200073242188,0.0,0.0
2025-08-26,QQQ,569.8300170898438,572.6099853515625,0.0,0.0
2025-08-27,QQQ,571.5900268554688,573.489990234375,0.0,0.0
2025-08-28,QQQ,574.1099853515625,577.0800170898438,0.0,0.0
2025-08-29,QQQ,574.6599731445312,570.4000244140625,0.0,0.0
2025-09-02,QQQ,561.3099975585938,565.6199951171875,0.0,0.0
2025-09-03,QQQ,569.22998046875,570.0700073242188,0.0,0.0
2025-09-04,QQQ,570.739990234375,575.22998046875,0.0,0.0
2025-09-05,QQQ,580.489990234375,576.0599975585938,0.0,0.0
2025-09-08,QQQ,578.3699951171875,578.8699951171875,0.0,0.0
2025-09-09,QQQ,579.6699829101562,580.510009765625,0.0,0.0
2025-09-10,QQQ,583.739990234375,580.7000122070312,0.0,0.0
2025-09-11,QQQ,583.239990234375,584.0800170898438,0.0,0.0
2025-09-12,QQQ,585.0399780273438,586.6599731445312,0.0,0.0
2025-09-15,QQQ,588.4400024414062,591.6799926757812,0.0,0.0
2025-09-16,QQQ,592.6099853515625,591.1799926757812,0.0,0.0
2025-09-17,QQQ,591.0999755859375,590.0,0.0,0.0
2025-09-18,QQQ,594.9099731445312,595.3200073242188,0.0,0.0
2025-09-19,QQQ,597.3300170898438,599.3499755859375,0.0,0.0
2025-09-22,QQQ,597.739990234375,602.2000122070312,0.694,0.0
2025-09-23,QQQ,602.3699951171875,598.2000122070312,0.0,0.0
2025-09-24,QQQ,599.5800170898438,596.0999755859375,0.0,0.0
2025-09-25,QQQ,592.2000122070312,593.530029296875,0.0,0.0
2025-09-26,QQQ,594.3499755859375,595.969970703125,0.0,0.0
2025-09-29,QQQ,599.1099853515625,598.72998046875,0.0,0.0
2025-09-30,QQQ,598.4299926757812,600.3699951171875,0.0,0.0
2025-10-01,QQQ,597.1699829101562,603.25,0.0,0.0
2025-10-02,QQQ,607.0599975585938,605.72998046875,0.0,0.0
2025-10-03,QQQ,606.510009765625,603.1799926757812,0.0,0.0
2025-10-06,QQQ,608.4500122070312,607.7100219726562,0.0,0.0
2025-10-07,QQQ,609.02001953125,604.510009765625,0.0,0.0
2025-10-08,QQQ,605.4099731445312,611.4400024414062,0.0,0.0
2025-10-09,QQQ,611.47998046875,610.7000122070312,0.0,0.0
2025-10-10,QQQ,611.4000244140625,589.5,0.0,0.0
2025-10-13,QQQ,599.6799926757812,602.010009765625,0.0,0.0
2025-10-14,QQQ,595.3099975585938,598.0,0.0,0.0
2025-10-15,QQQ,604.010009765625,602.219970703125,0.0,0.0
2025-10-16,QQQ,605.1099853515625,599.989990234375,0.0,0.0
2025-10-17,QQQ,597.9500122070312,603.9299926757812,0.0,0.0
2025-10-20,QQQ,607.1400146484375,611.5399780273438,0.0,0.0
2025-10-21,QQQ,611.6400146484375,611.3800048828125,0.0,0.0
2025-10-22,QQQ,610.8200073242188,605.489990234375,0.0,0.0
2025-10-23,QQQ,604.9099731445312,610.5800170898438,0.0,0.0
2025-10-24,QQQ,615.989990234375,617.0999755859375,0.0,0.0
2025-10-27,QQQ,624.52001953125,628.0900268554688,0.0,0.0
2025-10-28,QQQ,630.3599853515625,632.9199829101562,0.0,0.0
2025-10-29,QQQ,635.5900268554688,635.77001953125,0.0,0.0
2025-10-30,QQQ,632.1699829101562,626.0499877929688,0.0,0.0
2025-10-31,QQQ,634.1699829101562,629.0700073242188,0.0,0.0
2025-11-03,QQQ,635.1099853515625,632.0800170898438,0.0,0.0
2025-11-04,QQQ,623.280029296875,619.25,0.0,0.0
2025-11-05,QQQ,618.489990234375,623.280029296875,0.0,0.0
2025-11-06,QQQ,621.7899780273438,611.6699829101562,0.0,0.0
2025-11-07,QQQ,608.3099975585938,609.739990234375,0.0,0.0
2025-11-10,QQQ,618.9199829101562,623.22998046875,0.0,0.0
2025-11-11,QQQ,620.5700073242188,621.5700073242188,0.0,0.0
2025-11-12,QQQ,624.8400268554688,621.0800170898438,0.0,0.0
2025-11-13,QQQ,617.5399780273438,608.4000244140625,0.0,0.0
2025-11-14,QQQ,599.5499877929688,608.8599853515625,0.0,0.0
2025-11-17,QQQ,606.2999877929688,603.6599731445312,0.0,0.0
2025-11-18,QQQ,599.6199951171875,596.3099975585938,0.0,0.0
2025-11-19,QQQ,597.0700073242188,599.8699951171875,0.0,0.0
2025-11-20,QQQ,611.6199951171875,585.6699829101562,0.0,0.0
2025-11-21,QQQ,587.469970703125,590.0700073242188,0.0,0.0
2025-11-24,QQQ,595.280029296875,605.1599731445312,0.0,0.0
2025-11-25,QQQ,603.510009765625,608.8900146484375,0.0,0.0
2025-11-26,QQQ,612.510009765625,614.27001953125,0.0,0.0
2025-11-28,QQQ,616.1099853515625,619.25,0.0,0.0
2025-12-01,QQQ,613.6300048828125,617.1699829101562,0.0,0.0
2025-12-02,QQQ,619.4600219726562,622.0,0.0,0.0
2025-12-03,QQQ,619.6199951171875,623.52001953125,0.0,0.0
2025-12-04,QQQ,624.9299926757812,622.9400024414062,0.0,0.0
2025-12-05,QQQ,624.3800048828125,625.47998046875,0.0,0.0
2025-12-08,QQQ,627.2100219726562,624.280029296875,0.0,0.0
2025-12-09,QQQ,623.010009765625,625.0499877929688,0.0,0.0
2025-12-10,QQQ,623.8499755859375,627.6099853515625,0.0,0.0
2025-12-11,QQQ,623.8200073242188,625.5800170898438,0.0,0.0
2025-12-12,QQQ,622.0800170898438,613.6199951171875,0.0,0.0
2025-12-15,QQQ,618.3699951171875,610.5399780273438,0.0,0.0
2025-12-16,QQQ,608.260009765625,611.75,0.0,0.0
2025-12-17,QQQ,613.0599975585938,600.4099731445312,0.0,0.0
2025-12-18,QQQ,609.7999877929688,609.1099853515625,0.0,0.0
2025-12-19,QQQ,611.9500122070312,617.0499877929688,0.0,0.0
2025-12-22,QQQ,621.3499755859375,619.2100219726562,0.794,0.0
2025-12-23,QQQ,618.2000122070312,622.1099853515625,0.0,0.0
2025-12-24,QQQ,621.989990234375,623.9299926757812,0.0,0.0
2025-12-26,QQQ,624.6599731445312,623.8900146484375,0.0,0.0
2025-12-29,QQQ,620.0999755859375,620.8699951171875,0.0,0.0
2025-12-30,QQQ,619.8400268554688,619.4299926757812,0.0,0.0
2025-12-31,QQQ,619.6500244140625,614.3099975585938,0.0,0.0
2026-01-02,QQQ,620.0599975585938,613.1199951171875,0.0,0.0
2026-01-05,QQQ,619.3200073242188,617.989990234375,0.0,0.0
2026-01-06,QQQ,619.22998046875,623.4199829101562,0.0,0.0
2026-01-07,QQQ,623.0399780273438,624.02001953125,0.0,0.0
2026-01-08,QQQ,623.030029296875,620.469970703125,0.0,0.0
2026-01-09,QQQ,621.4099731445312,626.6500244140625,0.0,0.0
2026-01-12,QQQ,622.3099975585938,627.1699829101562,0.0,0.0
2026-01-13,QQQ,627.27001953125,626.239990234375,0.0,0.0
2026-01-14,QQQ,622.239990234375,619.5499877929688,0.0,0.0
2026-01-15,QQQ,626.5999755859375,621.780029296875,0.0,0.0
2026-01-16,QQQ,625.5,621.260009765625,0.0,0.0
2026-01-20,QQQ,610.530029296875,608.0599975585938,0.0,0.0
2026-01-21,QQQ,609.469970703125,616.280029296875,0.0,0.0
2026-01-22,QQQ,622.3499755859375,620.760009765625,0.0,0.0
2026-01-23,QQQ,619.72998046875,622.719970703125,0.0,0.0
2026-01-26,QQQ,623.2100219726562,625.4600219726562,0.0,0.0
2026-01-27,QQQ,628.9099731445312,631.1300048828125,0.0,0.0
2026-01-28,QQQ,635.4600219726562,633.219970703125,0.0,0.0
2026-01-29,QQQ,632.6500244140625,629.4299926757812,0.0,0.0
2026-01-30,QQQ,625.7100219726562,621.8699951171875,0.0,0.0
2026-02-02,QQQ,618.7000122070312,626.1400146484375,0.0,0.0
2026-02-03,QQQ,628.2999877929688,616.52001953125,0.0,0.0
2026-02-04,QQQ,615.02001953125,605.75,0.0,0.0
2026-02-05,QQQ,600.2100219726562,597.030029296875,0.0,0.0
2026-02-06,QQQ,600.1900024414062,609.6500244140625,0.0,0.0
2026-02-09,QQQ,607.5399780273438,614.3200073242188,0.0,0.0
2026-02-10,QQQ,615.3099975585938,611.469970703125,0.0,0.0
2026-02-11,QQQ,616.3800048828125,613.1099853515625,0.0,0.0
2026-02-12,QQQ,614.7100219726562,600.6400146484375,0.0,0.0
2026-02-13,QQQ,600.4299926757812,601.9199829101562,0.0,0.0
2026-02-17,QQQ,598.3800048828125,601.2999877929688,0.0,0.0
2026-02-18,QQQ,602.1099853515625,605.7899780273438,0.0,0.0
2026-02-19,QQQ,602.8099975585938,603.469970703125,0.0,0.0
2026-02-20,QQQ,600.1199951171875,608.8099975585938,0.0,0.0
2026-02-23,QQQ,606.6099853515625,601.4099731445312,0.0,0.0
2026-02-24,QQQ,602.4000244140625,607.8699951171875,0.0,0.0
2026-02-25,QQQ,611.0700073242188,616.6799926757812,0.0,0.0
2026-02-26,QQQ,615.5900268554688,609.239990234375,0.0,0.0
2026-02-27,QQQ,602.97998046875,607.2899780273438,0.0,0.0
2026-03-02,QQQ,598.8599853515625,608.0900268554688,0.0,0.0
2026-03-03,QQQ,596.3300170898438,601.5800170898438,0.0,0.0
2026-03-04,QQQ,604.1599731445312,610.75,0.0,0.0
2026-03-05,QQQ,607.4000244140625,608.9099731445312,0.0,0.0
2026-03-06,QQQ,600.3099975585938,599.75,0.0,0.0
2026-03-09,QQQ,594.22998046875,607.760009765625,0.0,0.0
2026-03-10,QQQ,607.780029296875,607.77001953125,0.0,0.0
2026-03-11,QQQ,608.9500122070312,607.6900024414062,0.0,0.0
2026-03-12,QQQ,602.760009765625,597.260009765625,0.0,0.0
2026-03-13,QQQ,599.72998046875,593.719970703125,0.0,0.0
2026-03-16,QQQ,600.0399780273438,600.3800048828125,0.0,0.0
2026-03-17,QQQ,603.1400146484375,603.3099975585938,0.0,0.0
2026-03-18,QQQ,601.489990234375,594.9000244140625,0.0,0.0
2026-03-19,QQQ,589.510009765625,593.02001953125,0.0,0.0
2026-03-20,QQQ,591.0599975585938,582.0599975585938,0.0,0.0
2026-03-23,QQQ,590.52001953125,588.0,0.733,0.0
2026-03-24,QQQ,584.8099975585938,583.97998046875,0.0,0.0
2026-03-25,QQQ,589.1400146484375,587.8200073242188,0.0,0.0
2026-03-26,QQQ,582.5999755859375,573.7899780273438,0.0,0.0
2026-03-27,QQQ,570.8099975585938,562.5800170898438,0.0,0.0
2026-03-30,QQQ,567.3800048828125,558.280029296875,0.0,0.0
2026-03-31,QQQ,564.2899780273438,577.1799926757812,0.0,0.0
2026-04-01,QQQ,581.47998046875,584.3099975585938,0.0,0.0
2026-04-02,QQQ,573.969970703125,584.97998046875,0.0,0.0
2026-04-06,QQQ,586.22998046875,588.5,0.0,0.0
2026-04-07,QQQ,585.6400146484375,588.5900268554688,0.0,0.0
2026-04-08,QQQ,608.7100219726562,606.0900268554688,0.0,0.0
2026-04-09,QQQ,605.9299926757812,610.1900024414062,0.0,0.0
2026-04-10,QQQ,611.8400268554688,611.0700073242188,0.0,0.0
2026-04-13,QQQ,609.47998046875,617.3900146484375,0.0,0.0
2026-04-14,QQQ,620.219970703125,628.5999755859375,0.0,0.0
2026-04-15,QQQ,629.0800170898438,637.4000244140625,0.0,0.0
2026-04-16,QQQ,639.2100219726562,640.469970703125,0.0,0.0
2026-04-17,QQQ,645.5900268554688,648.8499755859375,0.0,0.0
2026-04-20,QQQ,648.0399780273438,646.7899780273438,0.0,0.0
2026-04-21,QQQ,648.4099731445312,644.3300170898438,0.0,0.0
2026-04-22,QQQ,650.1500244140625,655.1099853515625,0.0,0.0
2026-04-23,QQQ,653.5499877929688,651.4199829101562,0.0,0.0
2026-04-24,QQQ,658.510009765625,663.8800048828125,0.0,0.0
2026-04-27,QQQ,663.4000244140625,664.22998046875,0.0,0.0
2026-04-28,QQQ,657.4099731445312,657.5499877929688,0.0,0.0
2026-04-29,QQQ,658.6300048828125,661.5700073242188,0.0,0.0
2026-04-30,QQQ,665.3499755859375,667.739990234375,0.0,0.0
2026-05-01,QQQ,669.1599731445312,674.1500244140625,0.0,0.0
2026-05-04,QQQ,674.6599731445312,672.8800048828125,0.0,0.0
2026-05-05,QQQ,677.9600219726562,681.6099853515625,0.0,0.0
2026-05-06,QQQ,687.780029296875,695.77001953125,0.0,0.0
2026-05-07,QQQ,696.5800170898438,694.9400024414062,0.0,0.0
2026-05-08,QQQ,699.9199829101562,711.22998046875,0.0,0.0
2026-05-11,QQQ,710.3599853515625,713.2899780273438,0.0,0.0
2026-05-12,QQQ,708.219970703125,707.239990234375,0.0,0.0
2026-05-13,QQQ,709.9600219726562,714.7100219726562,0.0,0.0
2026-05-14,QQQ,714.6199951171875,719.7899780273438,0.0,0.0
2026-05-15,QQQ,710.1400146484375,708.9299926757812,0.0,0.0
2026-05-18,QQQ,711.5399780273438,705.8800048828125,0.0,0.0
2026-05-19,QQQ,699.8099975585938,701.530029296875,0.0,0.0
2026-05-20,QQQ,705.2899780273438,713.1500244140625,0.0,0.0
2026-05-21,QQQ,708.989990234375,714.510009765625,0.0,0.0
2026-05-22,QQQ,718.0700073242188,717.5399780273438,0.0,0.0
2026-05-26,QQQ,725.9600219726562,730.280029296875,0.0,0.0
2026-05-27,QQQ,732.9600219726562,729.4500122070312,0.0,0.0
2026-05-28,QQQ,729.72998046875,735.5999755859375,0.0,0.0
2026-05-29,QQQ,737.8400268554688,738.3099975585938,0.0,0.0
2026-06-01,QQQ,737.0399780273438,742.739990234375,0.0,0.0
2026-06-02,QQQ,742.4000244140625,746.1599731445312,0.0,0.0
2026-06-03,QQQ,747.3099975585938,744.2100219726562,0.0,0.0
2026-06-04,QQQ,735.47998046875,740.6099853515625,0.0,0.0
2026-06-05,QQQ,730.0599975585938,705.0599975585938,0.0,0.0
2026-06-08,QQQ,717.8099975585938,716.0700073242188,0.0,0.0
2026-06-09,QQQ,722.97998046875,707.8300170898438,0.0,0.0
2026-06-10,QQQ,701.6599731445312,693.6900024414062,0.0,0.0
2026-06-11,QQQ,699.2899780273438,717.1199951171875,0.0,0.0
2026-06-12,QQQ,717.6099853515625,721.3400268554688,0.0,0.0
2026-06-15,QQQ,738.0999755859375,744.0,0.0,0.0
2026-06-16,QQQ,742.25,729.8599853515625,0.0,0.0
2026-06-17,QQQ,735.1900024414062,722.510009765625,0.0,0.0
2026-06-18,QQQ,737.2000122070312,740.6199951171875,0.0,0.0
2026-06-22,QQQ,742.02001953125,737.9500122070312,0.813,0.0
2026-06-23,QQQ,715.739990234375,713.6500244140625,0.0,0.0
2026-06-24,QQQ,715.3699951171875,710.6199951171875,0.0,0.0
2026-06-25,QQQ,725.9000244140625,716.3800048828125,0.0,0.0
2026-06-26,QQQ,707.1300048828125,706.52001953125,0.0,0.0
2026-06-29,QQQ,713.989990234375,724.0800170898438,0.0,0.0
2026-06-30,QQQ,724.1799926757812,736.4000244140625,0.0,0.0
2026-07-01,QQQ,729.1900024414062,725.1699829101562,0.0,0.0
2026-07-02,QQQ,725.5800170898438,712.5999755859375,0.0,0.0
2026-07-06,QQQ,719.9299926757812,722.8200073242188,0.0,0.0
2026-07-07,QQQ,714.1699829101562,709.4299926757812,0.0,0.0
2026-07-08,QQQ,704.9500122070312,711.4400024414062,0.0,0.0
2026-07-09,QQQ,718.3300170898438,723.280029296875,0.0,0.0
2026-07-10,QQQ,720.7000122070312,725.510009765625,0.0,0.0
2026-07-13,QQQ,717.719970703125,711.739990234375,0.0,0.0
2026-07-14,QQQ,720.219970703125,719.6900024414062,0.0,0.0
2026-07-15,QQQ,723.8499755859375,717.739990234375,0.0,0.0
2026-07-16,QQQ,712.010009765625,705.9400024414062,0.0,0.0
2026-07-17,QQQ,691.6500244140625,695.3300170898438,0.0,0.0
2026-07-20,QQQ,702.1599731445312,696.0599975585938,0.0,0.0
2026-07-21,QQQ,706.5700073242188,708.969970703125,0.0,0.0
2026-07-22,QQQ,703.6199951171875,705.3499755859375,0.0,0.0
2026-07-23,QQQ,694.6699829101562,691.9600219726562,0.0,0.0
2026-07-24,QQQ,690.4099731445312,684.22998046875,0.0,0.0
2026-07-27,QQQ,691.6799926757812,682.1199951171875,0.0,0.0
2026-07-28,QQQ,676.22998046875,675.489990234375,0.0,0.0
2026-07-29,QQQ,675.510009765625,661.72998046875,0.0,0.0
2026-07-30,QQQ,674.760009765625,683.5499877929688,0.0,0.0
2026-07-31,QQQ,692.1099853515625,687.989990234375,0.0,0.0
2026-08-03,QQQ,688.2999877929688,700.0700073242188,0.0,0.0
2026-08-04,QQQ,708.1599731445312,723.8499755859375,0.0,0.0
2026-08-05,QQQ,726.25,717.2999877929688,0.0,0.0
2026-08-06,QQQ,710.8200073242188,714.6500244140625,0.0,0.0
2026-08-07,QQQ,720.1500244140625,723.030029296875,0.0,0.0
2026-08-10,QQQ,722.3900146484375,720.8699951171875,0.0,0.0
2026-08-11,QQQ,723.2899780273438,718.4500122070312,0.0,0.0
2026-08-12,QQQ,727.0800170898438,723.7000122070312,0.0,0.0
2026-08-13,QQQ,725.1500244140625,732.0700073242188,0.0,0.0
2026-08-14,QQQ,733.4099731445312,731.0700073242188,0.0,0.0
2026-08-17,QQQ,732.9500122070312,729.8699951171875,0.0,0.0
2026-08-18,QQQ,720.2100219726562,717.510009765625,0.0,0.0
2026-08-19,QQQ,720.3900146484375,716.0800170898438,0.0,0.0
2026-08-20,QQQ,712.0900268554688,710.9299926757812,0.0,0.0
2026-08-21,QQQ,715.22998046875,713.4400024414062,0.0,0.0
2026-08-24,QQQ,709.6599731445312,706.3200073242188,0.0,0.0
2026-08-25,QQQ,711.219970703125,710.719970703125,0.0,0.0
2026-08-26,QQQ,708.4099731445312,711.3699951171875,0.0,0.0
2026-08-27,QQQ,716.9299926757812,721.1099853515625,0.0,0.0
2026-08-28,QQQ,719.739990234375,716.4299926757812,0.0,0.0
2024-08-29,SOXX,227.10000610351562,225.25,0.0,0.0
2024-08-30,SOXX,230.55999755859375,231.13999938964844,0.0,0.0
2024-09-03,SOXX,226.8000030517578,213.5,0.0,0.0
2024-09-04,SOXX,211.11000061035156,214.1999969482422,0.0,0.0
2024-09-05,SOXX,211.1999969482422,213.0500030517578,0.0,0.0
2024-09-06,SOXX,211.4499969482422,203.92999267578125,0.0,0.0
2024-09-09,SOXX,207.24000549316406,207.9600067138672,0.0,0.0
2024-09-10,SOXX,208.33999633789062,210.14999389648438,0.0,0.0
2024-09-11,SOXX,211.58999633789062,219.91000366210938,0.0,0.0
2024-09-12,SOXX,218.6999969482422,218.94000244140625,0.0,0.0
2024-09-13,SOXX,220.85000610351562,222.85000610351562,0.0,0.0
2024-09-16,SOXX,219.6699981689453,219.8800048828125,0.0,0.0
2024-09-17,SOXX,222.64999389648438,220.14999389648438,0.0,0.0
2024-09-18,SOXX,221.17999267578125,217.72000122070312,0.0,0.0
2024-09-19,SOXX,225.97000122070312,226.99000549316406,0.0,0.0
2024-09-20,SOXX,224.7100067138672,223.6699981689453,0.0,0.0
2024-09-23,SOXX,224.75,224.5399932861328,0.0,0.0
2024-09-24,SOXX,226.5500030517578,227.25999450683594,0.0,0.0
2024-09-25,SOXX,225.97999572753906,228.27000427246094,0.552,0.0
2024-09-26,SOXX,237.72000122070312,236.42999267578125,0.0,0.0
2024-09-27,SOXX,237.14999389648438,232.67999267578125,0.0,0.0
2024-09-30,SOXX,229.7899932861328,230.58999633789062,0.0,0.0
2024-10-01,SOXX,230.5,224.1300048828125,0.0,0.0
2024-10-02,SOXX,224.57000732421875,227.14999389648438,0.0,0.0
2024-10-03,SOXX,225.36000061035156,227.9600067138672,0.0,0.0
2024-10-04,SOXX,232.49000549316406,231.0800018310547,0.0,0.0
2024-10-07,SOXX,229.60000610351562,230.4499969482422,0.0,0.0
2024-10-08,SOXX,230.4499969482422,232.72000122070312,0.0,0.0
2024-10-09,SOXX,232.49000549316406,235.14999389648438,0.0,0.0
2024-10-10,SOXX,231.99000549316406,233.5,0.0,0.0
2024-10-11,SOXX,231.7899932861328,235.4600067138672,0.0,0.0
2024-10-14,SOXX,236.9600067138672,239.8000030517578,0.0,0.0
2024-10-15,SOXX,239.24000549316406,227.36000061035156,0.0,0.0
2024-10-16,SOXX,230.1199951171875,227.36000061035156,0.0,0.0
2024-10-17,SOXX,233.3000030517578,229.14999389648438,0.0,0.0
2024-10-18,SOXX,231.3000030517578,229.36000061035156,0.0,0.0
2024-10-21,SOXX,228.44000244140625,228.92999267578125,0.0,0.0
2024-10-22,SOXX,227.67999267578125,228.0800018310547,0.0,0.0
2024-10-23,SOXX,227.64999389648438,226.0399932861328,0.0,0.0
2024-10-24,SOXX,228.07000732421875,227.3000030517578,0.0,0.0
2024-10-25,SOXX,229.4499969482422,229.5800018310547,0.0,0.0
2024-10-28,SOXX,229.5,229.72000122070312,0.0,0.0
2024-10-29,SOXX,229.9199981689453,235.3699951171875,0.0,0.0
2024-10-30,SOXX,229.2899932861328,227.07000732421875,0.0,0.0
2024-10-31,SOXX,224.89999389648438,218.25999450683594,0.0,0.0
2024-11-01,SOXX,220.02000427246094,220.5800018310547,0.0,0.0
2024-11-04,SOXX,219.92999267578125,219.30999755859375,0.0,0.0
2024-11-05,SOXX,219.41000366210938,221.8699951171875,0.0,0.0
2024-11-06,SOXX,226.36000061035156,228.33999633789062,0.0,0.0
2024-11-07,SOXX,231.8300018310547,233.10000610351562,0.0,0.0
2024-11-08,SOXX,231.8300018310547,231.36000061035156,0.0,0.0
2024-11-11,SOXX,229.17999267578125,225.57000732421875,0.0,0.0
2024-11-12,SOXX,224.77999877929688,223.11000061035156,0.0,0.0
2024-11-13,SOXX,221.5,218.3699951171875,0.0,0.0
2024-11-14,SOXX,220.5,218.24000549316406,0.0,0.0
2024-11-15,SOXX,214.57000732421875,211.2100067138672,0.0,0.0
2024-11-18,SOXX,211.14999389648438,213.94000244140625,0.0,0.0
2024-11-19,SOXX,213.3300018310547,214.35000610351562,0.0,0.0
2024-11-20,SOXX,213.07000732421875,212.7100067138672,0.0,0.0
2024-11-21,SOXX,215.0500030517578,216.0800018310547,0.0,0.0
2024-11-22,SOXX,215.6199951171875,216.1699981689453,0.0,0.0
2024-11-25,SOXX,218.97000122070312,218.27999877929688,0.0,0.0
2024-11-26,SOXX,220.0,215.4499969482422,0.0,0.0
2024-11-27,SOXX,214.25,212.55999755859375,0.0,0.0
2024-11-29,SOXX,214.1199951171875,215.39999389648438,0.0,0.0
2024-12-02,SOXX,216.6999969482422,221.05999755859375,0.0,0.0
2024-12-03,SOXX,219.64999389648438,219.80999755859375,0.0,0.0
2024-12-04,SOXX,224.14999389648438,222.72000122070312,0.0,0.0
2024-12-05,SOXX,222.3300018310547,218.50999450683594,0.0,0.0
2024-12-06,SOXX,218.60000610351562,219.8300018310547,0.0,0.0
2024-12-09,SOXX,218.5,218.77000427246094,0.0,0.0
2024-12-10,SOXX,219.42999267578125,213.57000732421875,0.0,0.0
2024-12-11,SOXX,216.72999572753906,218.94000244140625,0.0,0.0
2024-12-12,SOXX,217.38999938964844,217.24000549316406,0.0,0.0
2024-12-13,SOXX,222.3000030517578,223.3000030517578,0.0,0.0
2024-12-16,SOXX,224.00999450683594,227.44000244140625,0.0,0.0
2024-12-17,SOXX,224.83999633789062,223.8699951171875,0.358,0.0
2024-12-18,SOXX,225.35000610351562,215.58999633789062,0.0,0.0
2024-12-19,SOXX,216.08999633789062,211.97000122070312,0.0,0.0
2024-12-20,SOXX,210.80999755859375,214.82000732421875,0.0,0.0
2024-12-23,SOXX,216.47000122070312,221.32000732421875,0.0,0.0
2024-12-24,SOXX,222.77999877929688,223.60000610351562,0.0,0.0
2024-12-26,SOXX,221.97999572753906,223.52999877929688,0.0,0.0
2024-12-27,SOXX,222.19000244140625,221.63999938964844,0.0,0.0
2024-12-30,SOXX,217.83999633789062,217.27999877929688,0.0,0.0
2024-12-31,SOXX,217.92999267578125,215.49000549316406,0.0,0.0
2025-01-02,SOXX,217.67999267578125,216.82000732421875,0.0,0.0
2025-01-03,SOXX,218.25,222.47000122070312,0.0,0.0
2025-01-06,SOXX,227.25999450683594,228.91000366210938,0.0,0.0
2025-01-07,SOXX,231.6999969482422,225.7899932861328,0.0,0.0
2025-01-08,SOXX,225.0500030517578,223.5399932861328,0.0,0.0
2025-01-10,SOXX,220.74000549316406,218.1999969482422,0.0,0.0
2025-01-13,SOXX,213.85000610351562,217.52999877929688,0.0,0.0
2025-01-14,SOXX,219.35000610351562,218.9600067138672,0.0,0.0
2025-01-15,SOXX,222.47999572753906,223.2100067138672,0.0,0.0
2025-01-16,SOXX,227.25,223.5399932861328,0.0,0.0
2025-01-17,SOXX,228.5800018310547,229.74000549316406,0.0,0.0
2025-01-21,SOXX,231.80999755859375,232.4499969482422,0.0,0.0
2025-01-22,SOXX,234.8300018310547,235.80999755859375,0.0,0.0
2025-01-23,SOXX,232.02999877929688,235.3699951171875,0.0,0.0
2025-01-24,SOXX,235.47999572753906,230.63999938964844,0.0,0.0
2025-01-27,SOXX,219.0,212.5500030517578,0.0,0.0
2025-01-28,SOXX,213.6199951171875,213.5,0.0,0.0
2025-01-29,SOXX,215.55999755859375,214.3800048828125,0.0,0.0
2025-01-30,SOXX,217.00999450683594,218.74000549316406,0.0,0.0
2025-01-31,SOXX,219.99000549316406,218.1300048828125,0.0,0.0
2025-02-03,SOXX,212.38999938964844,214.1999969482422,0.0,0.0
2025-02-04,SOXX,213.72000122070312,216.39999389648438,0.0,0.0
2025-02-05,SOXX,215.8300018310547,220.58999633789062,0.0,0.0
2025-02-06,SOXX,219.0500030517578,220.3000030517578,0.0,0.0
2025-02-07,SOXX,220.80999755859375,216.8699951171875,0.0,0.0
2025-02-10,SOXX,218.4499969482422,219.6999969482422,0.0,0.0
2025-02-11,SOXX,217.88999938964844,219.89999389648438,0.0,0.0
2025-02-12,SOXX,216.44000244140625,220.13999938964844,0.0,0.0
2025-02-13,SOXX,219.9499969482422,222.83999633789062,0.0,0.0
2025-02-14,SOXX,222.82000732421875,223.07000732421875,0.0,0.0
2025-02-18,SOXX,224.6999969482422,226.75999450683594,0.0,0.0
2025-02-19,SOXX,227.14999389648438,230.52999877929688,0.0,0.0
2025-02-20,SOXX,232.0,231.07000732421875,0.0,0.0
2025-02-21,SOXX,231.75999450683594,223.97999572753906,0.0,0.0
2025-02-24,SOXX,224.97000122070312,218.72000122070312,0.0,0.0
2025-02-25,SOXX,218.4499969482422,214.2100067138672,0.0,0.0
2025-02-26,SOXX,216.9499969482422,217.94000244140625,0.0,0.0
2025-02-27,SOXX,219.17999267578125,205.25,0.0,0.0
2025-02-28,SOXX,205.3699951171875,208.52000427246094,0.0,0.0
2025-03-03,SOXX,211.50999450683594,201.14999389648438,0.0,0.0
2025-03-04,SOXX,200.8000030517578,202.27000427246094,0.0,0.0
2025-03-05,SOXX,204.5399932861328,206.6300048828125,0.0,0.0
2025-03-06,SOXX,199.5800018310547,198.0399932861328,0.0,0.0
2025-03-07,SOXX,198.8000030517578,203.85000610351562,0.0,0.0
2025-03-10,SOXX,198.82000732421875,194.4199981689453,0.0,0.0
2025-03-11,SOXX,194.52000427246094,192.1199951171875,0.0,0.0
2025-03-12,SOXX,196.6999969482422,196.0800018310547,0.0,0.0
2025-03-13,SOXX,196.07000732421875,195.10000610351562,0.0,0.0
2025-03-14,SOXX,198.5,201.1199951171875,0.0,0.0
2025-03-17,SOXX,200.30999755859375,204.44000244140625,0.0,0.0
2025-03-18,SOXX,202.11000061035156,201.47000122070312,0.261,0.0
2025-03-19,SOXX,201.5,203.11000061035156,0.0,0.0
2025-03-20,SOXX,200.52000427246094,201.49000549316406,0.0,0.0
2025-03-21,SOXX,197.94000244140625,199.3800048828125,0.0,0.0
2025-03-24,SOXX,203.57000732421875,205.3000030517578,0.0,0.0
2025-03-25,SOXX,205.0500030517578,204.19000244140625,0.0,0.0
2025-03-26,SOXX,203.22000122070312,198.47000122070312,0.0,0.0
2025-03-27,SOXX,195.8699951171875,194.55999755859375,0.0,0.0
2025-03-28,SOXX,193.2899932861328,188.67999267578125,0.0,0.0
2025-03-31,SOXX,184.6999969482422,188.1699981689453,0.0,0.0
2025-04-01,SOXX,187.4499969482422,188.27000427246094,0.0,0.0
2025-04-02,SOXX,185.38999938964844,189.47999572753906,0.0,0.0
2025-04-03,SOXX,179.75,170.36000061035156,0.0,0.0
2025-04-04,SOXX,163.9199981689453,157.6300048828125,0.0,0.0
2025-04-07,SOXX,152.02999877929688,161.27000427246094,0.0,0.0
2025-04-08,SOXX,167.63999938964844,154.86000061035156,0.0,0.0
2025-04-09,SOXX,156.10000610351562,183.6199951171875,0.0,0.0
2025-04-10,SOXX,174.55999755859375,168.61000061035156,0.0,0.0
2025-04-11,SOXX,166.97999572753906,172.25999450683594,0.0,0.0
2025-04-14,SOXX,177.5500030517578,173.39999389648438,0.0,0.0
2025-04-15,SOXX,174.32000732421875,174.11000061035156,0.0,0.0
2025-04-16,SOXX,166.3300018310547,167.38999938964844,0.0,0.0
2025-04-17,SOXX,168.57000732421875,166.5500030517578,0.0,0.0
2025-04-21,SOXX,163.13999938964844,163.63999938964844,0.0,0.0
2025-04-22,SOXX,165.22999572753906,166.82000732421875,0.0,0.0
2025-04-23,SOXX,175.25,173.07000732421875,0.0,0.0
2025-04-24,SOXX,177.8000030517578,183.02999877929688,0.0,0.0
2025-04-25,SOXX,181.1999969482422,184.80999755859375,0.0,0.0
2025-04-28,SOXX,183.88999938964844,184.47999572753906,0.0,0.0
2025-04-29,SOXX,182.24000549316406,182.50999450683594,0.0,0.0
2025-04-30,SOXX,178.0,183.83999633789062,0.0,0.0
2025-05-01,SOXX,186.0,183.58999633789062,0.0,0.0
2025-05-02,SOXX,187.9499969482422,190.02999877929688,0.0,0.0
2025-05-05,SOXX,188.19000244140625,188.57000732421875,0.0,0.0
2025-05-06,SOXX,185.25999450683594,186.77000427246094,0.0,0.0
2025-05-07,SOXX,186.5800018310547,190.0399932861328,0.0,0.0
2025-05-08,SOXX,192.50999450683594,191.74000549316406,0.0,0.0
2025-05-09,SOXX,194.47999572753906,193.94000244140625,0.0,0.0
2025-05-12,SOXX,206.8000030517578,207.8699951171875,0.0,0.0
2025-05-13,SOXX,208.6999969482422,213.75999450683594,0.0,0.0
2025-05-14,SOXX,215.2100067138672,214.7899932861328,0.0,0.0
2025-05-15,SOXX,212.69000244140625,213.41000366210938,0.0,0.0
2025-05-16,SOXX,213.55999755859375,213.1300048828125,0.0,0.0
2025-05-19,SOXX,208.22000122070312,211.85000610351562,0.0,0.0
2025-05-20,SOXX,210.0399932861328,211.5399932861328,0.0,0.0
2025-05-21,SOXX,209.75,207.6699981689453,0.0,0.0
2025-05-22,SOXX,207.52999877929688,205.75,0.0,0.0
2025-05-23,SOXX,200.47000122070312,202.55999755859375,0.0,0.0
2025-05-27,SOXX,206.9600067138672,209.2899932861328,0.0,0.0
2025-05-28,SOXX,209.83999633789062,208.24000549316406,0.0,0.0
2025-05-29,SOXX,213.02999877929688,209.08999633789062,0.0,0.0
2025-05-30,SOXX,207.82000732421875,204.94000244140625,0.0,0.0
2025-06-02,SOXX,204.4199981689453,208.02999877929688,0.0,0.0
2025-06-03,SOXX,208.14999389648438,213.6199951171875,0.0,0.0
2025-06-04,SOXX,215.38999938964844,216.8000030517578,0.0,0.0
2025-06-05,SOXX,218.47000122070312,215.88999938964844,0.0,0.0
2025-06-06,SOXX,218.0,217.33999633789062,0.0,0.0
2025-06-09,SOXX,219.3300018310547,222.4600067138672,0.0,0.0
2025-06-10,SOXX,223.5399932861328,227.32000732421875,0.0,0.0
2025-06-11,SOXX,228.89999389648438,226.55999755859375,0.0,0.0
2025-06-12,SOXX,224.94000244140625,226.8699951171875,0.0,0.0
2025-06-13,SOXX,221.99000549316406,220.9600067138672,0.0,0.0
2025-06-16,SOXX,223.58999633789062,227.44000244140625,0.483,0.0
2025-06-17,SOXX,226.4499969482422,225.63999938964844,0.0,0.0
2025-06-18,SOXX,226.85000610351562,226.55999755859375,0.0,0.0
2025-06-20,SOXX,228.7899932861328,225.11000061035156,0.0,0.0
2025-06-23,SOXX,225.02000427246094,226.50999450683594,0.0,0.0
2025-06-24,SOXX,230.57000732421875,235.10000610351562,0.0,0.0
2025-06-25,SOXX,236.66000366210938,237.2100067138672,0.0,0.0
2025-06-26,SOXX,239.0399932861328,239.07000732421875,0.0,0.0
2025-06-27,SOXX,239.30999755859375,238.86000061035156,0.0,0.0
2025-06-30,SOXX,240.1699981689453,238.6999969482422,0.0,0.0
2025-07-01,SOXX,236.6999969482422,237.6199951171875,0.0,0.0
2025-07-02,SOXX,237.08999633789062,242.13999938964844,0.0,0.0
2025-07-03,SOXX,243.14999389648438,243.33999633789062,0.0,0.0
2025-07-07,SOXX,241.2899932861328,238.77999877929688,0.0,0.0
2025-07-08,SOXX,241.05999755859375,243.33999633789062,0.0,0.0
2025-07-09,SOXX,244.00999450683594,244.1199951171875,0.0,0.0
2025-07-10,SOXX,246.4199981689453,246.5500030517578,0.0,0.0
2025-07-11,SOXX,245.00999450683594,246.1699981689453,0.0,0.0
2025-07-14,SOXX,244.14999389648438,243.8300018310547,0.0,0.0
2025-07-15,SOXX,248.7899932861328,246.25999450683594,0.0,0.0
2025-07-16,SOXX,244.27999877929688,245.58999633789062,0.0,0.0
2025-07-17,SOXX,245.5399932861328,246.52999877929688,0.0,0.0
2025-07-18,SOXX,247.9499969482422,246.72999572753906,0.0,0.0
2025-07-21,SOXX,247.36000061035156,246.9499969482422,0.0,0.0
2025-07-22,SOXX,246.0399932861328,243.5399932861328,0.0,0.0
2025-07-23,SOXX,241.72000122070312,242.05999755859375,0.0,0.0
2025-07-24,SOXX,241.58999633789062,241.55999755859375,0.0,0.0
2025-07-25,SOXX,240.10000610351562,241.5399932861328,0.0,0.0
2025-07-28,SOXX,244.2100067138672,245.75,0.0,0.0
2025-07-29,SOXX,247.2899932861328,246.19000244140625,0.0,0.0
2025-07-30,SOXX,248.36000061035156,247.9499969482422,0.0,0.0
2025-07-31,SOXX,245.0399932861328,240.02999877929688,0.0,0.0
2025-08-01,SOXX,235.50999450683594,237.24000549316406,0.0,0.0
2025-08-04,SOXX,238.75999450683594,240.39999389648438,0.0,0.0
2025-08-05,SOXX,241.75999450683594,238.72999572753906,0.0,0.0
2025-08-06,SOXX,236.55999755859375,236.92999267578125,0.0,0.0
2025-08-07,SOXX,242.0399932861328,240.83999633789062,0.0,0.0
2025-08-08,SOXX,241.00999450683594,242.8699951171875,0.0,0.0
2025-08-11,SOXX,243.77999877929688,242.41000366210938,0.0,0.0
2025-08-12,SOXX,244.24000549316406,250.16000366210938,0.0,0.0
2025-08-13,SOXX,252.1300048828125,253.8800048828125,0.0,0.0
2025-08-14,SOXX,250.36000061035156,254.13999938964844,0.0,0.0
2025-08-15,SOXX,252.19000244140625,248.32000732421875,0.0,0.0
2025-08-18,SOXX,247.5399932861328,249.0500030517578,0.0,0.0
2025-08-19,SOXX,249.07000732421875,245.14999389648438,0.0,0.0
2025-08-20,SOXX,244.63999938964844,243.74000549316406,0.0,0.0
2025-08-21,SOXX,242.47000122070312,242.36000061035156,0.0,0.0
2025-08-22,SOXX,243.1199951171875,249.08999633789062,0.0,0.0
2025-08-25,SOXX,248.85000610351562,248.50999450683594,0.0,0.0
2025-08-26,SOXX,249.57000732421875,250.85000610351562,0.0,0.0
2025-08-27,SOXX,249.8800048828125,251.33999633789062,0.0,0.0
2025-08-28,SOXX,252.32000732421875,252.5500030517578,0.0,0.0
2025-08-29,SOXX,248.94000244140625,245.32000732421875,0.0,0.0
2025-09-02,SOXX,238.6699981689453,242.8300018310547,0.0,0.0
2025-09-03,SOXX,243.22999572753906,241.67999267578125,0.0,0.0
2025-09-04,SOXX,240.05999755859375,244.1699981689453,0.0,0.0
2025-09-05,SOXX,247.85000610351562,247.0500030517578,0.0,0.0
2025-09-08,SOXX,248.41000366210938,248.85000610351562,0.0,0.0
2025-09-09,SOXX,249.11000061035156,249.05999755859375,0.0,0.0
2025-09-10,SOXX,253.02999877929688,253.4499969482422,0.0,0.0
2025-09-11,SOXX,254.80999755859375,255.19000244140625,0.0,0.0
2025-09-12,SOXX,255.80999755859375,255.63999938964844,0.0,0.0
2025-09-15,SOXX,255.1999969482422,257.79998779296875,0.0,0.0
2025-09-16,SOXX,258.2900085449219,258.5799865722656,0.541,0.0
2025-09-17,SOXX,257.94000244140625,258.5299987792969,0.0,0.0
2025-09-18,SOXX,265.05999755859375,267.57000732421875,0.0,0.0
2025-09-19,SOXX,267.29998779296875,265.8599853515625,0.0,0.0
2025-09-22,SOXX,266.6499938964844,269.8299865722656,0.0,0.0
2025-09-23,SOXX,270.7900085449219,269.510009765625,0.0,0.0
2025-09-24,SOXX,268.739990234375,269.1000061035156,0.0,0.0
2025-09-25,SOXX,264.5799865722656,268.239990234375,0.0,0.0
2025-09-26,SOXX,268.5299987792969,268.8299865722656,0.0,0.0
2025-09-29,SOXX,271.7200012207031,268.92999267578125,0.0,0.0
2025-09-30,SOXX,268.8500061035156,271.1199951171875,0.0,0.0
2025-10-01,SOXX,269.3800048828125,276.3399963378906,0.0,0.0
2025-10-02,SOXX,281.5,281.69000244140625,0.0,0.0
2025-10-03,SOXX,282.95001220703125,279.9599914550781,0.0,0.0
2025-10-06,SOXX,290.989990234375,288.3599853515625,0.0,0.0
2025-10-07,SOXX,290.9800109863281,281.9100036621094,0.0,0.0
2025-10-08,SOXX,282.0,291.5400085449219,0.0,0.0
2025-10-09,SOXX,291.0799865722656,290.19000244140625,0.0,0.0
2025-10-10,SOXX,290.82000732421875,271.989990234375,0.0,0.0
2025-10-13,SOXX,282.7799987792969,284.8699951171875,0.0,0.0
2025-10-14,SOXX,278.5,279.0299987792969,0.0,0.0
2025-10-15,SOXX,286.25,287.6400146484375,0.0,0.0
2025-10-16,SOXX,291.0799865722656,288.9800109863281,0.0,0.0
2025-10-17,SOXX,286.8900146484375,288.1700134277344,0.0,0.0
2025-10-20,SOXX,290.6099853515625,292.9700012207031,0.0,0.0
2025-10-21,SOXX,292.5,291.3299865722656,0.0,0.0
2025-10-22,SOXX,288.1099853515625,284.1300048828125,0.0,0.0
2025-10-23,SOXX,282.489990234375,291.05999755859375,0.0,0.0
2025-10-24,SOXX,296.3299865722656,295.8599853515625,0.0,0.0
2025-10-27,SOXX,301.42999267578125,304.0799865722656,0.0,0.0
2025-10-28,SOXX,303.4599914550781,304.45001220703125,0.0,0.0
2025-10-29,SOXX,309.8699951171875,309.6000061035156,0.0,0.0
2025-10-30,SOXX,307.94000244140625,305.4100036621094,0.0,0.0
2025-10-31,SOXX,308.70001220703125,306.54998779296875,0.0,0.0
2025-11-03,SOXX,310.3999938964844,308.3800048828125,0.0,0.0
2025-11-04,SOXX,300.3399963378906,296.260009765625,0.0,0.0
2025-11-05,SOXX,297.2099914550781,305.4700012207031,0.0,0.0
2025-11-06,SOXX,305.0,297.5,0.0,0.0
2025-11-07,SOXX,292.6400146484375,294.3800048828125,0.0,0.0
2025-11-10,SOXX,302.44000244140625,302.0,0.0,0.0
2025-11-11,SOXX,299.0400085449219,295.1499938964844,0.0,0.0
2025-11-12,SOXX,300.2200012207031,299.6700134277344,0.0,0.0
2025-11-13,SOXX,295.94000244140625,289.3800048828125,0.0,0.0
2025-11-14,SOXX,280.6199951171875,288.5199890136719,0.0,0.0
2025-11-17,SOXX,286.07000732421875,283.55999755859375,0.0,0.0
2025-11-18,SOXX,279.5400085449219,276.9800109863281,0.0,0.0
2025-11-19,SOXX,278.1400146484375,281.6099853515625,0.0,0.0
2025-11-20,SOXX,288.8999938964844,268.1000061035156,0.0,0.0
2025-11-21,SOXX,268.2699890136719,270.8299865722656,0.0,0.0
2025-11-24,SOXX,273.7799987792969,282.70001220703125,0.0,0.0
2025-11-25,SOXX,278.9599914550781,283.5799865722656,0.0,0.0
2025-11-26,SOXX,286.7200012207031,291.3900146484375,0.0,0.0
2025-11-28,SOXX,293.25,296.739990234375,0.0,0.0
2025-12-01,SOXX,292.8699951171875,296.9200134277344,0.0,0.0
2025-12-02,SOXX,300.45001220703125,302.8399963378906,0.0,0.0
2025-12-03,SOXX,304.5,309.3599853515625,0.0,0.0
2025-12-04,SOXX,307.8399963378906,306.2799987792969,0.0,0.0
2025-12-05,SOXX,309.29998779296875,309.3999938964844,0.0,0.0
2025-12-08,SOXX,311.92999267578125,312.760009765625,0.0,0.0
2025-12-09,SOXX,310.7799987792969,312.17999267578125,0.0,0.0
2025-12-10,SOXX,312.010009765625,316.3299865722656,0.0,0.0
2025-12-11,SOXX,312.79998779296875,314.5199890136719,0.0,0.0
2025-12-12,SOXX,310.79998779296875,299.4800109863281,0.0,0.0
2025-12-15,SOXX,302.6000061035156,298.010009765625,0.0,0.0
2025-12-16,SOXX,296.7099914550781,296.20001220703125,0.436,0.0
2025-12-17,SOXX,297.32000732421875,285.2300109863281,0.0,0.0
2025-12-18,SOXX,295.7200012207031,292.0400085449219,0.0,0.0
2025-12-19,SOXX,294.6700134277344,299.80999755859375,0.0,0.0
2025-12-22,SOXX,306.7300109863281,303.8399963378906,0.0,0.0
2025-12-23,SOXX,302.2099914550781,304.9599914550781,0.0,0.0
2025-12-24,SOXX,305.0,306.1400146484375,0.0,0.0
2025-12-26,SOXX,307.3999938964844,306.0400085449219,0.0,0.0
2025-12-29,SOXX,303.3699951171875,305.32000732421875,0.0,0.0
2025-12-30,SOXX,306.0799865722656,304.9200134277344,0.0,0.0
2025-12-31,SOXX,305.6400146484375,301.1499938964844,0.0,0.0
2026-01-02,SOXX,308.55999755859375,313.69000244140625,0.0,0.0
2026-01-05,SOXX,320.70001220703125,318.05999755859375,0.0,0.0
2026-01-06,SOXX,322.07000732421875,328.3500061035156,0.0,0.0
2026-01-07,SOXX,325.04998779296875,324.8900146484375,0.0,0.0
2026-01-08,SOXX,324.19000244140625,319.5799865722656,0.0,0.0
2026-01-09,SOXX,322.79998779296875,328.7799987792969,0.0,0.0
2026-01-12,SOXX,325.70001220703125,330.3500061035156,0.0,0.0
2026-01-13,SOXX,332.8500061035156,333.29998779296875,0.0,0.0
2026-01-14,SOXX,331.0299987792969,331.8999938964844,0.0,0.0
2026-01-15,SOXX,343.1000061035156,337.2200012207031,0.0,0.0
2026-01-16,SOXX,343.510009765625,342.4700012207031,0.0,0.0
2026-01-20,SOXX,336.20001220703125,337.3500061035156,0.0,0.0
2026-01-21,SOXX,341.8399963378906,348.1400146484375,0.0,0.0
2026-01-22,SOXX,354.3599853515625,348.6700134277344,0.0,0.0
2026-01-23,SOXX,346.3900146484375,344.7099914550781,0.0,0.0
2026-01-26,SOXX,343.2900085449219,343.07000732421875,0.0,0.0
2026-01-27,SOXX,348.1600036621094,351.0799865722656,0.0,0.0
2026-01-28,SOXX,358.5299987792969,360.4599914550781,0.0,0.0
2026-01-29,SOXX,361.17999267578125,361.1300048828125,0.0,0.0
2026-01-30,SOXX,356.0,346.29998779296875,0.0,0.0
2026-02-02,SOXX,342.3699951171875,352.69000244140625,0.0,0.0
2026-02-03,SOXX,355.9100036621094,345.6400146484375,0.0,0.0
2026-02-04,SOXX,342.17999267578125,330.3800048828125,0.0,0.0
2026-02-05,SOXX,326.5400085449219,330.8299865722656,0.0,0.0
2026-02-06,SOXX,337.3999938964844,348.510009765625,0.0,0.0
2026-02-09,SOXX,344.8399963378906,352.7699890136719,0.0,0.0
2026-02-10,SOXX,353.5199890136719,351.42999267578125,0.0,0.0
2026-02-11,SOXX,358.82000732421875,360.20001220703125,0.0,0.0
2026-02-12,SOXX,363.4599914550781,351.5,0.0,0.0
2026-02-13,SOXX,352.79998779296875,354.6600036621094,0.0,0.0
2026-02-17,SOXX,349.80999755859375,354.1000061035156,0.0,0.0
2026-02-18,SOXX,355.82000732421875,357.9200134277344,0.0,0.0
2026-02-19,SOXX,354.17999267578125,355.8399963378906,0.0,0.0
2026-02-20,SOXX,353.5899963378906,359.42999267578125,0.0,0.0
2026-02-23,SOXX,357.57000732421875,356.82000732421875,0.0,0.0
2026-02-24,SOXX,361.6000061035156,362.0400085449219,0.0,0.0
2026-02-25,SOXX,366.20001220703125,368.0,0.0,0.0
2026-02-26,SOXX,366.3800048828125,356.79998779296875,0.0,0.0
2026-02-27,SOXX,349.6000061035156,352.2900085449219,0.0,0.0
2026-03-02,SOXX,343.7900085449219,352.04998779296875,0.0,0.0
2026-03-03,SOXX,338.0899963378906,334.7799987792969,0.0,0.0
2026-03-04,SOXX,339.9599914550781,341.5400085449219,0.0,0.0
2026-03-05,SOXX,338.8999938964844,337.760009765625,0.0,0.0
2026-03-06,SOXX,328.3999938964844,323.510009765625,0.0,0.0
2026-03-09,SOXX,318.30999755859375,336.3699951171875,0.0,0.0
2026-03-10,SOXX,336.30999755859375,338.80999755859375,0.0,0.0
2026-03-11,SOXX,340.5,342.0899963378906,0.0,0.0
2026-03-12,SOXX,337.3399963378906,330.19000244140625,0.0,0.0
2026-03-13,SOXX,333.8800048828125,331.32000732421875,0.0,0.0
2026-03-16,SOXX,338.8900146484375,337.8299865722656,0.0,0.0
2026-03-17,SOXX,340.55999755859375,340.25,0.208,0.0
2026-03-18,SOXX,340.5299987792969,338.2900085449219,0.0,0.0
2026-03-19,SOXX,328.760009765625,340.20001220703125,0.0,0.0
2026-03-20,SOXX,339.7099914550781,332.510009765625,0.0,0.0
2026-03-23,SOXX,340.1199951171875,336.5899963378906,0.0,0.0
2026-03-24,SOXX,333.7900085449219,341.0199890136719,0.0,0.0
2026-03-25,SOXX,344.1700134277344,345.25,0.0,0.0
2026-03-26,SOXX,339.45001220703125,328.8500061035156,0.0,0.0
2026-03-27,SOXX,326.8399963378906,323.4800109863281,0.0,0.0
2026-03-30,SOXX,326.75,309.7900085449219,0.0,0.0
2026-03-31,SOXX,315.6000061035156,328.6600036621094,0.0,0.0
2026-04-01,SOXX,333.489990234375,338.5400085449219,0.0,0.0
2026-04-02,SOXX,325.1099853515625,339.6099853515625,0.0,0.0
2026-04-06,SOXX,341.5199890136719,344.1000061035156,0.0,0.0
2026-04-07,SOXX,343.0400085449219,347.760009765625,0.0,0.0
2026-04-08,SOXX,367.8900146484375,370.3999938964844,0.0,0.0
2026-04-09,SOXX,371.29998779296875,378.6300048828125,0.0,0.0
2026-04-10,SOXX,382.6700134277344,386.6000061035156,0.0,0.0
2026-04-13,SOXX,384.8800048828125,393.3399963378906,0.0,0.0
2026-04-14,SOXX,397.8399963378906,401.239990234375,0.0,0.0
2026-04-15,SOXX,400.30999755859375,401.8599853515625,0.0,0.0
2026-04-16,SOXX,400.6000061035156,405.95001220703125,0.0,0.0
2026-04-17,SOXX,413.3800048828125,415.7099914550781,0.0,0.0
2026-04-20,SOXX,417.42999267578125,417.54998779296875,0.0,0.0
2026-04-21,SOXX,420.3999938964844,420.70001220703125,0.0,0.0
2026-04-22,SOXX,427.260009765625,431.7699890136719,0.0,0.0
2026-04-23,SOXX,435.3399963378906,441.0,0.0,0.0
2026-04-24,SOXX,457.5899963378906,461.6000061035156,0.0,0.0
2026-04-27,SOXX,461.75,455.4100036621094,0.0,0.0
2026-04-28,SOXX,437.6300048828125,438.7099914550781,0.0,0.0
2026-04-29,SOXX,445.260009765625,449.989990234375,0.0,0.0
2026-04-30,SOXX,455.70001220703125,461.44000244140625,0.0,0.0
2026-05-01,SOXX,458.4700012207031,465.75,0.0,0.0
2026-05-04,SOXX,467.92999267578125,462.05999755859375,0.0,0.0
2026-05-05,SOXX,471.1400146484375,482.7300109863281,0.0,0.0
2026-05-06,SOXX,497.9599914550781,506.8699951171875,0.0,0.0
2026-05-07,SOXX,502.92999267578125,492.3599853515625,0.0,0.0
2026-05-08,SOXX,504.239990234375,520.2999877929688,0.0,0.0
2026-05-11,SOXX,524.0800170898438,532.760009765625,0.0,0.0
2026-05-12,SOXX,520.8499755859375,515.989990234375,0.0,0.0
2026-05-13,SOXX,527.6199951171875,528.2899780273438,0.0,0.0
2026-05-14,SOXX,526.5,530.030029296875,0.0,0.0
2026-05-15,SOXX,511.6700134277344,508.5199890136719,0.0,0.0
2026-05-18,SOXX,518.02001953125,495.8699951171875,0.0,0.0
2026-05-19,SOXX,484.3999938964844,496.739990234375,0.0,0.0
2026-05-20,SOXX,507.7300109863281,520.3099975585938,0.0,0.0
2026-05-21,SOXX,518.1699829101562,524.7100219726562,0.0,0.0
2026-05-22,SOXX,531.8800048828125,537.3300170898438,0.0,0.0
2026-05-26,SOXX,556.989990234375,570.0900268554688,0.0,0.0
2026-05-27,SOXX,584.3800048828125,563.97998046875,0.0,0.0
2026-05-28,SOXX,564.3200073242188,569.469970703125,0.0,0.0
2026-05-29,SOXX,576.4400024414062,569.0800170898438,0.0,0.0
2026-06-01,SOXX,563.6699829101562,571.9299926757812,0.0,0.0
2026-06-02,SOXX,585.1699829101562,605.02001953125,0.0,0.0
2026-06-03,SOXX,616.2100219726562,615.6799926757812,0.0,0.0
2026-06-04,SOXX,587.6400146484375,602.719970703125,0.0,0.0
2026-06-05,SOXX,577.8599853515625,539.77001953125,0.0,0.0
2026-06-08,SOXX,569.77001953125,571.4500122070312,0.0,0.0
2026-06-09,SOXX,585.4500122070312,562.1400146484375,0.0,0.0
2026-06-10,SOXX,551.6599731445312,541.510009765625,0.0,0.0
2026-06-11,SOXX,555.4199829101562,586.9299926757812,0.0,0.0
2026-06-12,SOXX,584.1099853515625,596.25,0.0,0.0
2026-06-15,SOXX,622.6099853515625,628.4500122070312,0.283,0.0
2026-06-16,SOXX,623.8400268554688,591.239990234375,0.0,0.0
2026-06-17,SOXX,611.5599975585938,599.72998046875,0.0,0.0
2026-06-18,SOXX,626.52001953125,639.4500122070312,0.0,0.0
2026-06-22,SOXX,653.9600219726562,655.010009765625,0.0,0.0
2026-06-23,SOXX,607.6400146484375,603.3900146484375,0.0,0.0
2026-06-24,SOXX,606.1900024414062,601.5,0.0,0.0
2026-06-25,SOXX,637.3300170898438,625.2000122070312,0.0,0.0
2026-06-26,SOXX,601.4400024414062,589.9400024414062,0.0,0.0
2026-06-29,SOXX,593.7100219726562,614.3499755859375,0.0,0.0
2026-06-30,SOXX,616.1500244140625,640.760009765625,0.0,0.0
2026-07-01,SOXX,616.8200073242188,599.7000122070312,0.0,0.0
2026-07-02,SOXX,601.239990234375,566.3200073242188,0.0,0.0
2026-07-06,SOXX,583.1500244140625,581.510009765625,0.0,0.0
2026-07-07,SOXX,551.9299926757812,551.6900024414062,0.0,0.0
2026-07-08,SOXX,544.6599731445312,562.030029296875,0.0,0.0
2026-07-09,SOXX,589.5,581.7000122070312,0.0,0.0
2026-07-10,SOXX,571.989990234375,581.3400268554688,0.0,0.0
2026-07-13,SOXX,563.5800170898438,553.6099853515625,0.0,0.0
2026-07-14,SOXX,580.510009765625,567.9199829101562,0.0,0.0
2026-07-15,SOXX,575.1199951171875,555.27001953125,0.0,0.0
2026-07-16,SOXX,539.0499877929688,530.5,0.0,0.0
2026-07-17,SOXX,508.54998779296875,521.8099975585938,0.0,0.0
2026-07-20,SOXX,534.0,524.1400146484375,0.0,0.0
2026-07-21,SOXX,549.0999755859375,552.6900024414062,0.0,0.0
2026-07-22,SOXX,538.75,555.52001953125,0.0,0.0
2026-07-23,SOXX,545.5,551.239990234375,0.0,0.0
2026-07-24,SOXX,544.3599853515625,527.010009765625,0.0,0.0
2026-07-27,SOXX,532.6400146484375,516.22998046875,0.0,0.0
2026-07-28,SOXX,496.739990234375,491.4599914550781,0.0,0.0
2026-07-29,SOXX,488.6499938964844,465.0,0.0,0.0
2026-07-30,SOXX,491.57000732421875,504.5299987792969,0.0,0.0
2026-07-31,SOXX,527.0999755859375,504.8900146484375,0.0,0.0
2026-08-03,SOXX,491.9200134277344,507.67999267578125,0.0,0.0
2026-08-04,SOXX,529.3099975585938,542.2100219726562,0.0,0.0
2026-08-05,SOXX,536.4000244140625,530.7000122070312,0.0,0.0
2026-08-06,SOXX,522.6599731445312,532.52001953125,0.0,0.0
2026-08-07,SOXX,545.2000122070312,543.27001953125,0.0,0.0
2026-08-10,SOXX,545.8499755859375,529.3900146484375,0.0,0.0
2026-08-11,SOXX,537.9099731445312,534.2000122070312,0.0,0.0
2026-08-12,SOXX,553.4000244140625,546.6099853515625,0.0,0.0
2026-08-13,SOXX,547.1400146484375,550.739990234375,0.0,0.0
2026-08-14,SOXX,549.5800170898438,550.4199829101562,0.0,0.0
2026-08-17,SOXX,557.9199829101562,559.1199951171875,0.0,0.0
2026-08-18,SOXX,537.4199829101562,531.3900146484375,0.0,0.0
2026-08-19,SOXX,536.260009765625,519.6699829101562,0.0,0.0
2026-08-20,SOXX,518.3800048828125,522.3499755859375,0.0,0.0
2026-08-21,SOXX,528.1500244140625,520.0499877929688,0.0,0.0
2026-08-24,SOXX,511.9700012207031,506.17999267578125,0.0,0.0
2026-08-25,SOXX,515.9099731445312,514.0599975585938,0.0,0.0
2026-08-26,SOXX,512.0900268554688,515.4000244140625,0.0,0.0
2026-08-27,SOXX,526.0599975585938,525.4299926757812,0.0,0.0
2026-08-28,SOXX,521.2000122070312,508.6199951171875,0.0,0.0
2024-08-29,SPY,560.3099975585938,558.3499755859375,0.0,0.0
2024-08-30,SPY,560.77001953125,563.6799926757812,0.0,0.0
2024-09-03,SPY,560.469970703125,552.0800170898438,0.0,0.0
2024-09-04,SPY,550.2000122070312,550.9500122070312,0.0,0.0
2024-09-05,SPY,550.8900146484375,549.6099853515625,0.0,0.0
2024-09-06,SPY,549.9400024414062,540.3599853515625,0.0,0.0
2024-09-09,SPY,544.6500244140625,546.4099731445312,0.0,0.0
2024-09-10,SPY,548.3599853515625,548.7899780273438,0.0,0.0
2024-09-11,SPY,548.7000122070312,554.4199829101562,0.0,0.0
2024-09-12,SPY,555.010009765625,559.0900268554688,0.0,0.0
2024-09-13,SPY,559.7100219726562,562.010009765625,0.0,0.0
2024-09-16,SPY,561.739990234375,562.8400268554688,0.0,0.0
2024-09-17,SPY,565.0999755859375,563.0700073242188,0.0,0.0
2024-09-18,SPY,563.739990234375,561.4000244140625,0.0,0.0
2024-09-19,SPY,571.010009765625,570.97998046875,0.0,0.0
2024-09-20,SPY,567.8400268554688,568.25,1.746,0.0
2024-09-23,SPY,569.3400268554688,569.6699829101562,0.0,0.0
2024-09-24,SPY,570.47998046875,571.2999877929688,0.0,0.0
2024-09-25,SPY,571.1400146484375,570.0399780273438,0.0,0.0
2024-09-26,SPY,574.3800048828125,572.2999877929688,0.0,0.0
2024-09-27,SPY,573.3900146484375,571.469970703125,0.0,0.0
2024-09-30,SPY,570.4199829101562,573.760009765625,0.0,0.0
2024-10-01,SPY,573.4000244140625,568.6199951171875,0.0,0.0
2024-10-02,SPY,567.7100219726562,568.8599853515625,0.0,0.0
2024-10-03,SPY,567.3599853515625,567.8200073242188,0.0,0.0
2024-10-04,SPY,572.3499755859375,572.97998046875,0.0,0.0
2024-10-07,SPY,571.2999877929688,567.7999877929688,0.0,0.0
2024-10-08,SPY,570.4199829101562,573.1699829101562,0.0,0.0
2024-10-09,SPY,573.1599731445312,577.1400146484375,0.0,0.0
2024-10-10,SPY,575.77001953125,576.1300048828125,0.0,0.0
2024-10-11,SPY,576.0499877929688,579.5800170898438,0.0,0.0
2024-10-14,SPY,581.219970703125,584.3200073242188,0.0,0.0
2024-10-15,SPY,584.5900268554688,579.780029296875,0.0,0.0
2024-10-16,SPY,579.780029296875,582.2999877929688,0.0,0.0
2024-10-17,SPY,585.9099731445312,582.3499755859375,0.0,0.0
2024-10-18,SPY,584.0700073242188,584.5900268554688,0.0,0.0
2024-10-21,SPY,583.8499755859375,583.6300048828125,0.0,0.0
2024-10-22,SPY,581.0499877929688,583.3200073242188,0.0,0.0
2024-10-23,SPY,581.260009765625,577.989990234375,0.0,0.0
2024-10-24,SPY,579.97998046875,579.239990234375,0.0,0.0
2024-10-25,SPY,581.510009765625,579.0399780273438,0.0,0.0
2024-10-28,SPY,582.5800170898438,580.8300170898438,0.0,0.0
2024-10-29,SPY,579.8499755859375,581.77001953125,0.0,0.0
2024-10-30,SPY,581.2899780273438,580.010009765625,0.0,0.0
2024-10-31,SPY,575.5599975585938,568.6400146484375,0.0,0.0
2024-11-01,SPY,571.3200073242188,571.0399780273438,0.0,0.0
2024-11-04,SPY,571.1799926757812,569.8099975585938,0.0,0.0
2024-11-05,SPY,570.739990234375,576.7000122070312,0.0,0.0
2024-11-06,SPY,589.2000122070312,591.0399780273438,0.0,0.0
2024-11-07,SPY,593.0800170898438,595.6099853515625,0.0,0.0
2024-11-08,SPY,596.1699829101562,598.1900024414062,0.0,0.0
2024-11-11,SPY,599.8099975585938,598.760009765625,0.0,0.0
2024-11-12,SPY,598.6799926757812,596.9000244140625,0.0,0.0
2024-11-13,SPY,597.3699951171875,597.1900024414062,0.0,0.0
2024-11-14,SPY,597.3200073242188,593.3499755859375,0.0,0.0
2024-11-15,SPY,589.719970703125,585.75,0.0,0.0
2024-11-18,SPY,586.219970703125,588.1500244140625,0.0,0.0
2024-11-19,SPY,584.7100219726562,590.2999877929688,0.0,0.0
2024-11-20,SPY,590.3800048828125,590.5,0.0,0.0
2024-11-21,SPY,593.4000244140625,593.6699829101562,0.0,0.0
2024-11-22,SPY,593.6599731445312,595.510009765625,0.0,0.0
2024-11-25,SPY,599.52001953125,597.530029296875,0.0,0.0
2024-11-26,SPY,598.7999877929688,600.6500244140625,0.0,0.0
2024-11-27,SPY,600.4600219726562,598.8300170898438,0.0,0.0
2024-11-29,SPY,599.6599731445312,602.5499877929688,0.0,0.0
2024-12-02,SPY,602.969970703125,603.6300048828125,0.0,0.0
2024-12-03,SPY,603.3900146484375,603.9099731445312,0.0,0.0
2024-12-04,SPY,605.6300048828125,607.6599731445312,0.0,0.0
2024-12-05,SPY,607.6599731445312,606.6599731445312,0.0,0.0
2024-12-06,SPY,607.4400024414062,607.8099975585938,0.0,0.0
2024-12-09,SPY,607.6900024414062,604.6799926757812,0.0,0.0
2024-12-10,SPY,605.3699951171875,602.7999877929688,0.0,0.0
2024-12-11,SPY,605.780029296875,607.4600219726562,0.0,0.0
2024-12-12,SPY,606.5800170898438,604.3300170898438,0.0,0.0
2024-12-13,SPY,606.4000244140625,604.2100219726562,0.0,0.0
2024-12-16,SPY,606.0,606.7899780273438,0.0,0.0
2024-12-17,SPY,604.1900024414062,604.2899780273438,0.0,0.0
2024-12-18,SPY,603.97998046875,586.280029296875,0.0,0.0
2024-12-19,SPY,591.3599853515625,586.0999755859375,0.0,0.0
2024-12-20,SPY,581.77001953125,591.1500244140625,1.966,0.0
2024-12-23,SPY,590.8900146484375,594.6900024414062,0.0,0.0
2024-12-24,SPY,596.0599975585938,601.2999877929688,0.0,0.0
2024-12-26,SPY,599.5,601.3400268554688,0.0,0.0
2024-12-27,SPY,597.5399780273438,595.010009765625,0.0,0.0
2024-12-30,SPY,587.8900146484375,588.219970703125,0.0,0.0
2024-12-31,SPY,589.9099731445312,586.0800170898438,0.0,0.0
2025-01-02,SPY,589.3900146484375,584.6400146484375,0.0,0.0
2025-01-03,SPY,587.530029296875,591.9500122070312,0.0,0.0
2025-01-06,SPY,596.27001953125,595.3599853515625,0.0,0.0
2025-01-07,SPY,597.4199829101562,588.6300048828125,0.0,0.0
2025-01-08,SPY,588.7000122070312,589.489990234375,0.0,0.0
2025-01-10,SPY,585.8800048828125,580.489990234375,0.0,0.0
2025-01-13,SPY,575.77001953125,581.3900146484375,0.0,0.0
2025-01-14,SPY,584.3599853515625,582.1900024414062,0.0,0.0
2025-01-15,SPY,590.3300170898438,592.780029296875,0.0,0.0
2025-01-16,SPY,594.1699829101562,591.6400146484375,0.0,0.0
2025-01-17,SPY,596.9600219726562,597.5800170898438,0.0,0.0
2025-01-21,SPY,600.6699829101562,603.0499877929688,0.0,0.0
2025-01-22,SPY,605.9199829101562,606.4400024414062,0.0,0.0
2025-01-23,SPY,605.7999877929688,609.75,0.0,0.0
2025-01-24,SPY,609.8099975585938,607.969970703125,0.0,0.0
2025-01-27,SPY,594.8099975585938,599.3699951171875,0.0,0.0
2025-01-28,SPY,600.6199951171875,604.52001953125,0.0,0.0
2025-01-29,SPY,603.719970703125,601.8099975585938,0.0,0.0
2025-01-30,SPY,603.9600219726562,605.0399780273438,0.0,0.0
2025-01-31,SPY,607.5,601.8200073242188,0.0,0.0
2025-02-03,SPY,592.6699829101562,597.77001953125,0.0,0.0
2025-02-04,SPY,597.8300170898438,601.780029296875,0.0,0.0
2025-02-05,SPY,600.6400146484375,604.219970703125,0.0,0.0
2025-02-06,SPY,605.989990234375,606.3200073242188,0.0,0.0
2025-02-07,SPY,606.8900146484375,600.77001953125,0.0,0.0
2025-02-10,SPY,604.030029296875,604.8499755859375,0.0,0.0
2025-02-11,SPY,602.5499877929688,605.3099975585938,0.0,0.0
2025-02-12,SPY,599.2000122070312,603.3599853515625,0.0,0.0
2025-02-13,SPY,604.47998046875,609.72998046875,0.0,0.0
2025-02-14,SPY,609.9400024414062,609.7000122070312,0.0,0.0
2025-02-18,SPY,610.8800048828125,611.489990234375,0.0,0.0
2025-02-19,SPY,610.0800170898438,612.9299926757812,0.0,0.0
2025-02-20,SPY,611.5399780273438,610.3800048828125,0.0,0.0
2025-02-21,SPY,610.1599731445312,599.9400024414062,0.0,0.0
2025-02-24,SPY,602.02001953125,597.2100219726562,0.0,0.0
2025-02-25,SPY,597.1500244140625,594.239990234375,0.0,0.0
2025-02-26,SPY,595.9299926757812,594.5399780273438,0.0,0.0
2025-02-27,SPY,596.8499755859375,585.0499877929688,0.0,0.0
2025-02-28,SPY,585.5599975585938,594.1799926757812,0.0,0.0
2025-03-03,SPY,596.1799926757812,583.77001953125,0.0,0.0
2025-03-04,SPY,579.7100219726562,576.8599853515625,0.0,0.0
2025-03-05,SPY,576.6900024414062,583.0599975585938,0.0,0.0
2025-03-06,SPY,575.47998046875,572.7100219726562,0.0,0.0
2025-03-07,SPY,570.9000244140625,575.9199829101562,0.0,0.0
2025-03-10,SPY,567.5900268554688,560.5800170898438,0.0,0.0
2025-03-11,SPY,559.4000244140625,555.9199829101562,0.0,0.0
2025-03-12,SPY,562.1699829101562,558.8699951171875,0.0,0.0
2025-03-13,SPY,558.489990234375,551.4199829101562,0.0,0.0
2025-03-14,SPY,556.1099853515625,562.8099975585938,0.0,0.0
2025-03-17,SPY,562.7899780273438,567.1500244140625,0.0,0.0
2025-03-18,SPY,564.7999877929688,561.02001953125,0.0,0.0
2025-03-19,SPY,562.8300170898438,567.1300048828125,0.0,0.0
2025-03-20,SPY,563.3300170898438,565.489990234375,0.0,0.0
2025-03-21,SPY,559.280029296875,563.97998046875,1.696,0.0
2025-03-24,SPY,570.7999877929688,574.0800170898438,0.0,0.0
2025-03-25,SPY,575.2999877929688,575.4600219726562,0.0,0.0
2025-03-26,SPY,575.1900024414062,568.5900268554688,0.0,0.0
2025-03-27,SPY,567.1799926757812,567.0800170898438,0.0,0.0
2025-03-28,SPY,565.530029296875,555.6599731445312,0.0,0.0
2025-03-31,SPY,549.8300170898438,559.3900146484375,0.0,0.0
2025-04-01,SPY,557.4500122070312,560.969970703125,0.0,0.0
2025-04-02,SPY,555.0499877929688,564.52001953125,0.0,0.0
2025-04-03,SPY,545.1099853515625,536.7000122070312,0.0,0.0
2025-04-04,SPY,523.6699829101562,505.2799987792969,0.0,0.0
2025-04-07,SPY,489.19000244140625,504.3800048828125,0.0,0.0
2025-04-08,SPY,521.8599853515625,496.4800109863281,0.0,0.0
2025-04-09,SPY,493.44000244140625,548.6199951171875,0.0,0.0
2025-04-10,SPY,532.1699829101562,524.5800170898438,0.0,0.0
2025-04-11,SPY,523.010009765625,533.9400024414062,0.0,0.0
2025-04-14,SPY,544.0499877929688,539.1199951171875,0.0,0.0
2025-04-15,SPY,539.6699829101562,537.6099853515625,0.0,0.0
2025-04-16,SPY,531.6799926757812,525.6599731445312,0.0,0.0
2025-04-17,SPY,527.6400146484375,526.4099731445312,0.0,0.0
2025-04-21,SPY,521.1599731445312,513.8800048828125,0.0,0.0
2025-04-22,SPY,520.1400146484375,527.25,0.0,0.0
2025-04-23,SPY,540.4299926757812,535.4199829101562,0.0,0.0
2025-04-24,SPY,536.719970703125,546.6900024414062,0.0,0.0
2025-04-25,SPY,546.6500244140625,550.6400146484375,0.0,0.0
2025-04-28,SPY,551.3900146484375,550.8499755859375,0.0,0.0
2025-04-29,SPY,548.9099731445312,554.3200073242188,0.0,0.0
2025-04-30,SPY,547.5700073242188,554.5399780273438,0.0,0.0
2025-05-01,SPY,560.3699951171875,558.469970703125,0.0,0.0
2025-05-02,SPY,564.72998046875,566.760009765625,0.0,0.0
2025-05-05,SPY,562.5700073242188,563.510009765625,0.0,0.0
2025-05-06,SPY,557.9299926757812,558.7999877929688,0.0,0.0
2025-05-07,SPY,560.1500244140625,561.1500244140625,0.0,0.0
2025-05-08,SPY,565.239990234375,565.0599975585938,0.0,0.0
2025-05-09,SPY,566.47998046875,564.3400268554688,0.0,0.0
2025-05-12,SPY,581.469970703125,582.989990234375,0.0,0.0
2025-05-13,SPY,583.4099731445312,586.8400268554688,0.0,0.0
2025-05-14,SPY,587.8099975585938,587.5900268554688,0.0,0.0
2025-05-15,SPY,585.5599975585938,590.4600219726562,0.0,0.0
2025-05-16,SPY,591.25,594.2000122070312,0.0,0.0
2025-05-19,SPY,588.0999755859375,594.8499755859375,0.0,0.0
2025-05-20,SPY,593.0900268554688,592.8499755859375,0.0,0.0
2025-05-21,SPY,588.4400024414062,582.8599853515625,0.0,0.0
2025-05-22,SPY,582.6599731445312,583.0900268554688,0.0,0.0
2025-05-23,SPY,575.97998046875,579.1099853515625,0.0,0.0
2025-05-27,SPY,586.0700073242188,591.1500244140625,0.0,0.0
2025-05-28,SPY,591.5599975585938,587.72998046875,0.0,0.0
2025-05-29,SPY,593.0599975585938,590.0499877929688,0.0,0.0
2025-05-30,SPY,588.9299926757812,589.3900146484375,0.0,0.0
2025-06-02,SPY,587.760009765625,592.7100219726562,0.0,0.0
2025-06-03,SPY,592.3400268554688,596.0900268554688,0.0,0.0
2025-06-04,SPY,596.9600219726562,595.9299926757812,0.0,0.0
2025-06-05,SPY,597.6300048828125,593.0499877929688,0.0,0.0
2025-06-06,SPY,598.6599731445312,599.1400146484375,0.0,0.0
2025-06-09,SPY,599.719970703125,599.6799926757812,0.0,0.0
2025-06-10,SPY,600.219970703125,603.0800170898438,0.0,0.0
2025-06-11,SPY,604.1900024414062,601.3599853515625,0.0,0.0
2025-06-12,SPY,600.010009765625,603.75,0.0,0.0
2025-06-13,SPY,598.5,597.0,0.0,0.0
2025-06-16,SPY,600.4000244140625,602.6799926757812,0.0,0.0
2025-06-17,SPY,600.2100219726562,597.530029296875,0.0,0.0
2025-06-18,SPY,598.4400024414062,597.4400024414062,0.0,0.0
2025-06-20,SPY,598.3800048828125,594.280029296875,1.761,0.0
2025-06-23,SPY,595.0399780273438,600.1500244140625,0.0,0.0
2025-06-24,SPY,604.3300170898438,606.780029296875,0.0,0.0
2025-06-25,SPY,607.9099731445312,607.1199951171875,0.0,0.0
2025-06-26,SPY,608.989990234375,611.8699951171875,0.0,0.0
2025-06-27,SPY,612.8800048828125,614.9099731445312,0.0,0.0
2025-06-30,SPY,617.3800048828125,617.8499755859375,0.0,0.0
2025-07-01,SPY,616.3599853515625,617.6500244140625,0.0,0.0
2025-07-02,SPY,617.239990234375,620.4500122070312,0.0,0.0
2025-07-03,SPY,622.4500122070312,625.3400268554688,0.0,0.0
2025-07-07,SPY,623.3599853515625,620.6799926757812,0.0,0.0
2025-07-08,SPY,621.3499755859375,620.3400268554688,0.0,0.0
2025-07-09,SPY,622.77001953125,624.0599975585938,0.0,0.0
2025-07-10,SPY,624.2000122070312,625.8200073242188,0.0,0.0
2025-07-11,SPY,622.739990234375,623.6199951171875,0.0,0.0
2025-07-14,SPY,623.1599731445312,624.8099975585938,0.0,0.0
2025-07-15,SPY,627.52001953125,622.1400146484375,0.0,0.0
2025-07-16,SPY,623.739990234375,624.219970703125,0.0,0.0
2025-07-17,SPY,624.4000244140625,628.0399780273438,0.0,0.0
2025-07-18,SPY,629.2999877929688,627.5800170898438,0.0,0.0
2025-07-21,SPY,628.77001953125,628.77001953125,0.0,0.0
2025-07-22,SPY,629.0999755859375,628.8599853515625,0.0,0.0
2025-07-23,SPY,631.5499877929688,634.2100219726562,0.0,0.0
2025-07-24,SPY,634.5999755859375,634.4199829101562,0.0,0.0
2025-07-25,SPY,635.0900268554688,637.0999755859375,0.0,0.0
2025-07-28,SPY,637.47998046875,636.9400024414062,0.0,0.0
2025-07-29,SPY,638.3499755859375,635.260009765625,0.0,0.0
2025-07-30,SPY,635.9199829101562,634.4600219726562,0.0,0.0
2025-07-31,SPY,639.4600219726562,632.0800170898438,0.0,0.0
2025-08-01,SPY,626.2999877929688,621.719970703125,0.0,0.0
2025-08-04,SPY,625.6699829101562,631.1699829101562,0.0,0.0
2025-08-05,SPY,631.7899780273438,627.969970703125,0.0,0.0
2025-08-06,SPY,629.0499877929688,632.780029296875,0.0,0.0
2025-08-07,SPY,636.239990234375,632.25,0.0,0.0
2025-08-08,SPY,634.0599975585938,637.1799926757812,0.0,0.0
2025-08-11,SPY,637.4600219726562,635.9199829101562,0.0,0.0
2025-08-12,SPY,638.2899780273438,642.6900024414062,0.0,0.0
2025-08-13,SPY,644.9099731445312,644.8900146484375,0.0,0.0
2025-08-14,SPY,642.7899780273438,644.9500122070312,0.0,0.0
2025-08-15,SPY,645.989990234375,643.4400024414062,0.0,0.0
2025-08-18,SPY,642.8599853515625,643.2999877929688,0.0,0.0
2025-08-19,SPY,643.1199951171875,639.8099975585938,0.0,0.0
2025-08-20,SPY,639.4000244140625,638.1099853515625,0.0,0.0
2025-08-21,SPY,636.280029296875,635.5499877929688,0.0,0.0
2025-08-22,SPY,637.760009765625,645.3099975585938,0.0,0.0
2025-08-25,SPY,644.0399780273438,642.469970703125,0.0,0.0
2025-08-26,SPY,642.2000122070312,645.1599731445312,0.0,0.0
2025-08-27,SPY,644.5700073242188,646.6300048828125,0.0,0.0
2025-08-28,SPY,647.239990234375,648.9199829101562,0.0,0.0
2025-08-29,SPY,647.469970703125,645.0499877929688,0.0,0.0
2025-09-02,SPY,637.5,640.27001953125,0.0,0.0
2025-09-03,SPY,642.6699829101562,643.739990234375,0.0,0.0
2025-09-04,SPY,644.4199829101562,649.1199951171875,0.0,0.0
2025-09-05,SPY,651.47998046875,647.239990234375,0.0,0.0
2025-09-08,SPY,648.6199951171875,648.8300170898438,0.0,0.0
2025-09-09,SPY,648.969970703125,650.3300170898438,0.0,0.0
2025-09-10,SPY,653.6199951171875,652.2100219726562,0.0,0.0
2025-09-11,SPY,654.1799926757812,657.6300048828125,0.0,0.0
2025-09-12,SPY,657.5999755859375,657.4099731445312,0.0,0.0
2025-09-15,SPY,659.6400146484375,660.9099731445312,0.0,0.0
2025-09-16,SPY,661.469970703125,660.0,0.0,0.0
2025-09-17,SPY,660.010009765625,659.1799926757812,0.0,0.0
2025-09-18,SPY,661.8900146484375,662.260009765625,0.0,0.0
2025-09-19,SPY,662.3300170898438,663.7000122070312,1.831,0.0
2025-09-22,SPY,662.2000122070312,666.8400268554688,0.0,0.0
2025-09-23,SPY,666.719970703125,663.2100219726562,0.0,0.0
2025-09-24,SPY,664.510009765625,661.0999755859375,0.0,0.0
2025-09-25,SPY,657.9400024414062,658.0499877929688,0.0,0.0
2025-09-26,SPY,659.510009765625,661.8200073242188,0.0,0.0
2025-09-29,SPY,664.3599853515625,663.6799926757812,0.0,0.0
2025-09-30,SPY,662.9299926757812,666.1799926757812,0.0,0.0
2025-10-01,SPY,663.1699829101562,668.4500122070312,0.0,0.0
2025-10-02,SPY,670.4500122070312,669.219970703125,0.0,0.0
2025-10-03,SPY,669.989990234375,669.2100219726562,0.0,0.0
2025-10-06,SPY,671.6199951171875,671.6099853515625,0.0,0.0
2025-10-07,SPY,672.5399780273438,669.1199951171875,0.0,0.0
2025-10-08,SPY,670.25,673.1099853515625,0.0,0.0
2025-10-09,SPY,673.530029296875,671.1599731445312,0.0,0.0
2025-10-10,SPY,672.1300048828125,653.02001953125,0.0,0.0
2025-10-13,SPY,660.6500244140625,663.0399780273438,0.0,0.0
2025-10-14,SPY,657.1699829101562,662.22998046875,0.0,0.0
2025-10-15,SPY,666.8200073242188,665.1699829101562,0.0,0.0
2025-10-16,SPY,666.8200073242188,660.6400146484375,0.0,0.0
2025-10-17,SPY,659.5,664.3900146484375,0.0,0.0
2025-10-20,SPY,667.3200073242188,671.2999877929688,0.0,0.0
2025-10-21,SPY,671.4400024414062,671.2899780273438,0.0,0.0
2025-10-22,SPY,672.0,667.7999877929688,0.0,0.0
2025-10-23,SPY,668.1199951171875,671.760009765625,0.0,0.0
2025-10-24,SPY,676.4600219726562,677.25,0.0,0.0
2025-10-27,SPY,682.72998046875,685.239990234375,0.0,0.0
2025-10-28,SPY,687.0499877929688,687.0599975585938,0.0,0.0
2025-10-29,SPY,688.719970703125,687.3900146484375,0.0,0.0
2025-10-30,SPY,683.9000244140625,679.8300170898438,0.0,0.0
2025-10-31,SPY,685.0399780273438,682.0599975585938,0.0,0.0
2025-11-03,SPY,685.6699829101562,683.3400268554688,0.0,0.0
2025-11-04,SPY,676.1099853515625,675.239990234375,0.0,0.0
2025-11-05,SPY,674.97998046875,677.5800170898438,0.0,0.0
2025-11-06,SPY,676.469970703125,670.3099975585938,0.0,0.0
2025-11-07,SPY,667.9099731445312,670.969970703125,0.0,0.0
2025-11-10,SPY,677.239990234375,681.4400024414062,0.0,0.0
2025-11-11,SPY,679.9500122070312,683.0,0.0,0.0
2025-11-12,SPY,684.7899780273438,683.3800048828125,0.0,0.0
2025-11-13,SPY,680.5,672.0399780273438,0.0,0.0
2025-11-14,SPY,665.3800048828125,671.9299926757812,0.0,0.0
2025-11-17,SPY,669.7000122070312,665.6699829101562,0.0,0.0
2025-11-18,SPY,662.0999755859375,660.0800170898438,0.0,0.0
2025-11-19,SPY,660.780029296875,662.6300048828125,0.0,0.0
2025-11-20,SPY,672.9099731445312,652.530029296875,0.0,0.0
2025-11-21,SPY,655.0499877929688,659.030029296875,0.0,0.0
2025-11-24,SPY,662.6900024414062,668.72998046875,0.0,0.0
2025-11-25,SPY,668.6300048828125,675.02001953125,0.0,0.0
2025-11-26,SPY,677.6300048828125,679.6799926757812,0.0,0.0
2025-11-28,SPY,680.8599853515625,683.3900146484375,0.0,0.0
2025-12-01,SPY,678.8099975585938,680.27001953125,0.0,0.0
2025-12-02,SPY,681.9199829101562,681.530029296875,0.0,0.0
2025-12-03,SPY,680.5700073242188,683.8900146484375,0.0,0.0
2025-12-04,SPY,685.2999877929688,684.3900146484375,0.0,0.0
2025-12-05,SPY,685.469970703125,685.6900024414062,0.0,0.0
2025-12-08,SPY,686.5900268554688,683.6300048828125,0.0,0.0
2025-12-09,SPY,683.1500244140625,683.0399780273438,0.0,0.0
2025-12-10,SPY,682.5599975585938,687.5700073242188,0.0,0.0
2025-12-11,SPY,685.1400146484375,689.1699829101562,0.0,0.0
2025-12-12,SPY,688.1699829101562,681.760009765625,0.0,0.0
2025-12-15,SPY,685.739990234375,680.72998046875,0.0,0.0
2025-12-16,SPY,679.22998046875,678.8699951171875,0.0,0.0
2025-12-17,SPY,679.8900146484375,671.4000244140625,0.0,0.0
2025-12-18,SPY,677.5999755859375,676.469970703125,0.0,0.0
2025-12-19,SPY,676.5900268554688,680.5900268554688,1.993,0.0
2025-12-22,SPY,683.9400024414062,684.8300170898438,0.0,0.0
2025-12-23,SPY,683.9199829101562,687.9600219726562,0.0,0.0
2025-12-24,SPY,687.9500122070312,690.3800048828125,0.0,0.0
2025-12-26,SPY,690.6400146484375,690.3099975585938,0.0,0.0
2025-12-29,SPY,687.5399780273438,687.8499755859375,0.0,0.0
2025-12-30,SPY,687.4500122070312,687.010009765625,0.0,0.0
2025-12-31,SPY,687.1400146484375,681.9199829101562,0.0,0.0
2026-01-02,SPY,685.7100219726562,683.1699829101562,0.0,0.0
2026-01-05,SPY,686.5399780273438,687.719970703125,0.0,0.0
2026-01-06,SPY,687.9299926757812,691.8099975585938,0.0,0.0
2026-01-07,SPY,692.1900024414062,689.5800170898438,0.0,0.0
2026-01-08,SPY,688.8200073242188,689.510009765625,0.0,0.0
2026-01-09,SPY,690.6300048828125,694.0700073242188,0.0,0.0
2026-01-12,SPY,690.6799926757812,695.1599731445312,0.0,0.0
2026-01-13,SPY,695.489990234375,693.77001953125,0.0,0.0
2026-01-14,SPY,691.0,690.3599853515625,0.0,0.0
2026-01-15,SPY,694.5700073242188,692.239990234375,0.0,0.0
2026-01-16,SPY,693.6599731445312,691.6599731445312,0.0,0.0
2026-01-20,SPY,681.489990234375,677.5800170898438,0.0,0.0
2026-01-21,SPY,679.6500244140625,685.4000244140625,0.0,0.0
2026-01-22,SPY,689.8499755859375,688.97998046875,0.0,0.0
2026-01-23,SPY,688.1500244140625,689.22998046875,0.0,0.0
2026-01-26,SPY,690.489990234375,692.72998046875,0.0,0.0
2026-01-27,SPY,694.1799926757812,695.489990234375,0.0,0.0
2026-01-28,SPY,697.0499877929688,695.4199829101562,0.0,0.0
2026-01-29,SPY,696.3900146484375,694.0399780273438,0.0,0.0
2026-01-30,SPY,691.7899780273438,691.969970703125,0.0,0.0
2026-02-02,SPY,689.5800170898438,695.4099731445312,0.0,0.0
2026-02-03,SPY,696.2100219726562,689.530029296875,0.0,0.0
2026-02-04,SPY,690.3499755859375,686.1900024414062,0.0,0.0
2026-02-05,SPY,680.9400024414062,677.6199951171875,0.0,0.0
2026-02-06,SPY,681.4600219726562,690.6199951171875,0.0,0.0
2026-02-09,SPY,689.4199829101562,693.9500122070312,0.0,0.0
2026-02-10,SPY,694.9500122070312,692.1199951171875,0.0,0.0
2026-02-11,SPY,696.3900146484375,691.9600219726562,0.0,0.0
2026-02-12,SPY,694.239990234375,681.27001953125,0.0,0.0
2026-02-13,SPY,681.6900024414062,681.75,0.0,0.0
2026-02-17,SPY,680.1400146484375,682.8499755859375,0.0,0.0
2026-02-18,SPY,684.02001953125,686.2899780273438,0.0,0.0
2026-02-19,SPY,683.8400268554688,684.47998046875,0.0,0.0
2026-02-20,SPY,682.3200073242188,689.4299926757812,0.0,0.0
2026-02-23,SPY,687.8300170898438,682.3900146484375,0.0,0.0
2026-02-24,SPY,681.9000244140625,687.3499755859375,0.0,0.0
2026-02-25,SPY,690.1799926757812,693.1500244140625,0.0,0.0
2026-02-26,SPY,693.280029296875,689.2999877929688,0.0,0.0
2026-02-27,SPY,683.0900268554688,685.989990234375,0.0,0.0
2026-03-02,SPY,678.7000122070312,686.3800048828125,0.0,0.0
2026-03-03,SPY,675.0599975585938,680.3300170898438,0.0,0.0
2026-03-04,SPY,681.6300048828125,685.1300048828125,0.0,0.0
2026-03-05,SPY,682.0800170898438,681.3099975585938,0.0,0.0
2026-03-06,SPY,673.4099731445312,672.3800048828125,0.0,0.0
2026-03-09,SPY,666.3900146484375,678.27001953125,0.0,0.0
2026-03-10,SPY,677.719970703125,677.1799926757812,0.0,0.0
2026-03-11,SPY,677.5800170898438,676.3300170898438,0.0,0.0
2026-03-12,SPY,671.1599731445312,666.0599975585938,0.0,0.0
2026-03-13,SPY,669.27001953125,662.2899780273438,0.0,0.0
2026-03-16,SPY,668.3800048828125,669.030029296875,0.0,0.0
2026-03-17,SPY,672.3900146484375,670.7899780273438,0.0,0.0
2026-03-18,SPY,668.3599853515625,661.4299926757812,0.0,0.0
2026-03-19,SPY,656.969970703125,659.7999877929688,0.0,0.0
2026-03-20,SPY,656.510009765625,648.5700073242188,1.797,0.0
2026-03-23,SPY,658.0700073242188,655.3800048828125,0.0,0.0
2026-03-24,SPY,651.3200073242188,653.1799926757812,0.0,0.0
2026-03-25,SPY,658.6699829101562,656.8200073242188,0.0,0.0
2026-03-26,SPY,652.0599975585938,645.0900268554688,0.0,0.0
2026-03-27,SPY,642.5,634.0900268554688,0.0,0.0
2026-03-30,SPY,640.1099853515625,631.969970703125,0.0,0.0
2026-03-31,SPY,638.9400024414062,650.3400268554688,0.0,0.0
2026-04-01,SPY,653.9000244140625,655.239990234375,0.0,0.0
2026-04-02,SPY,646.4199829101562,655.8300170898438,0.0,0.0
2026-04-06,SPY,655.8599853515625,658.9299926757812,0.0,0.0
2026-04-07,SPY,656.6500244140625,659.219970703125,0.0,0.0
2026-04-08,SPY,676.3900146484375,676.010009765625,0.0,0.0
2026-04-09,SPY,674.8400268554688,679.9099731445312,0.0,0.0
2026-04-10,SPY,681.3200073242188,679.4600219726562,0.0,0.0
2026-04-13,SPY,677.4099731445312,686.0999755859375,0.0,0.0
2026-04-14,SPY,687.6900024414062,694.4600219726562,0.0,0.0
2026-04-15,SPY,695.260009765625,699.9400024414062,0.0,0.0
2026-04-16,SPY,701.0599975585938,701.6599731445312,0.0,0.0
2026-04-17,SPY,706.1400146484375,710.1400146484375,0.0,0.0
2026-04-20,SPY,708.780029296875,708.719970703125,0.0,0.0
2026-04-21,SPY,710.280029296875,704.0800170898438,0.0,0.0
2026-04-22,SPY,709.1500244140625,711.2100219726562,0.0,0.0
2026-04-23,SPY,709.5,708.4500122070312,0.0,0.0
2026-04-24,SPY,710.75,713.9400024414062,0.0,0.0
2026-04-27,SPY,713.1699829101562,715.1699829101562,0.0,0.0
2026-04-28,SPY,711.8200073242188,711.6900024414062,0.0,0.0
2026-04-29,SPY,711.0,711.5800170898438,0.0,0.0
2026-04-30,SPY,714.6300048828125,718.6599731445312,0.0,0.0
2026-05-01,SPY,721.25,720.6500244140625,0.0,0.0
2026-05-04,SPY,720.0700073242188,718.010009765625,0.0,0.0
2026-05-05,SPY,721.77001953125,723.77001953125,0.0,0.0
2026-05-06,SPY,728.1599731445312,733.8300170898438,0.0,0.0
2026-05-07,SPY,735.0499877929688,731.5800170898438,0.0,0.0
2026-05-08,SPY,734.9299926757812,737.6199951171875,0.0,0.0
2026-05-11,SPY,736.4500122070312,739.2999877929688,0.0,0.0
2026-05-12,SPY,736.8900146484375,738.1799926757812,0.0,0.0
2026-05-13,SPY,738.469970703125,742.3099975585938,0.0,0.0
2026-05-14,SPY,743.6500244140625,748.1699829101562,0.0,0.0
2026-05-15,SPY,741.7899780273438,739.1699829101562,0.0,0.0
2026-05-18,SPY,739.8300170898438,738.6500244140625,0.0,0.0
2026-05-19,SPY,734.780029296875,733.72998046875,0.0,0.0
2026-05-20,SPY,735.7100219726562,741.25,0.0,0.0
2026-05-21,SPY,738.6400146484375,742.719970703125,0.0,0.0
2026-05-22,SPY,746.239990234375,745.6400146484375,0.0,0.0
2026-05-26,SPY,750.010009765625,750.5900268554688,0.0,0.0
2026-05-27,SPY,750.8800048828125,750.4600219726562,0.0,0.0
2026-05-28,SPY,750.25,754.5999755859375,0.0,0.0
2026-05-29,SPY,755.9000244140625,756.47998046875,0.0,0.0
2026-06-01,SPY,755.3599853515625,758.5399780273438,0.0,0.0
2026-06-02,SPY,757.030029296875,759.5700073242188,0.0,0.0
2026-06-03,SPY,758.1500244140625,754.239990234375,0.0,0.0
2026-06-04,SPY,752.0999755859375,757.0900268554688,0.0,0.0
2026-06-05,SPY,752.3099975585938,737.5499877929688,0.0,0.0
2026-06-08,SPY,743.3599853515625,739.219970703125,0.0,0.0
2026-06-09,SPY,743.6300048828125,737.0499877929688,0.0,0.0
2026-06-10,SPY,733.3900146484375,725.4299926757812,0.0,0.0
2026-06-11,SPY,728.760009765625,737.760009765625,0.0,0.0
2026-06-12,SPY,740.7100219726562,741.75,0.0,0.0
2026-06-15,SPY,751.8499755859375,754.8300170898438,0.0,0.0
2026-06-16,SPY,754.5499877929688,750.3300170898438,0.0,0.0
2026-06-17,SPY,751.2899780273438,740.9600219726562,0.0,0.0
2026-06-18,SPY,747.760009765625,746.739990234375,1.904,0.0
2026-06-22,SPY,747.7000122070312,744.3900146484375,0.0,0.0
2026-06-23,SPY,733.8099975585938,733.5800170898438,0.0,0.0
2026-06-24,SPY,735.1699829101562,733.239990234375,0.0,0.0
2026-06-25,SPY,738.9099731445312,734.2999877929688,0.0,0.0
2026-06-26,SPY,728.9500122070312,728.989990234375,0.0,0.0
2026-06-29,SPY,736.530029296875,741.0,0.0,0.0
2026-06-30,SPY,741.2899780273438,746.77001953125,0.0,0.0
2026-07-01,SPY,745.0,745.760009765625,0.0,0.0
2026-07-02,SPY,747.4000244140625,744.780029296875,0.0,0.0
2026-07-06,SPY,748.739990234375,751.280029296875,0.0,0.0
2026-07-07,SPY,750.219970703125,747.7100219726562,0.0,0.0
2026-07-08,SPY,743.1599731445312,745.4000244140625,0.0,0.0
2026-07-09,SPY,747.3499755859375,751.7100219726562,0.0,0.0
2026-07-10,SPY,752.0499877929688,754.9500122070312,0.0,0.0
2026-07-13,SPY,752.469970703125,749.1699829101562,0.0,0.0
2026-07-14,SPY,750.9099731445312,751.8300170898438,0.0,0.0
2026-07-15,SPY,754.239990234375,754.8099975585938,0.0,0.0
2026-07-16,SPY,752.760009765625,750.719970703125,0.0,0.0
2026-07-17,SPY,742.0800170898438,743.2899780273438,0.0,0.0
2026-07-20,SPY,747.0599975585938,742.0900268554688,0.0,0.0
2026-07-21,SPY,746.2899780273438,748.280029296875,0.0,0.0
2026-07-22,SPY,746.6199951171875,747.4099731445312,0.0,0.0
2026-07-23,SPY,739.3699951171875,738.1799926757812,0.0,0.0
2026-07-24,SPY,738.510009765625,738.9299926757812,0.0,0.0
2026-07-27,SPY,744.9099731445312,739.0900268554688,0.0,0.0
2026-07-28,SPY,739.1900024414062,740.8599853515625,0.0,0.0
2026-07-29,SPY,739.969970703125,729.4600219726562,0.0,0.0
2026-07-30,SPY,736.0499877929688,741.6900024414062,0.0,0.0
2026-07-31,SPY,744.6799926757812,747.030029296875,0.0,0.0
2026-08-03,SPY,749.4400024414062,757.6699829101562,0.0,0.0
2026-08-04,SPY,760.6300048828125,771.3300170898438,0.0,0.0
2026-08-05,SPY,775.8499755859375,769.7899780273438,0.0,0.0
2026-08-06,SPY,770.2100219726562,768.5599975585938,0.0,0.0
2026-08-07,SPY,771.02001953125,773.260009765625,0.0,0.0
2026-08-10,SPY,772.5999755859375,773.030029296875,0.0,0.0
2026-08-11,SPY,774.530029296875,770.5599975585938,0.0,0.0
2026-08-12,SPY,774.7100219726562,772.489990234375,0.0,0.0
2026-08-13,SPY,774.8699951171875,777.8800048828125,0.0,0.0
2026-08-14,SPY,778.5399780273438,776.3400268554688,0.0,0.0
2026-08-17,SPY,776.1799926757812,772.6699829101562,0.0,0.0
2026-08-18,SPY,768.7000122070312,767.4500122070312,0.0,0.0
2026-08-19,SPY,770.3599853515625,769.0599975585938,0.0,0.0
2026-08-20,SPY,765.9600219726562,762.5999755859375,0.0,0.0
2026-08-21,SPY,766.0499877929688,765.719970703125,0.0,0.0
2026-08-24,SPY,764.780029296875,763.469970703125,0.0,0.0
2026-08-25,SPY,766.1599731445312,765.9099731445312,0.0,0.0
2026-08-26,SPY,764.72998046875,766.0800170898438,0.0,0.0
2026-08-27,SPY,768.5,771.0999755859375,0.0,0.0
2026-08-28,SPY,771.760009765625,769.3499755859375,0.0,0.0
2024-08-29,TSLA,209.8000030517578,206.27999877929688,0.0,0.0
2024-08-30,TSLA,208.6300048828125,214.11000061035156,0.0,0.0
2024-09-03,TSLA,215.25999450683594,210.60000610351562,0.0,0.0
2024-09-04,TSLA,210.58999633789062,219.41000366210938,0.0,0.0
2024-09-05,TSLA,223.49000549316406,230.1699981689453,0.0,0.0
2024-09-06,TSLA,232.60000610351562,210.72999572753906,0.0,0.0
2024-09-09,TSLA,216.1999969482422,216.27000427246094,0.0,0.0
2024-09-10,TSLA,220.07000732421875,226.1699981689453,0.0,0.0
2024-09-11,TSLA,224.5500030517578,228.1300048828125,0.0,0.0
2024-09-12,TSLA,224.66000366210938,229.80999755859375,0.0,0.0
2024-09-13,TSLA,228.0,230.2899932861328,0.0,0.0
2024-09-16,TSLA,229.3000030517578,226.77999877929688,0.0,0.0
2024-09-17,TSLA,229.4499969482422,227.8699951171875,0.0,0.0
2024-09-18,TSLA,230.08999633789062,227.1999969482422,0.0,0.0
2024-09-19,TSLA,234.0,243.9199981689453,0.0,0.0
2024-09-20,TSLA,241.52000427246094,238.25,0.0,0.0
2024-09-23,TSLA,242.61000061035156,250.0,0.0,0.0
2024-09-24,TSLA,254.0800018310547,254.27000427246094,0.0,0.0
2024-09-25,TSLA,252.5399932861328,257.0199890136719,0.0,0.0
2024-09-26,TSLA,260.6000061035156,254.22000122070312,0.0,0.0
2024-09-27,TSLA,257.3800048828125,260.4599914550781,0.0,0.0
2024-09-30,TSLA,259.0400085449219,261.6300048828125,0.0,0.0
2024-10-01,TSLA,262.6700134277344,258.0199890136719,0.0,0.0
2024-10-02,TSLA,247.5500030517578,249.02000427246094,0.0,0.0
2024-10-03,TSLA,244.47999572753906,240.66000366210938,0.0,0.0
2024-10-04,TSLA,246.69000244140625,250.0800018310547,0.0,0.0
2024-10-07,TSLA,249.0,240.8300018310547,0.0,0.0
2024-10-08,TSLA,243.55999755859375,244.5,0.0,0.0
2024-10-09,TSLA,243.82000732421875,241.0500030517578,0.0,0.0
2024-10-10,TSLA,241.80999755859375,238.77000427246094,0.0,0.0
2024-10-11,TSLA,220.1300048828125,217.8000030517578,0.0,0.0
2024-10-14,TSLA,220.1300048828125,219.16000366210938,0.0,0.0
2024-10-15,TSLA,220.00999450683594,219.57000732421875,0.0,0.0
2024-10-16,TSLA,221.39999389648438,221.3300018310547,0.0,0.0
2024-10-17,TSLA,221.58999633789062,220.88999938964844,0.0,0.0
2024-10-18,TSLA,220.7100067138672,220.6999969482422,0.0,0.0
2024-10-21,TSLA,218.89999389648438,218.85000610351562,0.0,0.0
2024-10-22,TSLA,217.30999755859375,217.97000122070312,0.0,0.0
2024-10-23,TSLA,217.1300048828125,213.64999389648438,0.0,0.0
2024-10-24,TSLA,244.67999267578125,260.4800109863281,0.0,0.0
2024-10-25,TSLA,256.010009765625,269.19000244140625,0.0,0.0
2024-10-28,TSLA,270.0,262.510009765625,0.0,0.0
2024-10-29,TSLA,264.510009765625,259.5199890136719,0.0,0.0
2024-10-30,TSLA,258.0400085449219,257.54998779296875,0.0,0.0
2024-10-31,TSLA,257.989990234375,249.85000610351562,0.0,0.0
2024-11-01,TSLA,252.0399932861328,248.97999572753906,0.0,0.0
2024-11-04,TSLA,244.55999755859375,242.83999633789062,0.0,0.0
2024-11-05,TSLA,247.33999633789062,251.44000244140625,0.0,0.0
2024-11-06,TSLA,284.6700134277344,288.5299987792969,0.0,0.0
2024-11-07,TSLA,288.8900146484375,296.9100036621094,0.0,0.0
2024-11-08,TSLA,299.1400146484375,321.2200012207031,0.0,0.0
2024-11-11,TSLA,346.29998779296875,350.0,0.0,0.0
2024-11-12,TSLA,342.739990234375,328.489990234375,0.0,0.0
2024-11-13,TSLA,335.8500061035156,330.239990234375,0.0,0.0
2024-11-14,TSLA,327.69000244140625,311.17999267578125,0.0,0.0
2024-11-15,TSLA,310.57000732421875,320.7200012207031,0.0,0.0
2024-11-18,TSLA,340.7300109863281,338.739990234375,0.0,0.0
2024-11-19,TSLA,335.760009765625,346.0,0.0,0.0
2024-11-20,TSLA,345.0,342.0299987792969,0.0,0.0
2024-11-21,TSLA,343.80999755859375,339.6400146484375,0.0,0.0
2024-11-22,TSLA,341.0899963378906,352.55999755859375,0.0,0.0
2024-11-25,TSLA,360.1400146484375,338.5899963378906,0.0,0.0
2024-11-26,TSLA,341.0,338.2300109863281,0.0,0.0
2024-11-27,TSLA,341.79998779296875,332.8900146484375,0.0,0.0
2024-11-29,TSLA,336.0799865722656,345.1600036621094,0.0,0.0
2024-12-02,TSLA,352.3800048828125,357.0899963378906,0.0,0.0
2024-12-03,TSLA,351.79998779296875,351.4200134277344,0.0,0.0
2024-12-04,TSLA,353.0,357.92999267578125,0.0,0.0
2024-12-05,TSLA,359.8699951171875,369.489990234375,0.0,0.0
2024-12-06,TSLA,377.4200134277344,389.2200012207031,0.0,0.0
2024-12-09,TSLA,397.6099853515625,389.7900085449219,0.0,0.0
2024-12-10,TSLA,392.67999267578125,400.989990234375,0.0,0.0
2024-12-11,TSLA,409.70001220703125,424.7699890136719,0.0,0.0
2024-12-12,TSLA,424.8399963378906,418.1000061035156,0.0,0.0
2024-12-13,TSLA,420.0,436.2300109863281,0.0,0.0
2024-12-16,TSLA,441.0899963378906,463.0199890136719,0.0,0.0
2024-12-17,TSLA,475.8999938964844,479.8599853515625,0.0,0.0
2024-12-18,TSLA,466.5,440.1300048828125,0.0,0.0
2024-12-19,TSLA,451.8800048828125,436.1700134277344,0.0,0.0
2024-12-20,TSLA,425.510009765625,421.05999755859375,0.0,0.0
2024-12-23,TSLA,431.0,430.6000061035156,0.0,0.0
2024-12-24,TSLA,435.8999938964844,462.2799987792969,0.0,0.0
2024-12-26,TSLA,465.1600036621094,454.1300048828125,0.0,0.0
2024-12-27,TSLA,449.5199890136719,431.6600036621094,0.0,0.0
2024-12-30,TSLA,419.3999938964844,417.4100036621094,0.0,0.0
2024-12-31,TSLA,423.7900085449219,403.8399963378906,0.0,0.0
2025-01-02,TSLA,390.1000061035156,379.2799987792969,0.0,0.0
2025-01-03,TSLA,381.4800109863281,410.44000244140625,0.0,0.0
2025-01-06,TSLA,423.20001220703125,411.04998779296875,0.0,0.0
2025-01-07,TSLA,405.8299865722656,394.3599853515625,0.0,0.0
2025-01-08,TSLA,392.95001220703125,394.94000244140625,0.0,0.0
2025-01-10,TSLA,391.3999938964844,394.739990234375,0.0,0.0
2025-01-13,TSLA,383.2099914550781,403.30999755859375,0.0,0.0
2025-01-14,TSLA,414.3399963378906,396.3599853515625,0.0,0.0
2025-01-15,TSLA,409.8999938964844,428.2200012207031,0.0,0.0
2025-01-16,TSLA,423.489990234375,413.82000732421875,0.0,0.0
2025-01-17,TSLA,421.5,426.5,0.0,0.0
2025-01-21,TSLA,432.6400146484375,424.07000732421875,0.0,0.0
2025-01-22,TSLA,416.80999755859375,415.1099853515625,0.0,0.0
2025-01-23,TSLA,416.05999755859375,412.3800048828125,0.0,0.0
2025-01-24,TSLA,414.45001220703125,406.5799865722656,0.0,0.0
2025-01-27,TSLA,394.79998779296875,397.1499938964844,0.0,0.0
2025-01-28,TSLA,396.9100036621094,398.0899963378906,0.0,0.0
2025-01-29,TSLA,395.2099914550781,389.1000061035156,0.0,0.0
2025-01-30,TSLA,410.7799987792969,400.2799987792969,0.0,0.0
2025-01-31,TSLA,401.5299987792969,404.6000061035156,0.0,0.0
2025-02-03,TSLA,386.67999267578125,383.67999267578125,0.0,0.0
2025-02-04,TSLA,382.6300048828125,392.2099914550781,0.0,0.0
2025-02-05,TSLA,387.510009765625,378.1700134277344,0.0,0.0
2025-02-06,TSLA,373.0299987792969,374.32000732421875,0.0,0.0
2025-02-07,TSLA,370.19000244140625,361.6199951171875,0.0,0.0
2025-02-10,TSLA,356.2099914550781,350.7300109863281,0.0,0.0
2025-02-11,TSLA,345.79998779296875,328.5,0.0,0.0
2025-02-12,TSLA,329.94000244140625,336.510009765625,0.0,0.0
2025-02-13,TSLA,345.0,355.94000244140625,0.0,0.0
2025-02-14,TSLA,360.6199951171875,355.8399963378906,0.0,0.0
2025-02-18,TSLA,355.010009765625,354.1099853515625,0.0,0.0
2025-02-19,TSLA,354.0,360.55999755859375,0.0,0.0
2025-02-20,TSLA,361.510009765625,354.3999938964844,0.0,0.0
2025-02-21,TSLA,353.44000244140625,337.79998779296875,0.0,0.0
2025-02-24,TSLA,338.1400146484375,330.5299987792969,0.0,0.0
2025-02-25,TSLA,327.0199890136719,302.79998779296875,0.0,0.0
2025-02-26,TSLA,303.7099914550781,290.79998779296875,0.0,0.0
2025-02-27,TSLA,291.1600036621094,281.95001220703125,0.0,0.0
2025-02-28,TSLA,279.5,292.9800109863281,0.0,0.0
2025-03-03,TSLA,300.3399963378906,284.6499938964844,0.0,0.0
2025-03-04,TSLA,270.92999267578125,272.0400085449219,0.0,0.0
2025-03-05,TSLA,272.9200134277344,279.1000061035156,0.0,0.0
2025-03-06,TSLA,272.05999755859375,263.45001220703125,0.0,0.0
2025-03-07,TSLA,259.32000732421875,262.6700134277344,0.0,0.0
2025-03-10,TSLA,252.5399932861328,222.14999389648438,0.0,0.0
2025-03-11,TSLA,225.30999755859375,230.5800018310547,0.0,0.0
2025-03-12,TSLA,247.22000122070312,248.08999633789062,0.0,0.0
2025-03-13,TSLA,248.1300048828125,240.67999267578125,0.0,0.0
2025-03-14,TSLA,247.30999755859375,249.97999572753906,0.0,0.0
2025-03-17,TSLA,245.05999755859375,238.00999450683594,0.0,0.0
2025-03-18,TSLA,228.16000366210938,225.30999755859375,0.0,0.0
2025-03-19,TSLA,231.61000061035156,235.86000061035156,0.0,0.0
2025-03-20,TSLA,233.35000610351562,236.25999450683594,0.0,0.0
2025-03-21,TSLA,234.99000549316406,248.7100067138672,0.0,0.0
2025-03-24,TSLA,258.0799865722656,278.3900146484375,0.0,0.0
2025-03-25,TSLA,283.6000061035156,288.1400146484375,0.0,0.0
2025-03-26,TSLA,282.6600036621094,272.05999755859375,0.0,0.0
2025-03-27,TSLA,272.4800109863281,273.1300048828125,0.0,0.0
2025-03-28,TSLA,275.5799865722656,263.54998779296875,0.0,0.0
2025-03-31,TSLA,249.30999755859375,259.1600036621094,0.0,0.0
2025-04-01,TSLA,263.79998779296875,268.4599914550781,0.0,0.0
2025-04-02,TSLA,254.60000610351562,282.760009765625,0.0,0.0
2025-04-03,TSLA,265.2900085449219,267.2799987792969,0.0,0.0
2025-04-04,TSLA,255.3800048828125,239.42999267578125,0.0,0.0
2025-04-07,TSLA,223.77999877929688,233.2899932861328,0.0,0.0
2025-04-08,TSLA,245.0,221.86000061035156,0.0,0.0
2025-04-09,TSLA,224.69000244140625,272.20001220703125,0.0,0.0
2025-04-10,TSLA,260.0,252.39999389648438,0.0,0.0
2025-04-11,TSLA,251.83999633789062,252.30999755859375,0.0,0.0
2025-04-14,TSLA,258.3599853515625,252.35000610351562,0.0,0.0
2025-04-15,TSLA,249.91000366210938,254.11000061035156,0.0,0.0
2025-04-16,TSLA,247.61000061035156,241.5500030517578,0.0,0.0
2025-04-17,TSLA,243.47000122070312,241.3699951171875,0.0,0.0
2025-04-21,TSLA,230.25999450683594,227.5,0.0,0.0
2025-04-22,TSLA,230.9600067138672,237.97000122070312,0.0,0.0
2025-04-23,TSLA,254.86000061035156,250.74000549316406,0.0,0.0
2025-04-24,TSLA,250.5,259.510009765625,0.0,0.0
2025-04-25,TSLA,261.69000244140625,284.95001220703125,0.0,0.0
2025-04-28,TSLA,288.9800109863281,285.8800048828125,0.0,0.0
2025-04-29,TSLA,285.5,292.0299987792969,0.0,0.0
2025-04-30,TSLA,279.8999938964844,282.1600036621094,0.0,0.0
2025-05-01,TSLA,280.010009765625,280.5199890136719,0.0,0.0
2025-05-02,TSLA,284.8999938964844,287.2099914550781,0.0,0.0
2025-05-05,TSLA,284.57000732421875,280.260009765625,0.0,0.0
2025-05-06,TSLA,273.1099853515625,275.3500061035156,0.0,0.0
2025-05-07,TSLA,276.8800048828125,276.2200012207031,0.0,0.0
2025-05-08,TSLA,279.6300048828125,284.82000732421875,0.0,0.0
2025-05-09,TSLA,290.2099914550781,298.260009765625,0.0,0.0
2025-05-12,TSLA,321.989990234375,318.3800048828125,0.0,0.0
2025-05-13,TSLA,320.0,334.07000732421875,0.0,0.0
2025-05-14,TSLA,342.5,347.67999267578125,0.0,0.0
2025-05-15,TSLA,340.3399963378906,342.82000732421875,0.0,0.0
2025-05-16,TSLA,346.239990234375,349.9800109863281,0.0,0.0
2025-05-19,TSLA,336.29998779296875,342.0899963378906,0.0,0.0
2025-05-20,TSLA,347.8699951171875,343.82000732421875,0.0,0.0
2025-05-21,TSLA,344.42999267578125,334.6199951171875,0.0,0.0
2025-05-22,TSLA,331.8999938964844,341.0400085449219,0.0,0.0
2025-05-23,TSLA,337.9200134277344,339.3399963378906,0.0,0.0
2025-05-27,TSLA,347.3500061035156,362.8900146484375,0.0,0.0
2025-05-28,TSLA,364.8399963378906,356.8999938964844,0.0,0.0
2025-05-29,TSLA,365.2900085449219,358.42999267578125,0.0,0.0
2025-05-30,TSLA,355.5199890136719,346.4599914550781,0.0,0.0
2025-06-02,TSLA,343.5,342.69000244140625,0.0,0.0
2025-06-03,TSLA,346.6000061035156,344.2699890136719,0.0,0.0
2025-06-04,TSLA,345.1000061035156,332.04998779296875,0.0,0.0
2025-06-05,TSLA,322.489990234375,284.70001220703125,0.0,0.0
2025-06-06,TSLA,298.8299865722656,295.1400146484375,0.0,0.0
2025-06-09,TSLA,285.9599914550781,308.5799865722656,0.0,0.0
2025-06-10,TSLA,314.94000244140625,326.0899963378906,0.0,0.0
2025-06-11,TSLA,334.3999938964844,326.42999267578125,0.0,0.0
2025-06-12,TSLA,323.0799865722656,319.1099853515625,0.0,0.0
2025-06-13,TSLA,313.9700012207031,325.30999755859375,0.0,0.0
2025-06-16,TSLA,331.2900085449219,329.1300048828125,0.0,0.0
2025-06-17,TSLA,326.0899963378906,316.3500061035156,0.0,0.0
2025-06-18,TSLA,317.30999755859375,322.04998779296875,0.0,0.0
2025-06-20,TSLA,327.95001220703125,322.1600036621094,0.0,0.0
2025-06-23,TSLA,327.5400085449219,348.67999267578125,0.0,0.0
2025-06-24,TSLA,356.1700134277344,340.4700012207031,0.0,0.0
2025-06-25,TSLA,342.70001220703125,327.54998779296875,0.0,0.0
2025-06-26,TSLA,324.6099853515625,325.7799987792969,0.0,0.0
2025-06-27,TSLA,324.510009765625,323.6300048828125,0.0,0.0
2025-06-30,TSLA,319.8999938964844,317.6600036621094,0.0,0.0
2025-07-01,TSLA,298.4599914550781,300.7099914550781,0.0,0.0
2025-07-02,TSLA,312.6300048828125,315.6499938964844,0.0,0.0
2025-07-03,TSLA,317.989990234375,315.3500061035156,0.0,0.0
2025-07-07,TSLA,291.3699951171875,293.94000244140625,0.0,0.0
2025-07-08,TSLA,297.0,297.80999755859375,0.0,0.0
2025-07-09,TSLA,297.54998779296875,295.8800048828125,0.0,0.0
2025-07-10,TSLA,300.04998779296875,309.8699951171875,0.0,0.0
2025-07-11,TSLA,307.8900146484375,313.510009765625,0.0,0.0
2025-07-14,TSLA,317.7300109863281,316.8999938964844,0.0,0.0
2025-07-15,TSLA,319.67999267578125,310.7799987792969,0.0,0.0
2025-07-16,TSLA,312.79998779296875,321.6700134277344,0.0,0.0
2025-07-17,TSLA,323.1499938964844,319.4100036621094,0.0,0.0
2025-07-18,TSLA,321.6600036621094,329.6499938964844,0.0,0.0
2025-07-21,TSLA,334.3999938964844,328.489990234375,0.0,0.0
2025-07-22,TSLA,329.739990234375,332.1099853515625,0.0,0.0
2025-07-23,TSLA,330.8999938964844,332.55999755859375,0.0,0.0
2025-07-24,TSLA,310.0,305.29998779296875,0.0,0.0
2025-07-25,TSLA,308.739990234375,316.05999755859375,0.0,0.0
2025-07-28,TSLA,318.45001220703125,325.5899963378906,0.0,0.0
2025-07-29,TSLA,325.54998779296875,321.20001220703125,0.0,0.0
2025-07-30,TSLA,322.17999267578125,319.0400085449219,0.0,0.0
2025-07-31,TSLA,319.6099853515625,308.2699890136719,0.0,0.0
2025-08-01,TSLA,306.2099914550781,302.6300048828125,0.0,0.0
2025-08-04,TSLA,309.0799865722656,309.260009765625,0.0,0.0
2025-08-05,TSLA,308.95001220703125,308.7200012207031,0.0,0.0
2025-08-06,TSLA,307.8900146484375,319.9100036621094,0.0,0.0
2025-08-07,TSLA,319.7900085449219,322.2699890136719,0.0,0.0
2025-08-08,TSLA,321.42999267578125,329.6499938964844,0.0,0.0
2025-08-11,TSLA,335.0,339.0299987792969,0.0,0.0
2025-08-12,TSLA,345.0,340.8399963378906,0.0,0.0
2025-08-13,TSLA,341.5,339.3800048828125,0.0,0.0
2025-08-14,TSLA,335.760009765625,335.5799865722656,0.0,0.0
2025-08-15,TSLA,337.6600036621094,330.55999755859375,0.0,0.0
2025-08-18,TSLA,329.6199951171875,335.1600036621094,0.0,0.0
2025-08-19,TSLA,335.7900085449219,329.30999755859375,0.0,0.0
2025-08-20,TSLA,329.2200012207031,323.8999938964844,0.0,0.0
2025-08-21,TSLA,322.0799865722656,320.1099853515625,0.0,0.0
2025-08-22,TSLA,321.6600036621094,340.010009765625,0.0,0.0
2025-08-25,TSLA,338.8999938964844,346.6000061035156,0.0,0.0
2025-08-26,TSLA,344.92999267578125,351.6700134277344,0.0,0.0
2025-08-27,TSLA,351.94000244140625,349.6000061035156,0.0,0.0
2025-08-28,TSLA,350.9100036621094,345.9800109863281,0.0,0.0
2025-08-29,TSLA,347.2300109863281,333.8699951171875,0.0,0.0
2025-09-02,TSLA,328.2300109863281,329.3599853515625,0.0,0.0
2025-09-03,TSLA,335.20001220703125,334.0899963378906,0.0,0.0
2025-09-04,TSLA,336.1499938964844,338.5299987792969,0.0,0.0
2025-09-05,TSLA,348.0,350.8399963378906,0.0,0.0
2025-09-08,TSLA,354.6400146484375,346.3999938964844,0.0,0.0
2025-09-09,TSLA,348.44000244140625,346.9700012207031,0.0,0.0
2025-09-10,TSLA,350.54998779296875,347.7900085449219,0.0,0.0
2025-09-11,TSLA,350.1700134277344,368.80999755859375,0.0,0.0
2025-09-12,TSLA,370.94000244140625,395.94000244140625,0.0,0.0
2025-09-15,TSLA,423.1300048828125,410.0400085449219,0.0,0.0
2025-09-16,TSLA,414.5,421.6199951171875,0.0,0.0
2025-09-17,TSLA,415.75,425.8599853515625,0.0,0.0
2025-09-18,TSLA,428.8699951171875,416.8500061035156,0.0,0.0
2025-09-19,TSLA,421.82000732421875,426.07000732421875,0.0,0.0
2025-09-22,TSLA,431.1099853515625,434.2099914550781,0.0,0.0
2025-09-23,TSLA,439.8800048828125,425.8500061035156,0.0,0.0
2025-09-24,TSLA,429.8299865722656,442.7900085449219,0.0,0.0
2025-09-25,TSLA,435.239990234375,423.3900146484375,0.0,0.0
2025-09-26,TSLA,428.29998779296875,440.3999938964844,0.0,0.0
2025-09-29,TSLA,444.3500061035156,443.2099914550781,0.0,0.0
2025-09-30,TSLA,441.5199890136719,444.7200012207031,0.0,0.0
2025-10-01,TSLA,443.79998779296875,459.4599914550781,0.0,0.0
2025-10-02,TSLA,470.5400085449219,436.0,0.0,0.0
2025-10-03,TSLA,443.2900085449219,429.8299865722656,0.0,0.0
2025-10-06,TSLA,440.75,453.25,0.0,0.0
2025-10-07,TSLA,447.82000732421875,433.0899963378906,0.0,0.0
2025-10-08,TSLA,437.57000732421875,438.69000244140625,0.0,0.0
2025-10-09,TSLA,431.80999755859375,435.5400085449219,0.0,0.0
2025-10-10,TSLA,436.5400085449219,413.489990234375,0.0,0.0
2025-10-13,TSLA,423.5299987792969,435.8999938964844,0.0,0.0
2025-10-14,TSLA,426.7900085449219,429.239990234375,0.0,0.0
2025-10-15,TSLA,434.8999938964844,435.1499938964844,0.0,0.0
2025-10-16,TSLA,434.7300109863281,428.75,0.0,0.0
2025-10-17,TSLA,425.5,439.30999755859375,0.0,0.0
2025-10-20,TSLA,443.8699951171875,447.42999267578125,0.0,0.0
2025-10-21,TSLA,445.760009765625,442.6000061035156,0.0,0.0
2025-10-22,TSLA,443.45001220703125,438.9700012207031,0.0,0.0
2025-10-23,TSLA,420.0,448.9800109863281,0.0,0.0
2025-10-24,TSLA,446.8299865722656,433.7200012207031,0.0,0.0
2025-10-27,TSLA,439.9800109863281,452.4200134277344,0.0,0.0
2025-10-28,TSLA,454.7799987792969,460.54998779296875,0.0,0.0
2025-10-29,TSLA,462.5,461.510009765625,0.0,0.0
2025-10-30,TSLA,451.04998779296875,440.1000061035156,0.0,0.0
2025-10-31,TSLA,446.75,456.55999755859375,0.0,0.0
2025-11-03,TSLA,455.989990234375,468.3699951171875,0.0,0.0
2025-11-04,TSLA,454.4599914550781,444.260009765625,0.0,0.0
2025-11-05,TSLA,452.04998779296875,462.07000732421875,0.0,0.0
2025-11-06,TSLA,461.9599914550781,445.9100036621094,0.0,0.0
2025-11-07,TSLA,437.9200134277344,429.5199890136719,0.0,0.0
2025-11-10,TSLA,439.6000061035156,445.2300109863281,0.0,0.0
2025-11-11,TSLA,439.3999938964844,439.6199951171875,0.0,0.0
2025-11-12,TSLA,442.1499938964844,430.6000061035156,0.0,0.0
2025-11-13,TSLA,423.1300048828125,401.989990234375,0.0,0.0
2025-11-14,TSLA,386.29998779296875,404.3500061035156,0.0,0.0
2025-11-17,TSLA,398.739990234375,408.9200134277344,0.0,0.0
2025-11-18,TSLA,405.3800048828125,401.25,0.0,0.0
2025-11-19,TSLA,406.17999267578125,403.989990234375,0.0,0.0
2025-11-20,TSLA,414.6300048828125,395.2300109863281,0.0,0.0
2025-11-21,TSLA,402.32000732421875,391.0899963378906,0.0,0.0
2025-11-24,TSLA,402.1700134277344,417.7799987792969,0.0,0.0
2025-11-25,TSLA,414.4200134277344,419.3999938964844,0.0,0.0
2025-11-26,TSLA,423.95001220703125,426.5799865722656,0.0,0.0
2025-11-28,TSLA,426.5899963378906,430.1700134277344,0.0,0.0
2025-12-01,TSLA,425.32000732421875,430.1400146484375,0.0,0.0
2025-12-02,TSLA,430.80999755859375,429.239990234375,0.0,0.0
2025-12-03,TSLA,432.1000061035156,446.739990234375,0.0,0.0
2025-12-04,TSLA,449.94000244140625,454.5299987792969,0.0,0.0
2025-12-05,TSLA,453.0299987792969,455.0,0.0,0.0
2025-12-08,TSLA,447.45001220703125,439.5799865722656,0.0,0.0
2025-12-09,TSLA,437.5400085449219,445.1700134277344,0.0,0.0
2025-12-10,TSLA,446.07000732421875,451.45001220703125,0.0,0.0
2025-12-11,TSLA,448.95001220703125,446.8900146484375,0.0,0.0
2025-12-12,TSLA,448.0899963378906,458.9599914550781,0.0,0.0
2025-12-15,TSLA,469.44000244140625,475.30999755859375,0.0,0.0
2025-12-16,TSLA,472.2099914550781,489.8800048828125,0.0,0.0
2025-12-17,TSLA,488.2200012207031,467.260009765625,0.0,0.0
2025-12-18,TSLA,478.1600036621094,483.3699951171875,0.0,0.0
2025-12-19,TSLA,488.1199951171875,481.20001220703125,0.0,0.0
2025-12-22,TSLA,489.8800048828125,488.7300109863281,0.0,0.0
2025-12-23,TSLA,489.3999938964844,485.55999755859375,0.0,0.0
2025-12-24,TSLA,488.4800109863281,485.3999938964844,0.0,0.0
2025-12-26,TSLA,485.2300109863281,475.19000244140625,0.0,0.0
2025-12-29,TSLA,469.0,459.6400146484375,0.0,0.0
2025-12-30,TSLA,461.0899963378906,454.42999267578125,0.0,0.0
2025-12-31,TSLA,456.1000061035156,449.7200012207031,0.0,0.0
2026-01-02,TSLA,457.79998779296875,438.07000732421875,0.0,0.0
2026-01-05,TSLA,447.989990234375,451.6700134277344,0.0,0.0
2026-01-06,TSLA,446.3800048828125,432.9599914550781,0.0,0.0
2026-01-07,TSLA,435.8999938964844,431.4100036621094,0.0,0.0
2026-01-08,TSLA,427.8900146484375,435.79998779296875,0.0,0.0
2026-01-09,TSLA,435.95001220703125,445.010009765625,0.0,0.0
2026-01-12,TSLA,441.2300109863281,448.9599914550781,0.0,0.0
2026-01-13,TSLA,450.20001220703125,447.20001220703125,0.0,0.0
2026-01-14,TSLA,442.80999755859375,439.20001220703125,0.0,0.0
2026-01-15,TSLA,441.1300048828125,438.57000732421875,0.0,0.0
2026-01-16,TSLA,439.5,437.5,0.0,0.0
2026-01-20,TSLA,429.3599853515625,419.25,0.0,0.0
2026-01-21,TSLA,421.6600036621094,431.44000244140625,0.0,0.0
2026-01-22,TSLA,435.1600036621094,449.3599853515625,0.0,0.0
2026-01-23,TSLA,447.42999267578125,449.05999755859375,0.0,0.0
2026-01-26,TSLA,445.0,435.20001220703125,0.0,0.0
2026-01-27,TSLA,437.4100036621094,430.8999938964844,0.0,0.0
2026-01-28,TSLA,431.9100036621094,431.4599914550781,0.0,0.0
2026-01-29,TSLA,437.79998779296875,416.55999755859375,0.0,0.0
2026-01-30,TSLA,425.3500061035156,430.4100036621094,0.0,0.0
2026-02-02,TSLA,421.2900085449219,421.80999755859375,0.0,0.0
2026-02-03,TSLA,424.2699890136719,421.9599914550781,0.0,0.0
2026-02-04,TSLA,420.4599914550781,406.010009765625,0.0,0.0
2026-02-05,TSLA,397.0199890136719,397.2099914550781,0.0,0.0
2026-02-06,TSLA,400.8699951171875,411.1099853515625,0.0,0.0
2026-02-09,TSLA,409.9100036621094,417.32000732421875,0.0,0.0
2026-02-10,TSLA,418.0799865722656,425.2099914550781,0.0,0.0
2026-02-11,TSLA,427.9599914550781,428.2699890136719,0.0,0.0
2026-02-12,TSLA,430.29998779296875,417.07000732421875,0.0,0.0
2026-02-13,TSLA,414.30999755859375,417.44000244140625,0.0,0.0
2026-02-17,TSLA,412.3599853515625,410.6300048828125,0.0,0.0
2026-02-18,TSLA,411.1099853515625,411.32000732421875,0.0,0.0
2026-02-19,TSLA,407.25,411.7099914550781,0.0,0.0
2026-02-20,TSLA,408.29998779296875,411.82000732421875,0.0,0.0
2026-02-23,TSLA,407.2900085449219,399.8299865722656,0.0,0.0
2026-02-24,TSLA,399.5,409.3800048828125,0.0,0.0
2026-02-25,TSLA,412.1499938964844,417.3999938964844,0.0,0.0
2026-02-26,TSLA,414.4200134277344,408.5799865722656,0.0,0.0
2026-02-27,TSLA,402.94000244140625,402.510009765625,0.0,0.0
2026-03-02,TSLA,390.6000061035156,403.32000732421875,0.0,0.0
2026-03-03,TSLA,395.0899963378906,392.42999267578125,0.0,0.0
2026-03-04,TSLA,397.8500061035156,405.94000244140625,0.0,0.0
2026-03-05,TSLA,401.57000732421875,405.54998779296875,0.0,0.0
2026-03-06,TSLA,398.0899963378906,396.7300109863281,0.0,0.0
2026-03-09,TSLA,390.04998779296875,398.67999267578125,0.0,0.0
2026-03-10,TSLA,402.2200012207031,399.239990234375,0.0,0.0
2026-03-11,TSLA,402.2799987792969,407.82000732421875,0.0,0.0
2026-03-12,TSLA,405.17999267578125,395.010009765625,0.0,0.0
2026-03-13,TSLA,399.1700134277344,391.20001220703125,0.0,0.0
2026-03-16,TSLA,396.2200012207031,395.55999755859375,0.0,0.0
2026-03-17,TSLA,395.69000244140625,399.2699890136719,0.0,0.0
2026-03-18,TSLA,399.0,392.7799987792969,0.0,0.0
2026-03-19,TSLA,387.2699890136719,380.29998779296875,0.0,0.0
2026-03-20,TSLA,379.8500061035156,367.9599914550781,0.0,0.0
2026-03-23,TSLA,373.0899963378906,380.8500061035156,0.0,0.0
2026-03-24,TSLA,376.55999755859375,383.0299987792969,0.0,0.0
2026-03-25,TSLA,389.989990234375,385.95001220703125,0.0,0.0
2026-03-26,TSLA,381.6000061035156,372.1099853515625,0.0,0.0
2026-03-27,TSLA,369.69000244140625,361.8299865722656,0.0,0.0
2026-03-30,TSLA,365.8599853515625,355.2799987792969,0.0,0.0
2026-03-31,TSLA,361.510009765625,371.75,0.0,0.0
2026-04-01,TSLA,378.6300048828125,381.260009765625,0.0,0.0
2026-04-02,TSLA,364.20001220703125,360.5899963378906,0.0,0.0
2026-04-06,TSLA,362.5899963378906,352.82000732421875,0.0,0.0
2026-04-07,TSLA,346.44000244140625,346.6499938964844,0.0,0.0
2026-04-08,TSLA,363.7900085449219,343.25,0.0,0.0
2026-04-09,TSLA,343.1499938964844,345.6199951171875,0.0,0.0
2026-04-10,TSLA,346.2900085449219,348.95001220703125,0.0,0.0
2026-04-13,TSLA,350.07000732421875,352.4200134277344,0.0,0.0
2026-04-14,TSLA,357.6700134277344,364.20001220703125,0.0,0.0
2026-04-15,TSLA,366.8299865722656,391.95001220703125,0.0,0.0
2026-04-16,TSLA,393.80999755859375,388.8999938964844,0.0,0.0
2026-04-17,TSLA,395.9200134277344,400.6199951171875,0.0,0.0
2026-04-20,TSLA,402.5799865722656,392.5,0.0,0.0
2026-04-21,TSLA,393.0,386.4200134277344,0.0,0.0
2026-04-22,TSLA,387.57000732421875,387.510009765625,0.0,0.0
2026-04-23,TSLA,375.2799987792969,373.7200012207031,0.0,0.0
2026-04-24,TSLA,373.5,376.29998779296875,0.0,0.0
2026-04-27,TSLA,372.0899963378906,378.6700134277344,0.0,0.0
2026-04-28,TSLA,374.67999267578125,376.0199890136719,0.0,0.0
2026-04-29,TSLA,375.3999938964844,372.79998779296875,0.0,0.0
2026-04-30,TSLA,372.75,381.6300048828125,0.0,0.0
2026-05-01,TSLA,382.489990234375,390.82000732421875,0.0,0.0
2026-05-04,TSLA,390.2300109863281,392.510009765625,0.0,0.0
2026-05-05,TSLA,395.19000244140625,389.3699951171875,0.0,0.0
2026-05-06,TSLA,386.25,398.7300109863281,0.0,0.0
2026-05-07,TSLA,407.4800109863281,411.7900085449219,0.0,0.0
2026-05-08,TSLA,416.4800109863281,428.3500061035156,0.0,0.0
2026-05-11,TSLA,422.1600036621094,445.0,0.0,0.0
2026-05-12,TSLA,441.4100036621094,433.45001220703125,0.0,0.0
2026-05-13,TSLA,436.6700134277344,445.2699890136719,0.0,0.0
2026-05-14,TSLA,446.489990234375,443.29998779296875,0.0,0.0
2026-05-15,TSLA,433.9800109863281,422.239990234375,0.0,0.0
2026-05-18,TSLA,419.2699890136719,409.989990234375,0.0,0.0
2026-05-19,TSLA,403.1600036621094,404.1099853515625,0.0,0.0
2026-05-20,TSLA,407.6000061035156,417.260009765625,0.0,0.0
2026-05-21,TSLA,422.17999267578125,417.8500061035156,0.0,0.0
2026-05-22,TSLA,422.6700134277344,426.010009765625,0.0,0.0
2026-05-26,TSLA,430.260009765625,433.5899963378906,0.0,0.0
2026-05-27,TSLA,442.8900146484375,440.3599853515625,0.0,0.0
2026-05-28,TSLA,437.6199951171875,442.1000061035156,0.0,0.0
2026-05-29,TSLA,439.8500061035156,435.7900085449219,0.0,0.0
2026-06-01,TSLA,427.489990234375,415.8800048828125,0.0,0.0
2026-06-02,TSLA,418.2200012207031,423.739990234375,0.0,0.0
2026-06-03,TSLA,418.70001220703125,423.70001220703125,0.0,0.0
2026-06-04,TSLA,419.8399963378906,418.45001220703125,0.0,0.0
2026-06-05,TSLA,420.5,391.0,0.0,0.0
2026-06-08,TSLA,396.3299865722656,408.95001220703125,0.0,0.0
2026-06-09,TSLA,411.0299987792969,396.67999267578125,0.0,0.0
2026-06-10,TSLA,391.5400085449219,381.5899963378906,0.0,0.0
2026-06-11,TSLA,388.2799987792969,399.1499938964844,0.0,0.0
2026-06-12,TSLA,399.489990234375,406.42999267578125,0.0,0.0
2026-06-15,TSLA,412.3699951171875,411.1499938964844,0.0,0.0
2026-06-16,TSLA,404.1099853515625,404.6600036621094,0.0,0.0
2026-06-17,TSLA,401.5299987792969,396.3800048828125,0.0,0.0
2026-06-18,TSLA,398.1000061035156,400.489990234375,0.0,0.0
2026-06-22,TSLA,394.8500061035156,405.04998779296875,0.0,0.0
2026-06-23,TSLA,392.6099853515625,381.6099853515625,0.0,0.0
2026-06-24,TSLA,380.0799865722656,375.5299987792969,0.0,0.0
2026-06-25,TSLA,375.2699890136719,375.1199951171875,0.0,0.0
2026-06-26,TSLA,370.1499938964844,379.7099914550781,0.0,0.0
2026-06-29,TSLA,381.7900085449219,411.8399963378906,0.0,0.0
2026-06-30,TSLA,406.0,420.6000061035156,0.0,0.0
2026-07-01,TSLA,421.4599914550781,425.29998779296875,0.0,0.0
2026-07-02,TSLA,428.010009765625,393.45001220703125,0.0,0.0
2026-07-06,TSLA,397.5,419.7699890136719,0.0,0.0
2026-07-07,TSLA,416.9599914550781,402.8999938964844,0.0,0.0
2026-07-08,TSLA,399.3800048828125,394.05999755859375,0.0,0.0
2026-07-09,TSLA,393.989990234375,406.54998779296875,0.0,0.0
2026-07-10,TSLA,410.489990234375,407.760009765625,0.0,0.0
2026-07-13,TSLA,404.6099853515625,394.760009765625,0.0,0.0
2026-07-14,TSLA,399.04998779296875,396.17999267578125,0.0,0.0
2026-07-15,TSLA,399.3999938964844,394.4599914550781,0.0,0.0
2026-07-16,TSLA,392.3500061035156,391.05999755859375,0.0,0.0
2026-07-17,TSLA,381.7799987792969,380.8399963378906,0.0,0.0
2026-07-20,TSLA,386.04998779296875,369.57000732421875,0.0,0.0
2026-07-21,TSLA,371.1700134277344,378.92999267578125,0.0,0.0
2026-07-22,TSLA,375.5299987792969,374.010009765625,0.0,0.0
2026-07-23,TSLA,341.0,319.69000244140625,0.0,0.0
2026-07-24,TSLA,320.7200012207031,313.0299987792969,0.0,0.0
2026-07-27,TSLA,313.239990234375,309.2200012207031,0.0,0.0
2026-07-28,TSLA,305.92999267578125,307.44000244140625,0.0,0.0
2026-07-29,TSLA,307.1400146484375,298.32000732421875,0.0,0.0
2026-07-30,TSLA,302.70001220703125,308.8500061035156,0.0,0.0
2026-07-31,TSLA,309.69000244140625,311.2099914550781,0.0,0.0
2026-08-03,TSLA,310.9599914550781,322.0799865722656,0.0,0.0
2026-08-04,TSLA,324.0,327.3500061035156,0.0,0.0
2026-08-05,TSLA,323.4200134277344,321.54998779296875,0.0,0.0
2026-08-06,TSLA,317.04998779296875,319.5299987792969,0.0,0.0
2026-08-07,TSLA,322.3399963378906,328.5799865722656,0.0,0.0
2026-08-10,TSLA,326.6000061035156,330.8800048828125,0.0,0.0
2026-08-11,TSLA,332.79998779296875,332.80999755859375,0.0,0.0
2026-08-12,TSLA,335.0,327.510009765625,0.0,0.0
2026-08-13,TSLA,327.20001220703125,339.9599914550781,0.0,0.0
2026-08-14,TSLA,342.3299865722656,342.2699890136719,0.0,0.0
2026-08-17,TSLA,340.69000244140625,339.29998779296875,0.0,0.0
2026-08-18,TSLA,333.2200012207031,336.8699951171875,0.0,0.0
2026-08-19,TSLA,338.8900146484375,351.1199951171875,0.0,0.0
2026-08-20,TSLA,346.20001220703125,345.1300048828125,0.0,0.0
2026-08-21,TSLA,349.8800048828125,362.8599853515625,0.0,0.0
2026-08-24,TSLA,361.4100036621094,348.95001220703125,0.0,0.0
2026-08-25,TSLA,349.5799865722656,350.25,0.0,0.0
2026-08-26,TSLA,345.2699890136719,345.82000732421875,0.0,0.0
2026-08-27,TSLA,346.1600036621094,354.80999755859375,0.0,0.0
2026-08-28,TSLA,357.1000061035156,348.75,0.0,0.0
2024-08-29,USO,76.7699966430664,76.7699966430664,0.0,0.0
2024-08-30,USO,75.19000244140625,74.33999633789062,0.0,0.0
2024-09-03,USO,72.1500015258789,71.08999633789062,0.0,0.0
2024-09-04,USO,70.62000274658203,69.61000061035156,0.0,0.0
2024-09-05,USO,70.7300033569336,69.88999938964844,0.0,0.0
2024-09-06,USO,70.55000305175781,68.93000030517578,0.0,0.0
2024-09-09,USO,68.48999786376953,69.2699966430664,0.0,0.0
2024-09-10,USO,69.44999694824219,66.95999908447266,0.0,0.0
2024-09-11,USO,67.8499984741211,67.8499984741211,0.0,0.0
2024-09-12,USO,69.06999969482422,69.88999938964844,0.0,0.0
2024-09-13,USO,70.19999694824219,69.83999633789062,0.0,0.0
2024-09-16,USO,70.61000061035156,70.87999725341797,0.0,0.0
2024-09-17,USO,70.9000015258789,71.72000122070312,0.0,0.0
2024-09-18,USO,71.01000213623047,70.66000366210938,0.0,0.0
2024-09-19,USO,72.22000122070312,72.75,0.0,0.0
2024-09-20,USO,72.41999816894531,72.91999816894531,0.0,0.0
2024-09-23,USO,72.95999908447266,72.25,0.0,0.0
2024-09-24,USO,73.8499984741211,73.29000091552734,0.0,0.0
2024-09-25,USO,72.3499984741211,71.4800033569336,0.0,0.0
2024-09-26,USO,69.22000122070312,69.01000213623047,0.0,0.0
2024-09-27,USO,69.30000305175781,70.2699966430664,0.0,0.0
2024-09-30,USO,69.95999908447266,69.91999816894531,0.0,0.0
2024-10-01,USO,69.33999633789062,72.11000061035156,0.0,0.0
2024-10-02,USO,73.94999694824219,72.76000213623047,0.0,0.0
2024-10-03,USO,73.73999786376953,75.7300033569336,0.0,0.0
2024-10-04,USO,76.20999908447266,76.3499984741211,0.0,0.0
2024-10-07,USO,77.41999816894531,79.19999694824219,0.0,0.0
2024-10-08,USO,76.83000183105469,75.79000091552734,0.0,0.0
2024-10-09,USO,74.11000061035156,75.25,0.0,0.0
2024-10-10,USO,76.1500015258789,77.7699966430664,0.0,0.0
2024-10-11,USO,77.01000213623047,77.48999786376953,0.0,0.0
2024-10-14,USO,76.05999755859375,75.93000030517578,0.0,0.0
2024-10-15,USO,72.2699966430664,72.76000213623047,0.0,0.0
2024-10-16,USO,72.37999725341797,72.4000015258789,0.0,0.0
2024-10-17,USO,72.05000305175781,72.62000274658203,0.0,0.0
2024-10-18,USO,71.73999786376953,71.37999725341797,0.0,0.0
2024-10-21,USO,72.4000015258789,72.26000213623047,0.0,0.0
2024-10-22,USO,73.19000244140625,73.9800033569336,0.0,0.0
2024-10-23,USO,73.48999786376953,73.55000305175781,0.0,0.0
2024-10-24,USO,73.75,73.05999755859375,0.0,0.0
2024-10-25,USO,73.80000305175781,74.2300033569336,0.0,0.0
2024-10-28,USO,69.7699966430664,70.43000030517578,0.0,0.0
2024-10-29,USO,70.12000274658203,69.66000366210938,0.0,0.0
2024-10-30,USO,70.66999816894531,71.36000061035156,0.0,0.0
2024-10-31,USO,71.80999755859375,73.08000183105469,0.0,0.0
2024-11-01,USO,73.62999725341797,72.0199966430664,0.0,0.0
2024-11-04,USO,73.86000061035156,74.29000091552734,0.0,0.0
2024-11-05,USO,74.91999816894531,74.7300033569336,0.0,0.0
2024-11-06,USO,73.2300033569336,74.54000091552734,0.0,0.0
2024-11-07,USO,74.01000213623047,74.66000366210938,0.0,0.0
2024-11-08,USO,73.83999633789062,73.12999725341797,0.0,0.0
2024-11-11,USO,71.20999908447266,70.94000244140625,0.0,0.0
2024-11-12,USO,71.77999877929688,70.69000244140625,0.0,0.0
2024-11-13,USO,70.33000183105469,70.7300033569336,0.0,0.0
2024-11-14,USO,72.05999755859375,71.29000091552734,0.0,0.0
2024-11-15,USO,70.87000274658203,69.75,0.0,0.0
2024-11-18,USO,70.93000030517578,72.06999969482422,0.0,0.0
2024-11-19,USO,72.4000015258789,72.30999755859375,0.0,0.0
2024-11-20,USO,72.83999633789062,72.0199966430664,0.0,0.0
2024-11-21,USO,73.12999725341797,73.19999694824219,0.0,0.0
2024-11-22,USO,73.0999984741211,74.25,0.0,0.0
2024-11-25,USO,72.94000244140625,72.0999984741211,0.0,0.0
2024-11-26,USO,72.5199966430664,71.61000061035156,0.0,0.0
2024-11-27,USO,71.62999725341797,71.72000122070312,0.0,0.0
2024-11-29,USO,72.31999969482422,71.61000061035156,0.0,0.0
2024-12-02,USO,71.87000274658203,71.04000091552734,0.0,0.0
2024-12-03,USO,72.16000366210938,73.04000091552734,0.0,0.0
2024-12-04,USO,73.41000366210938,71.87999725341797,0.0,0.0
2024-12-05,USO,71.94999694824219,71.47000122070312,0.0,0.0
2024-12-06,USO,70.62000274658203,70.23999786376953,0.0,0.0
2024-12-09,USO,71.2300033569336,71.16999816894531,0.0,0.0
2024-12-10,USO,71.54000091552734,71.4000015258789,0.0,0.0
2024-12-11,USO,72.58000183105469,73.33000183105469,0.0,0.0
2024-12-12,USO,72.9000015258789,73.20999908447266,0.0,0.0
2024-12-13,USO,73.62000274658203,74.20999908447266,0.0,0.0
2024-12-16,USO,74.1500015258789,73.69999694824219,0.0,0.0
2024-12-17,USO,72.95999908447266,73.30000305175781,0.0,0.0
2024-12-18,USO,73.66999816894531,72.94000244140625,0.0,0.0
2024-12-19,USO,73.93000030517578,72.61000061035156,0.0,0.0
2024-12-20,USO,72.2699966430664,73.0999984741211,0.0,0.0
2024-12-23,USO,72.91000366210938,73.05999755859375,0.0,0.0
2024-12-24,USO,73.69999694824219,73.6500015258789,0.0,0.0
2024-12-26,USO,74.26000213623047,73.12999725341797,0.0,0.0
2024-12-27,USO,74.0999984741211,73.8499984741211,0.0,0.0
2024-12-30,USO,74.86000061035156,74.81999969482422,0.0,0.0
2024-12-31,USO,75.23999786376953,75.55000305175781,0.0,0.0
2025-01-02,USO,76.83999633789062,76.93000030517578,0.0,0.0
2025-01-03,USO,77.41000366210938,77.91999816894531,0.0,0.0
2025-01-06,USO,78.43000030517578,77.30000305175781,0.0,0.0
2025-01-07,USO,78.12999725341797,78.16999816894531,0.0,0.0
2025-01-08,USO,78.3499984741211,77.30000305175781,0.0,0.0
2025-01-10,USO,81.54000091552734,80.63999938964844,0.0,0.0
2025-01-13,USO,81.51000213623047,82.2300033569336,0.0,0.0
2025-01-14,USO,81.9000015258789,81.66999816894531,0.0,0.0
2025-01-15,USO,82.27999877929688,84.33999633789062,0.0,0.0
2025-01-16,USO,83.48999786376953,82.94000244140625,0.0,0.0
2025-01-17,USO,82.5199966430664,82.5199966430664,0.0,0.0
2025-01-21,USO,80.62000274658203,81.11000061035156,0.0,0.0
2025-01-22,USO,80.72000122070312,80.43000030517578,0.0,0.0
2025-01-23,USO,80.55999755859375,79.20999908447266,0.0,0.0
2025-01-24,USO,80.06999969482422,79.5999984741211,0.0,0.0
2025-01-27,USO,79.27999877929688,77.93000030517578,0.0,0.0
2025-01-28,USO,78.87000274658203,78.86000061035156,0.0,0.0
2025-01-29,USO,78.0199966430664,77.77999877929688,0.0,0.0
2025-01-30,USO,77.7699966430664,77.75,0.0,0.0
2025-01-31,USO,77.5999984741211,78.0199966430664,0.0,0.0
2025-02-03,USO,78.41999816894531,77.81999969482422,0.0,0.0
2025-02-04,USO,75.69999694824219,77.51000213623047,0.0,0.0
2025-02-05,USO,76.56999969482422,76.08999633789062,0.0,0.0
2025-02-06,USO,76.36000061035156,75.44999694824219,0.0,0.0
2025-02-07,USO,76.22000122070312,75.86000061035156,0.0,0.0
2025-02-10,USO,76.94000244140625,77.4000015258789,0.0,0.0
2025-02-11,USO,78.37000274658203,78.2699966430664,0.0,0.0
2025-02-12,USO,77.1500015258789,76.31999969482422,0.0,0.0
2025-02-13,USO,75.68000030517578,76.38999938964844,0.0,0.0
2025-02-14,USO,76.58000183105469,75.81999969482422,0.0,0.0
2025-02-18,USO,76.69000244140625,76.95999908447266,0.0,0.0
2025-02-19,USO,78.05999755859375,77.44999694824219,0.0,0.0
2025-02-20,USO,77.91999816894531,77.76000213623047,0.0,0.0
2025-02-21,USO,76.69999694824219,75.3499984741211,0.0,0.0
2025-02-24,USO,75.70999908447266,75.97000122070312,0.0,0.0
2025-02-25,USO,75.5999984741211,74.12999725341797,0.0,0.0
2025-02-26,USO,73.91000366210938,73.8499984741211,0.0,0.0
2025-02-27,USO,75.0199966430664,75.27999877929688,0.0,0.0
2025-02-28,USO,74.58000183105469,75.22000122070312,0.0,0.0
2025-03-03,USO,75.33000183105469,73.31999969482422,0.0,0.0
2025-03-04,USO,72.75,73.30999755859375,0.0,0.0
2025-03-05,USO,71.4000015258789,71.41999816894531,0.0,0.0
2025-03-06,USO,71.37000274658203,71.12999725341797,0.0,0.0
2025-03-07,USO,72.73999786376953,72.08999633789062,0.0,0.0
2025-03-10,USO,72.05999755859375,70.88999938964844,0.0,0.0
2025-03-11,USO,71.80000305175781,71.44999694824219,0.0,0.0
2025-03-12,USO,72.31999969482422,72.80000305175781,0.0,0.0
2025-03-13,USO,72.08000183105469,71.62000274658203,0.0,0.0
2025-03-14,USO,71.88999938964844,72.27999877929688,0.0,0.0
2025-03-17,USO,72.9800033569336,72.70999908447266,0.0,0.0
2025-03-18,USO,73.38999938964844,72.20999908447266,0.0,0.0
2025-03-19,USO,72.08000183105469,72.41999816894531,0.0,0.0
2025-03-20,USO,72.2300033569336,73.7300033569336,0.0,0.0
2025-03-21,USO,73.38999938964844,73.79000091552734,0.0,0.0
2025-03-24,USO,74.12999725341797,74.87999725341797,0.0,0.0
2025-03-25,USO,75.2300033569336,74.81999969482422,0.0,0.0
2025-03-26,USO,75.33999633789062,75.41999816894531,0.0,0.0
2025-03-27,USO,75.26000213623047,75.4800033569336,0.0,0.0
2025-03-28,USO,75.5199966430664,74.7699966430664,0.0,0.0
2025-03-31,USO,75.5199966430664,77.33000183105469,0.0,0.0
2025-04-01,USO,77.5999984741211,77.08000183105469,0.0,0.0
2025-04-02,USO,76.72000122070312,77.73999786376953,0.0,0.0
2025-04-03,USO,72.16000366210938,72.25,0.0,0.0
2025-04-04,USO,66.9000015258789,67.91999816894531,0.0,0.0
2025-04-07,USO,65.63999938964844,65.9800033569336,0.0,0.0
2025-04-08,USO,66.5999984741211,63.34000015258789,0.0,0.0
2025-04-09,USO,61.72999954223633,67.58000183105469,0.0,0.0
2025-04-10,USO,64.7699966430664,65.31999969482422,0.0,0.0
2025-04-11,USO,64.6500015258789,66.45999908447266,0.0,0.0
2025-04-14,USO,67.12000274658203,66.66000366210938,0.0,0.0
2025-04-15,USO,66.47000122070312,66.4800033569336,0.0,0.0
2025-04-16,USO,66.98999786376953,67.75,0.0,0.0
2025-04-17,USO,68.3499984741211,69.4800033569336,0.0,0.0
2025-04-21,USO,68.2699966430664,68.62000274658203,0.0,0.0
2025-04-22,USO,68.88999938964844,69.37000274658203,0.0,0.0
2025-04-23,USO,68.98999786376953,68.05000305175781,0.0,0.0
2025-04-24,USO,68.6500015258789,68.45999908447266,0.0,0.0
2025-04-25,USO,68.05000305175781,69.02999877929688,0.0,0.0
2025-04-28,USO,68.87000274658203,67.76000213623047,0.0,0.0
2025-04-29,USO,66.69000244140625,65.8499984741211,0.0,0.0
2025-04-30,USO,65.44999694824219,63.560001373291016,0.0,0.0
2025-05-01,USO,63.59000015258789,64.5199966430664,0.0,0.0
2025-05-02,USO,64.52999877929688,64.01000213623047,0.0,0.0
2025-05-05,USO,62.849998474121094,62.369998931884766,0.0,0.0
2025-05-06,USO,64.69999694824219,64.5999984741211,0.0,0.0
2025-05-07,USO,64.41000366210938,63.5099983215332,0.0,0.0
2025-05-08,USO,64.44000244140625,65.5999984741211,0.0,0.0
2025-05-09,USO,65.95999908447266,66.61000061035156,0.0,0.0
2025-05-12,USO,69.08000183105469,67.5999984741211,0.0,0.0
2025-05-13,USO,68.44999694824219,69.58999633789062,0.0,0.0
2025-05-14,USO,69.27999877929688,68.7300033569336,0.0,0.0
2025-05-15,USO,67.41000366210938,67.58999633789062,0.0,0.0
2025-05-16,USO,67.83000183105469,68.0999984741211,0.0,0.0
2025-05-19,USO,68.11000061035156,68.51000213623047,0.0,0.0
2025-05-20,USO,68.37000274658203,68.66000366210938,0.0,0.0
2025-05-21,USO,69.13999938964844,67.58999633789062,0.0,0.0
2025-05-22,USO,66.87999725341797,67.13999938964844,0.0,0.0
2025-05-23,USO,66.97000122070312,67.98999786376953,0.0,0.0
2025-05-27,USO,67.4800033569336,67.27999877929688,0.0,0.0
2025-05-28,USO,68.33000183105469,67.88999938964844,0.0,0.0
2025-05-29,USO,67.62999725341797,67.19000244140625,0.0,0.0
2025-05-30,USO,67.0999984741211,67.1500015258789,0.0,0.0
2025-06-02,USO,69.98999786376953,69.55000305175781,0.0,0.0
2025-06-03,USO,69.62000274658203,69.88999938964844,0.0,0.0
2025-06-04,USO,70.0,69.33999633789062,0.0,0.0
2025-06-05,USO,70.43000030517578,69.93000030517578,0.0,0.0
2025-06-06,USO,70.36000061035156,71.37999725341797,0.0,0.0
2025-06-09,USO,71.4000015258789,72.05000305175781,0.0,0.0
2025-06-10,USO,72.16999816894531,71.5999984741211,0.0,0.0
2025-06-11,USO,73.0199966430664,74.81999969482422,0.0,0.0
2025-06-12,USO,74.01000213623047,75.05000305175781,0.0,0.0
2025-06-13,USO,80.47000122070312,80.22000122070312,0.0,0.0
2025-06-16,USO,79.01000213623047,78.58999633789062,0.0,0.0
2025-06-17,USO,80.44000244140625,82.30000305175781,0.0,0.0
2025-06-18,USO,83.0999984741211,82.2699966430664,0.0,0.0
2025-06-20,USO,82.25,83.12000274658203,0.0,0.0
2025-06-23,USO,83.25,76.41000366210938,0.0,0.0
2025-06-24,USO,73.33999633789062,73.0,0.0,0.0
2025-06-25,USO,72.93000030517578,73.30999755859375,0.0,0.0
2025-06-26,USO,73.62999725341797,73.58999633789062,0.0,0.0
2025-06-27,USO,74.0199966430664,73.27999877929688,0.0,0.0
2025-06-30,USO,73.4800033569336,73.11000061035156,0.0,0.0
2025-07-01,USO,73.61000061035156,73.93000030517578,0.0,0.0
2025-07-02,USO,74.31999969482422,75.58999633789062,0.0,0.0
2025-07-03,USO,75.41000366210938,75.19000244140625,0.0,0.0
2025-07-07,USO,75.83999633789062,76.4800033569336,0.0,0.0
2025-07-08,USO,76.18000030517578,76.95999908447266,0.0,0.0
2025-07-09,USO,76.44999694824219,76.93000030517578,0.0,0.0
2025-07-10,USO,75.37000274658203,75.38999938964844,0.0,0.0
2025-07-11,USO,76.08999633789062,77.29000091552734,0.0,0.0
2025-07-14,USO,77.2699966430664,75.62000274658203,0.0,0.0
2025-07-15,USO,75.30999755859375,75.26000213623047,0.0,0.0
2025-07-16,USO,74.20999908447266,75.19000244140625,0.0,0.0
2025-07-17,USO,75.01000213623047,76.16000366210938,0.0,0.0
2025-07-18,USO,76.97000122070312,75.93000030517578,0.0,0.0
2025-07-21,USO,75.62000274658203,75.58999633789062,0.0,0.0
2025-07-22,USO,75.05999755859375,75.3499984741211,0.0,0.0
2025-07-23,USO,74.80999755859375,75.27999877929688,0.0,0.0
2025-07-24,USO,75.87000274658203,76.08999633789062,0.0,0.0
2025-07-25,USO,76.11000061035156,74.8499984741211,0.0,0.0
2025-07-28,USO,76.69999694824219,77.16999816894531,0.0,0.0
2025-07-29,USO,77.44999694824219,79.80000305175781,0.0,0.0
2025-07-30,USO,80.16000366210938,81.04000091552734,0.0,0.0
2025-07-31,USO,79.86000061035156,79.58999633789062,0.0,0.0
2025-08-01,USO,79.70999908447266,77.45999908447266,0.0,0.0
2025-08-04,USO,75.63999938964844,76.11000061035156,0.0,0.0
2025-08-05,USO,75.51000213623047,75.0199966430664,0.0,0.0
2025-08-06,USO,76.30999755859375,73.79000091552734,0.0,0.0
2025-08-07,USO,74.05999755859375,73.41999816894531,0.0,0.0
2025-08-08,USO,73.93000030517578,73.30000305175781,0.0,0.0
2025-08-11,USO,73.94000244140625,73.80000305175781,0.0,0.0
2025-08-12,USO,73.22000122070312,72.94999694824219,0.0,0.0
2025-08-13,USO,72.77999877929688,72.45999908447266,0.0,0.0
2025-08-14,USO,73.36000061035156,73.73999786376953,0.0,0.0
2025-08-15,USO,72.72000122070312,72.80000305175781,0.0,0.0
2025-08-18,USO,72.3499984741211,73.16999816894531,0.0,0.0
2025-08-19,USO,72.5,72.30000305175781,0.0,0.0
2025-08-20,USO,73.16000366210938,73.5199966430664,0.0,0.0
2025-08-21,USO,73.29000091552734,74.12999725341797,0.0,0.0
2025-08-22,USO,74.27999877929688,74.63999938964844,0.0,0.0
2025-08-25,USO,75.19000244140625,75.75,0.0,0.0
2025-08-26,USO,74.58000183105469,74.05000305175781,0.0,0.0
2025-08-27,USO,74.12999725341797,74.68000030517578,0.0,0.0
2025-08-28,USO,74.94000244140625,75.23999786376953,0.0,0.0
2025-08-29,USO,75.3499984741211,74.83999633789062,0.0,0.0
2025-09-02,USO,76.08000183105469,76.76000213623047,0.0,0.0
2025-09-03,USO,75.61000061035156,74.83000183105469,0.0,0.0
2025-09-04,USO,73.87000274658203,74.18000030517578,0.0,0.0
2025-09-05,USO,73.0199966430664,72.62999725341797,0.0,0.0
2025-09-08,USO,73.48999786376953,73.04000091552734,0.0,0.0
2025-09-09,USO,73.98999786376953,73.38999938964844,0.0,0.0
2025-09-10,USO,74.0,74.70999908447266,0.0,0.0
2025-09-11,USO,73.19000244140625,73.0,0.0,0.0
2025-09-12,USO,74.16999816894531,73.30999755859375,0.0,0.0
2025-09-15,USO,74.26000213623047,74.2300033569336,0.0,0.0
2025-09-16,USO,75.08000183105469,75.66999816894531,0.0,0.0
2025-09-17,USO,75.41000366210938,74.97000122070312,0.0,0.0
2025-09-18,USO,75.12000274658203,74.69000244140625,0.0,0.0
2025-09-19,USO,73.94999694824219,73.5199966430664,0.0,0.0
2025-09-22,USO,72.80000305175781,73.44999694824219,0.0,0.0
2025-09-23,USO,74.36000061035156,75.05000305175781,0.0,0.0
2025-09-24,USO,75.87999725341797,76.38999938964844,0.0,0.0
2025-09-25,USO,76.02999877929688,76.98999786376953,0.0,0.0
2025-09-26,USO,77.05999755859375,77.0199966430664,0.0,0.0
2025-09-29,USO,75.43000030517578,74.58999633789062,0.0,0.0
2025-09-30,USO,73.87000274658203,73.75,0.0,0.0
2025-10-01,USO,72.6500015258789,73.13999938964844,0.0,0.0
2025-10-02,USO,72.27999877929688,71.54000091552734,0.0,0.0
2025-10-03,USO,71.7699966430664,71.70999908447266,0.0,0.0
2025-10-06,USO,72.43000030517578,72.87000274658203,0.0,0.0
2025-10-07,USO,72.4800033569336,73.19999694824219,0.0,0.0
2025-10-08,USO,73.5199966430664,73.52999877929688,0.0,0.0
2025-10-09,USO,73.80999755859375,72.51000213623047,0.0,0.0
2025-10-10,USO,70.7699966430664,69.38999938964844,0.0,0.0
2025-10-13,USO,70.30999755859375,70.27999877929688,0.0,0.0
2025-10-14,USO,69.1500015258789,69.0,0.0,0.0
2025-10-15,USO,69.70999908447266,68.98999786376953,0.0,0.0
2025-10-16,USO,69.12000274658203,67.80999755859375,0.0,0.0
2025-10-17,USO,67.72000122070312,67.9800033569336,0.0,0.0
2025-10-20,USO,66.9800033569336,67.83000183105469,0.0,0.0
2025-10-21,USO,68.05000305175781,68.2699966430664,0.0,0.0
2025-10-22,USO,69.5199966430664,70.62999725341797,0.0,0.0
2025-10-23,USO,73.11000061035156,73.29000091552734,0.0,0.0
2025-10-24,USO,73.66999816894531,73.18000030517578,0.0,0.0
2025-10-27,USO,73.20999908447266,73.12000274658203,0.0,0.0
2025-10-28,USO,72.05000305175781,71.38999938964844,0.0,0.0
2025-10-29,USO,71.80999755859375,71.80000305175781,0.0,0.0
2025-10-30,USO,71.38999938964844,71.70999908447266,0.0,0.0
2025-10-31,USO,72.56999969482422,72.55999755859375,0.0,0.0
2025-11-03,USO,72.55999755859375,72.73999786376953,0.0,0.0
2025-11-04,USO,71.91999816894531,71.93000030517578,0.0,0.0
2025-11-05,USO,71.68000030517578,71.02999877929688,0.0,0.0
2025-11-06,USO,70.62000274658203,70.87999725341797,0.0,0.0
2025-11-07,USO,71.27999877929688,71.26000213623047,0.0,0.0
2025-11-10,USO,71.58999633789062,71.68000030517578,0.0,0.0
2025-11-11,USO,72.43000030517578,72.72000122070312,0.0,0.0
2025-11-12,USO,71.08999633789062,69.79000091552734,0.0,0.0
2025-11-13,USO,70.5,69.8499984741211,0.0,0.0
2025-11-14,USO,71.31999969482422,71.37999725341797,0.0,0.0
2025-11-17,USO,71.5999984741211,71.30000305175781,0.0,0.0
2025-11-18,USO,71.31999969482422,72.5,0.0,0.0
2025-11-19,USO,70.4800033569336,70.87999725341797,0.0,0.0
2025-11-20,USO,71.2699966430664,70.1500015258789,0.0,0.0
2025-11-21,USO,69.2699966430664,69.30000305175781,0.0,0.0
2025-11-24,USO,69.2699966430664,70.41999816894531,0.0,0.0
2025-11-25,USO,68.94999694824219,69.25,0.0,0.0
2025-11-26,USO,69.06999969482422,70.04000091552734,0.0,0.0
2025-11-28,USO,70.44000244140625,71.06999969482422,0.0,0.0
2025-12-01,USO,70.61000061035156,71.05999755859375,0.0,0.0
2025-12-02,USO,70.54000091552734,70.19999694824219,0.0,0.0
2025-12-03,USO,70.75,70.66000366210938,0.0,0.0
2025-12-04,USO,70.6500015258789,71.38999938964844,0.0,0.0
2025-12-05,USO,71.33000183105469,71.91999816894531,0.0,0.0
2025-12-08,USO,70.81999969482422,70.48999786376953,0.0,0.0
2025-12-09,USO,70.37999725341797,69.86000061035156,0.0,0.0
2025-12-10,USO,69.43000030517578,70.54000091552734,0.0,0.0
2025-12-11,USO,68.58999633789062,69.25,0.0,0.0
2025-12-12,USO,68.87000274658203,68.80999755859375,0.0,0.0
2025-12-15,USO,68.48999786376953,67.88999938964844,0.0,0.0
2025-12-16,USO,66.75,66.16999816894531,0.0,0.0
2025-12-17,USO,67.22000122070312,67.9800033569336,0.0,0.0
2025-12-18,USO,67.7699966430664,67.19000244140625,0.0,0.0
2025-12-19,USO,67.73999786376953,68.02999877929688,0.0,0.0
2025-12-22,USO,69.55999755859375,69.7300033569336,0.0,0.0
2025-12-23,USO,69.62000274658203,70.30000305175781,0.0,0.0
2025-12-24,USO,70.47000122070312,70.19999694824219,0.0,0.0
2025-12-26,USO,69.66000366210938,68.4800033569336,0.0,0.0
2025-12-29,USO,69.8499984741211,69.61000061035156,0.0,0.0
2025-12-30,USO,70.27999877929688,69.73999786376953,0.0,0.0
2025-12-31,USO,70.19999694824219,69.16000366210938,0.0,0.0
2026-01-02,USO,68.43000030517578,68.95999908447266,0.0,0.0
2026-01-05,USO,69.7300033569336,70.22000122070312,0.0,0.0
2026-01-06,USO,70.5999984741211,68.51000213623047,0.0,0.0
2026-01-07,USO,68.23999786376953,67.79000091552734,0.0,0.0
2026-01-08,USO,68.79000091552734,70.54000091552734,0.0,0.0
2026-01-09,USO,70.87999725341797,70.77999877929688,0.0,0.0
2026-01-12,USO,70.95999908447266,71.6500015258789,0.0,0.0
2026-01-13,USO,72.77999877929688,73.4800033569336,0.0,0.0
2026-01-14,USO,74.26000213623047,72.61000061035156,0.0,0.0
2026-01-15,USO,71.5999984741211,71.12999725341797,0.0,0.0
2026-01-16,USO,72.30000305175781,71.6500015258789,0.0,0.0
2026-01-20,USO,72.80000305175781,71.86000061035156,0.0,0.0
2026-01-21,USO,72.83999633789062,73.33999633789062,0.0,0.0
2026-01-22,USO,72.43000030517578,71.81999969482422,0.0,0.0
2026-01-23,USO,73.76000213623047,73.94999694824219,0.0,0.0
2026-01-26,USO,73.36000061035156,73.4800033569336,0.0,0.0
2026-01-27,USO,73.94999694824219,75.66000366210938,0.0,0.0
2026-01-28,USO,76.26000213623047,76.62000274658203,0.0,0.0
2026-01-29,USO,80.11000061035156,79.13999938964844,0.0,0.0
2026-01-30,USO,79.44000244140625,79.5199966430664,0.0,0.0
2026-02-02,USO,75.5,75.33000183105469,0.0,0.0
2026-02-03,USO,75.8499984741211,77.47000122070312,0.0,0.0
2026-02-04,USO,76.5199966430664,77.87999725341797,0.0,0.0
2026-02-05,USO,76.86000061035156,76.69000244140625,0.0,0.0
2026-02-06,USO,76.23999786376953,76.98999786376953,0.0,0.0
2026-02-09,USO,76.83000183105469,78.0199966430664,0.0,0.0
2026-02-10,USO,78.30000305175781,78.02999877929688,0.0,0.0
2026-02-11,USO,79.68000030517578,78.88999938964844,0.0,0.0
2026-02-12,USO,78.0,76.37999725341797,0.0,0.0
2026-02-13,USO,76.12000274658203,76.22000122070312,0.0,0.0
2026-02-17,USO,76.20999908447266,75.7300033569336,0.0,0.0
2026-02-18,USO,77.91999816894531,79.4000015258789,0.0,0.0
2026-02-19,USO,80.43000030517578,81.19000244140625,0.0,0.0
2026-02-20,USO,80.54000091552734,80.8499984741211,0.0,0.0
2026-02-23,USO,81.48999786376953,80.9000015258789,0.0,0.0
2026-02-24,USO,81.19000244140625,80.76000213623047,0.0,0.0
2026-02-25,USO,80.0999984741211,79.7300033569336,0.0,0.0
2026-02-26,USO,78.1500015258789,79.7699966430664,0.0,0.0
2026-02-27,USO,82.0,81.94999694824219,0.0,0.0
2026-03-02,USO,87.62000274658203,87.19000244140625,0.0,0.0
2026-03-03,USO,94.0999984741211,90.19999694824219,0.0,0.0
2026-03-04,USO,90.22000122070312,91.55999755859375,0.0,0.0
2026-03-05,USO,94.45999908447266,96.30999755859375,0.0,0.0
2026-03-06,USO,105.37999725341797,108.7699966430664,0.0,0.0
2026-03-09,USO,119.41999816894531,104.33000183105469,0.0,0.0
2026-03-10,USO,107.12999725341797,105.86000061035156,0.0,0.0
2026-03-11,USO,105.02999877929688,108.05000305175781,0.0,0.0
2026-03-12,USO,115.69000244140625,118.38999938964844,0.0,0.0
2026-03-13,USO,115.08000183105469,119.88999938964844,0.0,0.0
2026-03-16,USO,116.93000030517578,115.02999877929688,0.0,0.0
2026-03-17,USO,117.41999816894531,118.83999633789062,0.0,0.0
2026-03-18,USO,121.02999877929688,121.66999816894531,0.0,0.0
2026-03-19,USO,120.4000015258789,117.36000061035156,0.0,0.0
2026-03-20,USO,118.95999908447266,121.43000030517578,0.0,0.0
2026-03-23,USO,113.29000091552734,110.55999755859375,0.0,0.0
2026-03-24,USO,115.2300033569336,114.54000091552734,0.0,0.0
2026-03-25,USO,109.29000091552734,113.38999938964844,0.0,0.0
2026-03-26,USO,116.7300033569336,117.26000213623047,0.0,0.0
2026-03-27,USO,120.79000091552734,124.19999694824219,0.0,0.0
2026-03-30,USO,126.83999633789062,129.8300018310547,0.0,0.0
2026-03-31,USO,129.35000610351562,127.25,0.0,0.0
2026-04-01,USO,124.86000061035156,124.08999633789062,0.0,0.0
2026-04-02,USO,139.27000427246094,137.9199981689453,0.0,0.0
2026-04-06,USO,138.50999450683594,138.94000244140625,0.0,0.0
2026-04-07,USO,141.3300018310547,138.0800018310547,0.0,0.0
2026-04-08,USO,119.05999755859375,124.58000183105469,0.0,0.0
2026-04-09,USO,127.19000244140625,126.95999908447266,0.0,0.0
2026-04-10,USO,125.61000061035156,124.81999969482422,0.0,0.0
2026-04-13,USO,133.3699951171875,128.47000122070312,0.0,0.0
2026-04-14,USO,127.0999984741211,123.8499984741211,0.0,0.0
2026-04-15,USO,123.25,122.58999633789062,0.0,0.0
2026-04-16,USO,124.06999969482422,125.83999633789062,0.0,0.0
2026-04-17,USO,114.7300033569336,116.04000091552734,0.0,0.0
2026-04-20,USO,119.83999633789062,121.31999969482422,0.0,0.0
2026-04-21,USO,121.51000213623047,128.25,0.0,0.0
2026-04-22,USO,127.36000061035156,129.39999389648438,0.0,0.0
2026-04-23,USO,131.25999450683594,134.72000122070312,0.0,0.0
2026-04-24,USO,132.6300048828125,132.39999389648438,0.0,0.0
2026-04-27,USO,133.9600067138672,134.72000122070312,0.0,0.0
2026-04-28,USO,138.85000610351562,139.60000610351562,0.0,0.0
2026-04-29,USO,146.14999389648438,150.6300048828125,0.0,0.0
2026-04-30,USO,146.32000732421875,147.08999633789062,0.0,0.0
2026-05-01,USO,143.52999877929688,142.8000030517578,0.0,0.0
2026-05-04,USO,143.85000610351562,147.61000061035156,0.0,0.0
2026-05-05,USO,143.91000366210938,144.1699981689453,0.0,0.0
2026-05-06,USO,135.3300018310547,133.9499969482422,0.0,0.0
2026-05-07,USO,128.77000427246094,134.97000122070312,0.0,0.0
2026-05-08,USO,132.3699951171875,133.58999633789062,0.0,0.0
2026-05-11,USO,136.69000244140625,138.66000366210938,0.0,0.0
2026-05-12,USO,143.8300018310547,144.3000030517578,0.0,0.0
2026-05-13,USO,143.9199981689453,142.0399932861328,0.0,0.0
2026-05-14,USO,140.94000244140625,143.0,0.0,0.0
2026-05-15,USO,145.5500030517578,148.22999572753906,0.0,0.0
2026-05-18,USO,145.91000366210938,149.2899932861328,0.0,0.0
2026-05-19,USO,152.8800048828125,152.9600067138672,0.0,0.0
2026-05-20,USO,149.4499969482422,144.27000427246094,0.0,0.0
2026-05-21,USO,149.27000427246094,142.5399932861328,0.0,0.0
2026-05-22,USO,141.42999267578125,140.9199981689453,0.0,0.0
2026-05-26,USO,136.33999633789062,137.0,0.0,0.0
2026-05-27,USO,131.38999938964844,131.02999877929688,0.0,0.0
2026-05-28,USO,133.33999633789062,130.77999877929688,0.0,0.0
2026-05-29,USO,128.30999755859375,129.08999633789062,0.0,0.0
2026-06-01,USO,135.64999389648438,135.5,0.0,0.0
2026-06-02,USO,135.07000732421875,137.27000427246094,0.0,0.0
2026-06-03,USO,139.4600067138672,140.86000061035156,0.0,0.0
2026-06-04,USO,136.6699981689453,136.74000549316406,0.0,0.0
2026-06-05,USO,135.13999938964844,133.02000427246094,0.0,0.0
2026-06-08,USO,134.9499969482422,135.14999389648438,0.0,0.0
2026-06-09,USO,132.00999450683594,131.3000030517578,0.0,0.0
2026-06-10,USO,132.92999267578125,134.3000030517578,0.0,0.0
2026-06-11,USO,134.27000427246094,128.8300018310547,0.0,0.0
2026-06-12,USO,127.02999877929688,125.43000030517578,0.0,0.0
2026-06-15,USO,119.83999633789062,121.20999908447266,0.0,0.0
2026-06-16,USO,116.33999633789062,115.47000122070312,0.0,0.0
2026-06-17,USO,115.44000244140625,114.2300033569336,0.0,0.0
2026-06-18,USO,112.47000122070312,114.87000274658203,0.0,0.0
2026-06-22,USO,112.62999725341797,112.69000244140625,0.0,0.0
2026-06-23,USO,110.91999816894531,111.26000213623047,0.0,0.0
2026-06-24,USO,106.29000091552734,106.29000091552734,0.0,0.0
2026-06-25,USO,106.02999877929688,109.30999755859375,0.0,0.0
2026-06-26,USO,105.83000183105469,105.4800033569336,0.0,0.0
2026-06-29,USO,106.6500015258789,107.08000183105469,0.0,0.0
2026-06-30,USO,108.1500015258789,106.44000244140625,0.0,0.0
2026-07-01,USO,104.55000305175781,103.2699966430664,0.0,0.0
2026-07-02,USO,102.8499984741211,103.9800033569336,0.0,0.0
2026-07-06,USO,104.52999877929688,104.3499984741211,0.0,0.0
2026-07-07,USO,105.66999816894531,108.91999816894531,0.0,0.0
2026-07-08,USO,112.36000061035156,112.20999908447266,0.0,0.0
2026-07-09,USO,110.83999633789062,109.01000213623047,0.0,0.0
2026-07-10,USO,109.30999755859375,108.69999694824219,0.0,0.0
2026-07-13,USO,111.88999938964844,117.79000091552734,0.0,0.0
2026-07-14,USO,120.6500015258789,120.16999816894531,0.0,0.0
2026-07-15,USO,121.44999694824219,121.37999725341797,0.0,0.0
2026-07-16,USO,121.20999908447266,119.30000305175781,0.0,0.0
2026-07-17,USO,123.19999694824219,123.95999908447266,0.0,0.0
2026-07-20,USO,123.77999877929688,125.51000213623047,0.0,0.0
2026-07-21,USO,128.9199981689453,128.85000610351562,0.0,0.0
2026-07-22,USO,131.4199981689453,131.67999267578125,0.0,0.0
2026-07-23,USO,138.52000427246094,139.49000549316406,0.0,0.0
2026-07-24,USO,137.72000122070312,136.69000244140625,0.0,0.0
2026-07-27,USO,128.66000366210938,124.76000213623047,0.0,0.0
2026-07-28,USO,123.66999816894531,120.48999786376953,0.0,0.0
2026-07-29,USO,128.4600067138672,129.30999755859375,0.0,0.0
2026-07-30,USO,127.12000274658203,127.4800033569336,0.0,0.0
2026-07-31,USO,130.17999267578125,129.1699981689453,0.0,0.0
2026-08-03,USO,120.80000305175781,122.12000274658203,0.0,0.0
2026-08-04,USO,117.0,115.77999877929688,0.0,0.0
2026-08-05,USO,115.95999908447266,114.87999725341797,0.0,0.0
2026-08-06,USO,116.45999908447266,118.87000274658203,0.0,0.0
2026-08-07,USO,117.66999816894531,117.9800033569336,0.0,0.0
2026-08-10,USO,122.08999633789062,125.91999816894531,0.0,0.0
2026-08-11,USO,124.75,127.61000061035156,0.0,0.0
2026-08-12,USO,126.63999938964844,127.30000305175781,0.0,0.0
2026-08-13,USO,124.56999969482422,125.02999877929688,0.0,0.0
2026-08-14,USO,124.79000091552734,126.5999984741211,0.0,0.0
2026-08-17,USO,127.29000091552734,130.2899932861328,0.0,0.0
2026-08-18,USO,131.61000061035156,130.66000366210938,0.0,0.0
2026-08-19,USO,131.1699981689453,130.91000366210938,0.0,0.0
2026-08-20,USO,134.7100067138672,134.5399932861328,0.0,0.0
2026-08-21,USO,134.97999572753906,134.63999938964844,0.0,0.0
2026-08-24,USO,133.5,132.2100067138672,0.0,0.0
2026-08-25,USO,128.08999633789062,126.1500015258789,0.0,0.0
2026-08-26,USO,125.47000122070312,127.3499984741211,0.0,0.0
2026-08-27,USO,128.14999389648438,130.00999450683594,0.0,0.0
2026-08-28,USO,128.1300048828125,129.6999969482422,0.0,0.0
2024-08-29,VST,83.19999694824219,84.66999816894531,0.0,0.0
2024-08-30,VST,85.06999969482422,85.43000030517578,0.0,0.0
2024-09-03,VST,85.0,75.73999786376953,0.0,0.0
2024-09-04,VST,75.5,76.68000030517578,0.0,0.0
2024-09-05,VST,76.61000061035156,75.83000183105469,0.0,0.0
2024-09-06,VST,75.72000122070312,73.69999694824219,0.0,0.0
2024-09-09,VST,75.0,74.94999694824219,0.0,0.0
2024-09-10,VST,75.41000366210938,76.08000183105469,0.0,0.0
2024-09-11,VST,76.95999908447266,80.05999755859375,0.0,0.0
2024-09-12,VST,80.0999984741211,80.47000122070312,0.0,0.0
2024-09-13,VST,82.5199966430664,85.55000305175781,0.0,0.0
2024-09-16,VST,85.0,89.4000015258789,0.0,0.0
2024-09-17,VST,90.31999969482422,91.1500015258789,0.0,0.0
2024-09-18,VST,91.83000183105469,91.19000244140625,0.0,0.0
2024-09-19,VST,94.33000183105469,92.73999786376953,0.0,0.0
2024-09-20,VST,99.7300033569336,107.87999725341797,0.22,0.0
2024-09-23,VST,110.3499984741211,111.62999725341797,0.0,0.0
2024-09-24,VST,111.88999938964844,112.4000015258789,0.0,0.0
2024-09-25,VST,114.18000030517578,119.08000183105469,0.0,0.0
2024-09-26,VST,120.0,114.16000366210938,0.0,0.0
2024-09-27,VST,115.25,117.72000122070312,0.0,0.0
2024-09-30,VST,117.87999725341797,118.54000091552734,0.0,0.0
2024-10-01,VST,118.0,122.55000305175781,0.0,0.0
2024-10-02,VST,120.05000305175781,125.37000274658203,0.0,0.0
2024-10-03,VST,128.39999389648438,132.4499969482422,0.0,0.0
2024-10-04,VST,134.33999633789062,138.41000366210938,0.0,0.0
2024-10-07,VST,139.86000061035156,131.27000427246094,0.0,0.0
2024-10-08,VST,131.0,127.95999908447266,0.0,0.0
2024-10-09,VST,126.41000366210938,124.18000030517578,0.0,0.0
2024-10-10,VST,124.0,124.11000061035156,0.0,0.0
2024-10-11,VST,117.5,125.29000091552734,0.0,0.0
2024-10-14,VST,127.7699966430664,132.25999450683594,0.0,0.0
2024-10-15,VST,132.00999450683594,128.2899932861328,0.0,0.0
2024-10-16,VST,130.74000549316406,135.69000244140625,0.0,0.0
2024-10-17,VST,139.47999572753906,127.2699966430664,0.0,0.0
2024-10-18,VST,127.30000305175781,131.16000366210938,0.0,0.0
2024-10-21,VST,131.5800018310547,130.3800048828125,0.0,0.0
2024-10-22,VST,128.0,125.04000091552734,0.0,0.0
2024-10-23,VST,124.0,126.11000061035156,0.0,0.0
2024-10-24,VST,125.91000366210938,125.58000183105469,0.0,0.0
2024-10-25,VST,127.3499984741211,124.02999877929688,0.0,0.0
2024-10-28,VST,125.20999908447266,127.77999877929688,0.0,0.0
2024-10-29,VST,125.58000183105469,126.66000366210938,0.0,0.0
2024-10-30,VST,127.05000305175781,124.11000061035156,0.0,0.0
2024-10-31,VST,124.30999755859375,124.95999908447266,0.0,0.0
2024-11-01,VST,124.5999984741211,119.51000213623047,0.0,0.0
2024-11-04,VST,117.69000244140625,115.73999786376953,0.0,0.0
2024-11-05,VST,116.30999755859375,121.9000015258789,0.0,0.0
2024-11-06,VST,125.16999816894531,126.08999633789062,0.0,0.0
2024-11-07,VST,138.11000061035156,135.72999572753906,0.0,0.0
2024-11-08,VST,135.24000549316406,141.89999389648438,0.0,0.0
2024-11-11,VST,146.27999877929688,145.8000030517578,0.0,0.0
2024-11-12,VST,143.9199981689453,142.16000366210938,0.0,0.0
2024-11-13,VST,145.42999267578125,142.1199951171875,0.0,0.0
2024-11-14,VST,142.22999572753906,138.4600067138672,0.0,0.0
2024-11-15,VST,137.60000610351562,142.14999389648438,0.0,0.0
2024-11-18,VST,142.72000122070312,146.6300048828125,0.0,0.0
2024-11-19,VST,144.13999938964844,154.86000061035156,0.0,0.0
2024-11-20,VST,155.77000427246094,154.6300048828125,0.0,0.0
2024-11-21,VST,157.74000549316406,166.61000061035156,0.0,0.0
2024-11-22,VST,168.6699981689453,161.9199981689453,0.0,0.0
2024-11-25,VST,166.0,154.13999938964844,0.0,0.0
2024-11-26,VST,154.3800048828125,162.66000366210938,0.0,0.0
2024-11-27,VST,161.67999267578125,154.52000427246094,0.0,0.0
2024-11-29,VST,158.49000549316406,159.83999633789062,0.0,0.0
2024-12-02,VST,161.60000610351562,154.11000061035156,0.0,0.0
2024-12-03,VST,155.63999938964844,154.16000366210938,0.0,0.0
2024-12-04,VST,158.94000244140625,161.30999755859375,0.0,0.0
2024-12-05,VST,161.0,160.8800048828125,0.0,0.0
2024-12-06,VST,161.10000610351562,159.97999572753906,0.0,0.0
2024-12-09,VST,160.1699981689453,148.30999755859375,0.0,0.0
2024-12-10,VST,145.8800048828125,141.52000427246094,0.0,0.0
2024-12-11,VST,145.94000244140625,146.0,0.0,0.0
2024-12-12,VST,146.42999267578125,145.0800018310547,0.0,0.0
2024-12-13,VST,146.35000610351562,144.88999938964844,0.0,0.0
2024-12-16,VST,144.7100067138672,145.3300018310547,0.0,0.0
2024-12-17,VST,142.8800048828125,139.77000427246094,0.0,0.0
2024-12-18,VST,141.25,132.88999938964844,0.0,0.0
2024-12-19,VST,134.61000061035156,137.1999969482422,0.0,0.0
2024-12-20,VST,132.4499969482422,139.9499969482422,0.222,0.0
2024-12-23,VST,140.0,140.7899932861328,0.0,0.0
2024-12-24,VST,142.02999877929688,143.36000061035156,0.0,0.0
2024-12-26,VST,142.89999389648438,144.11000061035156,0.0,0.0
2024-12-27,VST,143.0,139.67999267578125,0.0,0.0
2024-12-30,VST,136.0500030517578,140.08999633789062,0.0,0.0
2024-12-31,VST,139.91000366210938,137.8699951171875,0.0,0.0
2025-01-02,VST,139.6300048828125,149.66000366210938,0.0,0.0
2025-01-03,VST,154.36000061035156,162.36000061035156,0.0,0.0
2025-01-06,VST,165.16000366210938,163.9499969482422,0.0,0.0
2025-01-07,VST,164.61000061035156,163.3699951171875,0.0,0.0
2025-01-08,VST,162.97000122070312,160.80999755859375,0.0,0.0
2025-01-10,VST,161.5,166.72999572753906,0.0,0.0
2025-01-13,VST,161.7100067138672,162.1300048828125,0.0,0.0
2025-01-14,VST,166.67999267578125,170.50999450683594,0.0,0.0
2025-01-15,VST,175.0,169.1699981689453,0.0,0.0
2025-01-16,VST,170.92999267578125,174.0,0.0,0.0
2025-01-17,VST,169.02999877929688,170.86000061035156,0.0,0.0
2025-01-21,VST,179.3000030517578,185.35000610351562,0.0,0.0
2025-01-22,VST,192.99000549316406,186.86000061035156,0.0,0.0
2025-01-23,VST,189.0,191.88999938964844,0.0,0.0
2025-01-24,VST,194.02000427246094,191.11000061035156,0.0,0.0
2025-01-27,VST,154.08999633789062,137.0800018310547,0.0,0.0
2025-01-28,VST,142.17999267578125,149.63999938964844,0.0,0.0
2025-01-29,VST,147.25,155.2100067138672,0.0,0.0
2025-01-30,VST,159.02000427246094,176.3000030517578,0.0,0.0
2025-01-31,VST,175.0,168.02999877929688,0.0,0.0
2025-02-03,VST,157.5,168.52999877929688,0.0,0.0
2025-02-04,VST,168.52000427246094,168.3300018310547,0.0,0.0
2025-02-05,VST,172.3800048828125,171.61000061035156,0.0,0.0
2025-02-06,VST,171.61000061035156,169.8800048828125,0.0,0.0
2025-02-07,VST,170.8800048828125,166.89999389648438,0.0,0.0
2025-02-10,VST,169.0,168.38999938964844,0.0,0.0
2025-02-11,VST,166.50999450683594,167.61000061035156,0.0,0.0
2025-02-12,VST,163.42999267578125,166.61000061035156,0.0,0.0
2025-02-13,VST,168.13999938964844,165.64999389648438,0.0,0.0
2025-02-14,VST,165.61000061035156,167.66000366210938,0.0,0.0
2025-02-18,VST,168.8699951171875,169.27999877929688,0.0,0.0
2025-02-19,VST,168.10000610351562,169.35000610351562,0.0,0.0
2025-02-20,VST,167.5,163.17999267578125,0.0,0.0
2025-02-21,VST,163.64999389648438,150.44000244140625,0.0,0.0
2025-02-24,VST,151.1999969482422,142.75999450683594,0.0,0.0
2025-02-25,VST,139.4199981689453,137.9199981689453,0.0,0.0
2025-02-26,VST,143.0,148.19000244140625,0.0,0.0
2025-02-27,VST,149.11000061035156,130.00999450683594,0.0,0.0
2025-02-28,VST,128.0,133.66000366210938,0.0,0.0
2025-03-03,VST,133.66000366210938,123.94999694824219,0.0,0.0
2025-03-04,VST,122.9800033569336,126.94000244140625,0.0,0.0
2025-03-05,VST,123.74500274658203,126.87000274658203,0.0,0.0
2025-03-06,VST,120.22000122070312,114.41000366210938,0.0,0.0
2025-03-07,VST,117.0,114.31999969482422,0.0,0.0
2025-03-10,VST,110.0,108.48999786376953,0.0,0.0
2025-03-11,VST,109.5,114.36000061035156,0.0,0.0
2025-03-12,VST,119.52999877929688,121.91999816894531,0.0,0.0
2025-03-13,VST,122.01000213623047,118.0,0.0,0.0
2025-03-14,VST,121.05000305175781,124.45999908447266,0.0,0.0
2025-03-17,VST,123.5999984741211,126.29000091552734,0.0,0.0
2025-03-18,VST,124.87999725341797,124.45999908447266,0.0,0.0
2025-03-19,VST,125.0,129.85000610351562,0.0,0.0
2025-03-20,VST,127.52999877929688,131.89999389648438,0.224,0.0
2025-03-21,VST,129.7899932861328,130.5800018310547,0.0,0.0
2025-03-24,VST,134.97999572753906,134.94000244140625,0.0,0.0
2025-03-25,VST,134.00999450683594,131.80999755859375,0.0,0.0
2025-03-26,VST,129.8000030517578,124.01000213623047,0.0,0.0
2025-03-27,VST,120.25,119.30999755859375,0.0,0.0
2025-03-28,VST,118.5,119.05000305175781,0.0,0.0
2025-03-31,VST,113.9000015258789,117.44000244140625,0.0,0.0
2025-04-01,VST,118.27999877929688,122.23999786376953,0.0,0.0
2025-04-02,VST,118.8499984741211,127.19000244140625,0.0,0.0
2025-04-03,VST,114.22000122070312,108.20999908447266,0.0,0.0
2025-04-04,VST,103.56999969482422,98.06999969482422,0.0,0.0
2025-04-07,VST,92.66000366210938,102.69000244140625,0.0,0.0
2025-04-08,VST,109.45999908447266,102.19000244140625,0.0,0.0
2025-04-09,VST,102.33999633789062,118.0199966430664,0.0,0.0
2025-04-10,VST,113.62999725341797,109.26000213623047,0.0,0.0
2025-04-11,VST,109.26000213623047,111.70999908447266,0.0,0.0
2025-04-14,VST,117.30999755859375,112.69000244140625,0.0,0.0
2025-04-15,VST,113.26000213623047,115.75,0.0,0.0
2025-04-16,VST,112.51000213623047,115.87000274658203,0.0,0.0
2025-04-17,VST,117.83000183105469,115.41999816894531,0.0,0.0
2025-04-21,VST,112.5199966430664,106.5199966430664,0.0,0.0
2025-04-22,VST,109.5,112.62999725341797,0.0,0.0
2025-04-23,VST,122.0,120.0,0.0,0.0
2025-04-24,VST,120.7699966430664,124.2300033569336,0.0,0.0
2025-04-25,VST,124.37999725341797,126.63999938964844,0.0,0.0
2025-04-28,VST,126.25,129.6199951171875,0.0,0.0
2025-04-29,VST,128.5800018310547,129.3300018310547,0.0,0.0
2025-04-30,VST,125.08999633789062,129.6300048828125,0.0,0.0
2025-05-01,VST,137.6699981689453,137.3000030517578,0.0,0.0
2025-05-02,VST,138.9199981689453,139.27999877929688,0.0,0.0
2025-05-05,VST,136.58999633789062,140.0,0.0,0.0
2025-05-06,VST,138.47999572753906,144.8000030517578,0.0,0.0
2025-05-07,VST,137.6300048828125,139.5,0.0,0.0
2025-05-08,VST,141.13999938964844,140.91000366210938,0.0,0.0
2025-05-09,VST,140.9499969482422,135.75,0.0,0.0
2025-05-12,VST,145.39999389648438,146.08999633789062,0.0,0.0
2025-05-13,VST,144.16000366210938,155.0,0.0,0.0
2025-05-14,VST,156.5,154.72000122070312,0.0,0.0
2025-05-15,VST,151.0,152.05999755859375,0.0,0.0
2025-05-16,VST,156.24000549316406,156.6199951171875,0.0,0.0
2025-05-19,VST,150.375,157.32000732421875,0.0,0.0
2025-05-20,VST,157.0,157.02999877929688,0.0,0.0
2025-05-21,VST,154.94000244140625,152.07000732421875,0.0,0.0
2025-05-22,VST,152.3000030517578,154.72000122070312,0.0,0.0
2025-05-23,VST,156.55999755859375,158.16000366210938,0.0,0.0
2025-05-27,VST,160.0,163.86000061035156,0.0,0.0
2025-05-28,VST,164.39999389648438,162.36000061035156,0.0,0.0
2025-05-29,VST,165.94000244140625,159.72999572753906,0.0,0.0
2025-05-30,VST,158.97000122070312,160.57000732421875,0.0,0.0
2025-06-02,VST,160.60000610351562,167.47000122070312,0.0,0.0
2025-06-03,VST,175.0,176.0,0.0,0.0
2025-06-04,VST,176.0,172.69000244140625,0.0,0.0
2025-06-05,VST,173.4199981689453,170.8699951171875,0.0,0.0
2025-06-06,VST,173.5,173.6199951171875,0.0,0.0
2025-06-09,VST,173.6699981689453,169.3699951171875,0.0,0.0
2025-06-10,VST,170.10000610351562,164.64999389648438,0.0,0.0
2025-06-11,VST,168.02999877929688,166.7899932861328,0.0,0.0
2025-06-12,VST,165.27000427246094,173.8699951171875,0.0,0.0
2025-06-13,VST,171.50999450683594,173.75,0.0,0.0
2025-06-16,VST,175.57000732421875,177.1999969482422,0.0,0.0
2025-06-17,VST,179.00999450683594,177.75,0.0,0.0
2025-06-18,VST,177.0,181.1300048828125,0.225,0.0
2025-06-20,VST,180.89999389648438,185.10000610351562,0.0,0.0
2025-06-23,VST,184.24000549316406,186.5500030517578,0.0,0.0
2025-06-24,VST,188.1300048828125,186.1699981689453,0.0,0.0
2025-06-25,VST,188.02000427246094,186.32000732421875,0.0,0.0
2025-06-26,VST,187.85000610351562,190.39999389648438,0.0,0.0
2025-06-27,VST,192.0,195.0399932861328,0.0,0.0
2025-06-30,VST,197.5,193.80999755859375,0.0,0.0
2025-07-01,VST,192.82000732421875,185.10000610351562,0.0,0.0
2025-07-02,VST,184.6999969482422,187.02000427246094,0.0,0.0
2025-07-03,VST,188.13999938964844,192.1999969482422,0.0,0.0
2025-07-07,VST,191.0,193.6999969482422,0.0,0.0
2025-07-08,VST,194.6199951171875,190.17999267578125,0.0,0.0
2025-07-09,VST,192.72000122070312,197.00999450683594,0.0,0.0
2025-07-10,VST,196.7100067138672,195.77999877929688,0.0,0.0
2025-07-11,VST,194.30999755859375,196.5800018310547,0.0,0.0
2025-07-14,VST,196.5500030517578,194.80999755859375,0.0,0.0
2025-07-15,VST,195.17999267578125,191.3699951171875,0.0,0.0
2025-07-16,VST,191.10000610351562,184.1300048828125,0.0,0.0
2025-07-17,VST,186.4199981689453,182.0,0.0,0.0
2025-07-18,VST,182.82000732421875,193.00999450683594,0.0,0.0
2025-07-21,VST,193.63999938964844,188.22999572753906,0.0,0.0
2025-07-22,VST,187.6699981689453,189.08999633789062,0.0,0.0
2025-07-23,VST,198.82000732421875,200.1199951171875,0.0,0.0
2025-07-24,VST,202.10000610351562,196.24000549316406,0.0,0.0
2025-07-25,VST,195.02000427246094,192.1999969482422,0.0,0.0
2025-07-28,VST,193.11000061035156,195.8800048828125,0.0,0.0
2025-07-29,VST,197.1999969482422,198.0,0.0,0.0
2025-07-30,VST,199.39999389648438,207.0500030517578,0.0,0.0
2025-07-31,VST,209.74000549316406,208.5399932861328,0.0,0.0
2025-08-01,VST,200.14999389648438,208.0500030517578,0.0,0.0
2025-08-04,VST,210.5500030517578,214.05999755859375,0.0,0.0
2025-08-05,VST,214.9499969482422,209.60000610351562,0.0,0.0
2025-08-06,VST,208.63999938964844,200.85000610351562,0.0,0.0
2025-08-07,VST,190.2100067138672,205.58999633789062,0.0,0.0
2025-08-08,VST,206.11000061035156,202.1199951171875,0.0,0.0
2025-08-11,VST,203.60000610351562,200.0800018310547,0.0,0.0
2025-08-12,VST,202.50999450683594,209.55999755859375,0.0,0.0
2025-08-13,VST,210.19000244140625,205.27999877929688,0.0,0.0
2025-08-14,VST,204.13499450683594,202.35000610351562,0.0,0.0
2025-08-15,VST,203.0,197.3300018310547,0.0,0.0
2025-08-18,VST,197.0,198.9600067138672,0.0,0.0
2025-08-19,VST,197.4600067138672,193.52000427246094,0.0,0.0
2025-08-20,VST,191.0,192.91000366210938,0.0,0.0
2025-08-21,VST,193.0,190.27999877929688,0.0,0.0
2025-08-22,VST,191.13999938964844,190.4600067138672,0.0,0.0
2025-08-25,VST,191.5399932861328,190.0800018310547,0.0,0.0
2025-08-26,VST,190.4499969482422,195.1199951171875,0.0,0.0
2025-08-27,VST,194.32000732421875,194.60000610351562,0.0,0.0
2025-08-28,VST,195.1999969482422,196.6999969482422,0.0,0.0
2025-08-29,VST,195.5500030517578,189.11000061035156,0.0,0.0
2025-09-02,VST,184.5500030517578,185.80999755859375,0.0,0.0
2025-09-03,VST,186.0,188.1199951171875,0.0,0.0
2025-09-04,VST,189.0,189.72999572753906,0.0,0.0
2025-09-05,VST,190.25,188.0,0.0,0.0
2025-09-08,VST,189.58999633789062,188.00999450683594,0.0,0.0
2025-09-09,VST,190.0,193.77999877929688,0.0,0.0
2025-09-10,VST,200.52000427246094,209.2100067138672,0.0,0.0
2025-09-11,VST,208.77999877929688,204.0500030517578,0.0,0.0
2025-09-12,VST,202.9250030517578,209.6999969482422,0.0,0.0
2025-09-15,VST,209.6999969482422,213.52000427246094,0.0,0.0
2025-09-16,VST,213.8000030517578,209.42999267578125,0.0,0.0
2025-09-17,VST,211.2949981689453,208.30999755859375,0.0,0.0
2025-09-18,VST,213.30999755859375,210.16000366210938,0.0,0.0
2025-09-19,VST,211.42999267578125,211.27999877929688,0.226,0.0
2025-09-22,VST,211.0,217.9199981689453,0.0,0.0
2025-09-23,VST,210.11000061035156,204.24000549316406,0.0,0.0
2025-09-24,VST,203.25999450683594,202.05999755859375,0.0,0.0
2025-09-25,VST,198.0,201.6199951171875,0.0,0.0
2025-09-26,VST,201.1999969482422,207.22000122070312,0.0,0.0
2025-09-29,VST,202.0,197.94000244140625,0.0,0.0
2025-09-30,VST,199.19000244140625,195.9199981689453,0.0,0.0
2025-10-01,VST,195.0,201.50999450683594,0.0,0.0
2025-10-02,VST,204.0399932861328,202.64999389648438,0.0,0.0
2025-10-03,VST,204.35000610351562,201.99000549316406,0.0,0.0
2025-10-06,VST,206.16000366210938,200.41000366210938,0.0,0.0
2025-10-07,VST,201.57000732421875,199.6199951171875,0.0,0.0
2025-10-08,VST,201.5800018310547,206.5500030517578,0.0,0.0
2025-10-09,VST,207.0,210.0,0.0,0.0
2025-10-10,VST,209.75999450683594,196.86000061035156,0.0,0.0
2025-10-13,VST,201.1199951171875,209.5500030517578,0.0,0.0
2025-10-14,VST,205.7899932861328,205.50999450683594,0.0,0.0
2025-10-15,VST,209.32000732421875,210.85000610351562,0.0,0.0
2025-10-16,VST,214.7899932861328,210.39999389648438,0.0,0.0
2025-10-17,VST,207.6699981689453,201.35000610351562,0.0,0.0
2025-10-20,VST,204.1300048828125,194.24000549316406,0.0,0.0
2025-10-21,VST,192.8800048828125,186.52000427246094,0.0,0.0
2025-10-22,VST,187.5500030517578,185.8300018310547,0.0,0.0
2025-10-23,VST,185.7100067138672,191.3699951171875,0.0,0.0
2025-10-24,VST,196.60000610351562,201.47000122070312,0.0,0.0
2025-10-27,VST,203.66000366210938,199.3000030517578,0.0,0.0
2025-10-28,VST,197.31500244140625,190.58999633789062,0.0,0.0
2025-10-29,VST,192.3000030517578,199.3699951171875,0.0,0.0
2025-10-30,VST,194.67999267578125,189.7100067138672,0.0,0.0
2025-10-31,VST,192.0,188.3000030517578,0.0,0.0
2025-11-03,VST,190.80999755859375,193.0399932861328,0.0,0.0
2025-11-04,VST,188.10000610351562,185.74000549316406,0.0,0.0
2025-11-05,VST,186.25999450683594,189.38999938964844,0.0,0.0
2025-11-06,VST,182.88999938964844,184.6199951171875,0.0,0.0
2025-11-07,VST,178.5,191.0,0.0,0.0
2025-11-10,VST,194.8000030517578,188.27999877929688,0.0,0.0
2025-11-11,VST,185.9199981689453,179.16000366210938,0.0,0.0
2025-11-12,VST,180.3300018310547,178.27000427246094,0.0,0.0
2025-11-13,VST,176.91000366210938,171.55999755859375,0.0,0.0
2025-11-14,VST,167.17999267578125,174.69000244140625,0.0,0.0
2025-11-17,VST,175.42999267578125,175.0,0.0,0.0
2025-11-18,VST,172.66000366210938,174.4199981689453,0.0,0.0
2025-11-19,VST,175.16000366210938,179.13999938964844,0.0,0.0
2025-11-20,VST,184.82000732421875,173.7899932861328,0.0,0.0
2025-11-21,VST,172.0,168.58999633789062,0.0,0.0
2025-11-24,VST,169.57000732421875,175.13999938964844,0.0,0.0
2025-11-25,VST,174.0800018310547,170.83999633789062,0.0,0.0
2025-11-26,VST,174.0,176.8000030517578,0.0,0.0
2025-11-28,VST,179.0,178.86000061035156,0.0,0.0
2025-12-01,VST,176.00999450683594,173.63999938964844,0.0,0.0
2025-12-02,VST,175.39999389648438,172.5500030517578,0.0,0.0
2025-12-03,VST,172.66000366210938,171.64999389648438,0.0,0.0
2025-12-04,VST,171.89999389648438,176.07000732421875,0.0,0.0
2025-12-05,VST,176.52000427246094,167.1699981689453,0.0,0.0
2025-12-08,VST,167.82000732421875,166.1199951171875,0.0,0.0
2025-12-09,VST,165.3699951171875,164.80999755859375,0.0,0.0
2025-12-10,VST,165.33999633789062,165.1699981689453,0.0,0.0
2025-12-11,VST,162.0500030517578,174.60000610351562,0.0,0.0
2025-12-12,VST,175.1999969482422,170.10000610351562,0.0,0.0
2025-12-15,VST,172.9600067138672,168.25,0.0,0.0
2025-12-16,VST,166.64999389648438,173.4499969482422,0.0,0.0
2025-12-17,VST,174.00999450683594,159.97000122070312,0.0,0.0
2025-12-18,VST,165.66000366210938,166.1699981689453,0.0,0.0
2025-12-19,VST,166.6999969482422,163.02999877929688,0.0,0.0
2025-12-22,VST,164.0,161.57000732421875,0.227,0.0
2025-12-23,VST,161.57000732421875,161.6699981689453,0.0,0.0
2025-12-24,VST,160.99000549316406,161.9600067138672,0.0,0.0
2025-12-26,VST,161.6699981689453,161.6699981689453,0.0,0.0
2025-12-29,VST,161.0,161.83999633789062,0.0,0.0
2025-12-30,VST,162.0,162.6199951171875,0.0,0.0
2025-12-31,VST,162.88999938964844,161.3300018310547,0.0,0.0
2026-01-02,VST,163.88999938964844,165.22999572753906,0.0,0.0
2026-01-05,VST,169.3699951171875,162.92999267578125,0.0,0.0
2026-01-06,VST,169.0,169.52999877929688,0.0,0.0
2026-01-07,VST,168.64999389648438,154.60000610351562,0.0,0.0
2026-01-08,VST,155.25,150.60000610351562,0.0,0.0
2026-01-09,VST,174.3300018310547,166.3699951171875,0.0,0.0
2026-01-12,VST,164.6699981689453,172.5800018310547,0.0,0.0
2026-01-13,VST,174.0,171.4199981689453,0.0,0.0
2026-01-14,VST,169.38999938964844,168.97000122070312,0.0,0.0
2026-01-15,VST,173.0,180.17999267578125,0.0,0.0
2026-01-16,VST,167.5500030517578,166.60000610351562,0.0,0.0
2026-01-20,VST,161.27000427246094,156.80999755859375,0.0,0.0
2026-01-21,VST,159.00999450683594,160.02000427246094,0.0,0.0
2026-01-22,VST,161.92999267578125,160.36000061035156,0.0,0.0
2026-01-23,VST,160.0,160.1199951171875,0.0,0.0
2026-01-26,VST,160.58999633789062,158.80999755859375,0.0,0.0
2026-01-27,VST,159.50999450683594,164.25999450683594,0.0,0.0
2026-01-28,VST,166.0,165.63999938964844,0.0,0.0
2026-01-29,VST,165.9600067138672,162.5800018310547,0.0,0.0
2026-01-30,VST,161.5,158.35000610351562,0.0,0.0
2026-02-02,VST,157.64999389648438,154.25999450683594,0.0,0.0
2026-02-03,VST,156.1199951171875,153.0,0.0,0.0
2026-02-04,VST,153.19000244140625,142.52000427246094,0.0,0.0
2026-02-05,VST,141.0,143.07000732421875,0.0,0.0
2026-02-06,VST,150.0,149.64999389648438,0.0,0.0
2026-02-09,VST,150.0,152.97000122070312,0.0,0.0
2026-02-10,VST,160.39999389648438,159.60000610351562,0.0,0.0
2026-02-11,VST,165.0,160.14999389648438,0.0,0.0
2026-02-12,VST,160.72999572753906,163.10000610351562,0.0,0.0
2026-02-13,VST,162.39999389648438,171.49000549316406,0.0,0.0
2026-02-17,VST,170.8800048828125,173.67999267578125,0.0,0.0
2026-02-18,VST,174.00999450683594,170.57000732421875,0.0,0.0
2026-02-19,VST,169.91000366210938,172.5,0.0,0.0
2026-02-20,VST,172.3000030517578,171.39999389648438,0.0,0.0
2026-02-23,VST,170.63999938964844,167.8000030517578,0.0,0.0
2026-02-24,VST,167.27999877929688,171.6199951171875,0.0,0.0
2026-02-25,VST,172.3800048828125,175.36000061035156,0.0,0.0
2026-02-26,VST,171.36000061035156,176.82000732421875,0.0,0.0
2026-02-27,VST,175.0,173.88999938964844,0.0,0.0
2026-03-02,VST,170.1999969482422,165.99000549316406,0.0,0.0
2026-03-03,VST,161.69000244140625,161.6999969482422,0.0,0.0
2026-03-04,VST,161.58999633789062,163.36000061035156,0.0,0.0
2026-03-05,VST,161.8800048828125,167.39999389648438,0.0,0.0
2026-03-06,VST,164.4499969482422,158.64999389648438,0.0,0.0
2026-03-09,VST,155.89999389648438,163.6199951171875,0.0,0.0
2026-03-10,VST,165.36000061035156,164.39999389648438,0.0,0.0
2026-03-11,VST,163.60000610351562,159.16000366210938,0.0,0.0
2026-03-12,VST,157.0800018310547,159.5800018310547,0.0,0.0
2026-03-13,VST,161.75999450683594,158.9499969482422,0.0,0.0
2026-03-16,VST,161.0,161.99000549316406,0.0,0.0
2026-03-17,VST,162.80999755859375,164.3300018310547,0.0,0.0
2026-03-18,VST,165.75,170.1199951171875,0.0,0.0
2026-03-19,VST,167.1699981689453,167.3699951171875,0.0,0.0
2026-03-20,VST,166.47000122070312,146.02000427246094,0.228,0.0
2026-03-23,VST,151.4499969482422,151.2899932861328,0.0,0.0
2026-03-24,VST,150.5500030517578,152.72000122070312,0.0,0.0
2026-03-25,VST,155.0,151.50999450683594,0.0,0.0
2026-03-26,VST,149.5,152.3000030517578,0.0,0.0
2026-03-27,VST,151.75,155.47999572753906,0.0,0.0
2026-03-30,VST,157.10000610351562,147.5399932861328,0.0,0.0
2026-03-31,VST,143.89999389648438,150.3300018310547,0.0,0.0
2026-04-01,VST,151.47000122070312,153.9600067138672,0.0,0.0
2026-04-02,VST,151.2100067138672,151.17999267578125,0.0,0.0
2026-04-06,VST,151.0399932861328,151.58999633789062,0.0,0.0
2026-04-07,VST,151.07000732421875,153.67999267578125,0.0,0.0
2026-04-08,VST,160.75,155.88999938964844,0.0,0.0
2026-04-09,VST,155.88999938964844,152.75,0.0,0.0
2026-04-10,VST,153.5,154.72999572753906,0.0,0.0
2026-04-13,VST,152.64999389648438,158.1999969482422,0.0,0.0
2026-04-14,VST,162.41000366210938,163.97000122070312,0.0,0.0
2026-04-15,VST,165.5,162.94000244140625,0.0,0.0
2026-04-16,VST,164.57000732421875,165.52999877929688,0.0,0.0
2026-04-17,VST,166.25999450683594,163.4600067138672,0.0,0.0
2026-04-20,VST,163.0500030517578,159.60000610351562,0.0,0.0
2026-04-21,VST,160.75999450683594,154.91000366210938,0.0,0.0
2026-04-22,VST,157.8000030517578,155.7899932861328,0.0,0.0
2026-04-23,VST,155.9600067138672,156.85000610351562,0.0,0.0
2026-04-24,VST,156.3300018310547,164.35000610351562,0.0,0.0
2026-04-27,VST,165.0,166.5800018310547,0.0,0.0
2026-04-28,VST,162.5,161.1199951171875,0.0,0.0
2026-04-29,VST,160.86000061035156,153.7899932861328,0.0,0.0
2026-04-30,VST,156.2899932861328,157.83999633789062,0.0,0.0
2026-05-01,VST,158.30999755859375,155.27999877929688,0.0,0.0
2026-05-04,VST,157.69000244140625,160.85000610351562,0.0,0.0
2026-05-05,VST,163.0,160.3800048828125,0.0,0.0
2026-05-06,VST,161.4949951171875,158.2899932861328,0.0,0.0
2026-05-07,VST,163.0399932861328,153.9499969482422,0.0,0.0
2026-05-08,VST,155.0,147.72000122070312,0.0,0.0
2026-05-11,VST,148.0,152.0500030517578,0.0,0.0
2026-05-12,VST,149.49000549316406,146.8699951171875,0.0,0.0
2026-05-13,VST,146.27999877929688,142.61000061035156,0.0,0.0
2026-05-14,VST,141.3800048828125,141.89999389648438,0.0,0.0
2026-05-15,VST,139.77499389648438,139.67999267578125,0.0,0.0
2026-05-18,VST,139.0,136.75,0.0,0.0
2026-05-19,VST,135.8000030517578,134.7100067138672,0.0,0.0
2026-05-20,VST,138.0,144.0,0.0,0.0
2026-05-21,VST,145.47000122070312,149.0800018310547,0.0,0.0
2026-05-22,VST,151.02999877929688,156.27000427246094,0.0,0.0
2026-05-26,VST,158.91000366210938,164.55999755859375,0.0,0.0
2026-05-27,VST,164.9600067138672,160.14999389648438,0.0,0.0
2026-05-28,VST,158.83999633789062,160.27999877929688,0.0,0.0
2026-05-29,VST,160.0,160.22999572753906,0.0,0.0
2026-06-01,VST,157.0,154.75999450683594,0.0,0.0
2026-06-02,VST,155.94000244140625,157.97000122070312,0.0,0.0
2026-06-03,VST,156.50999450683594,153.8000030517578,0.0,0.0
2026-06-04,VST,151.5399932861328,153.6999969482422,0.0,0.0
2026-06-05,VST,152.0,148.75999450683594,0.0,0.0
2026-06-08,VST,148.30999755859375,146.89999389648438,0.0,0.0
2026-06-09,VST,148.4199981689453,146.22000122070312,0.0,0.0
2026-06-10,VST,143.35000610351562,138.5399932861328,0.0,0.0
2026-06-11,VST,140.99000549316406,146.3800048828125,0.0,0.0
2026-06-12,VST,148.0,148.02000427246094,0.0,0.0
2026-06-15,VST,152.80999755859375,153.52000427246094,0.0,0.0
2026-06-16,VST,153.25,158.61000061035156,0.0,0.0
2026-06-17,VST,158.56500244140625,158.8300018310547,0.0,0.0
2026-06-18,VST,162.08999633789062,163.75,0.0,0.0
2026-06-22,VST,163.5050048828125,167.25999450683594,0.229,0.0
2026-06-23,VST,160.0800018310547,162.38999938964844,0.0,0.0
2026-06-24,VST,163.02999877929688,162.8699951171875,0.0,0.0
2026-06-25,VST,166.91000366210938,167.77000427246094,0.0,0.0
2026-06-26,VST,165.86000061035156,163.49000549316406,0.0,0.0
2026-06-29,VST,163.6999969482422,162.3800048828125,0.0,0.0
2026-06-30,VST,162.5800018310547,158.6300048828125,0.0,0.0
2026-07-01,VST,156.0,153.16000366210938,0.0,0.0
2026-07-02,VST,153.9499969482422,151.0500030517578,0.0,0.0
2026-07-06,VST,152.47000122070312,157.22000122070312,0.0,0.0
2026-07-07,VST,156.1300048828125,155.72999572753906,0.0,0.0
2026-07-08,VST,153.99000549316406,154.82000732421875,0.0,0.0
2026-07-09,VST,159.00999450683594,157.97999572753906,0.0,0.0
2026-07-10,VST,157.5500030517578,158.86000061035156,0.0,0.0
2026-07-13,VST,157.64999389648438,158.1199951171875,0.0,0.0
2026-07-14,VST,161.0,158.42999267578125,0.0,0.0
2026-07-15,VST,162.5,160.22999572753906,0.0,0.0
2026-07-16,VST,157.8699951171875,152.55999755859375,0.0,0.0
2026-07-17,VST,150.36000061035156,155.44000244140625,0.0,0.0
2026-07-20,VST,157.52000427246094,157.99000549316406,0.0,0.0
2026-07-21,VST,160.99000549316406,162.3300018310547,0.0,0.0
2026-07-22,VST,160.11000061035156,166.74000549316406,0.0,0.0
2026-07-23,VST,166.25999450683594,168.97999572753906,0.0,0.0
2026-07-24,VST,168.69500732421875,163.3800048828125,0.0,0.0
2026-07-27,VST,165.5,157.0800018310547,0.0,0.0
2026-07-28,VST,153.9199981689453,148.63999938964844,0.0,0.0
2026-07-29,VST,148.72500610351562,142.80999755859375,0.0,0.0
2026-07-30,VST,148.0,148.6199951171875,0.0,0.0
2026-07-31,VST,151.85000610351562,148.19000244140625,0.0,0.0
2026-08-03,VST,148.77000427246094,155.94000244140625,0.0,0.0
2026-08-04,VST,155.60000610351562,143.22999572753906,0.0,0.0
2026-08-05,VST,143.89500427246094,140.5800018310547,0.0,0.0
2026-08-06,VST,142.0,141.3800048828125,0.0,0.0
2026-08-07,VST,138.61500549316406,140.58999633789062,0.0,0.0
2026-08-10,VST,141.91000366210938,142.8699951171875,0.0,0.0
2026-08-11,VST,144.5399932861328,144.9199981689453,0.0,0.0
2026-08-12,VST,149.0,146.67999267578125,0.0,0.0
2026-08-13,VST,146.25,146.39999389648438,0.0,0.0
2026-08-14,VST,146.89999389648438,148.1300048828125,0.0,0.0
2026-08-17,VST,149.3699951171875,146.11000061035156,0.0,0.0
2026-08-18,VST,144.5,140.52000427246094,0.0,0.0
2026-08-19,VST,140.74000549316406,142.6999969482422,0.0,0.0
2026-08-20,VST,142.6999969482422,138.94000244140625,0.0,0.0
2026-08-21,VST,139.99000549316406,136.2100067138672,0.0,0.0
2026-08-24,VST,135.8800048828125,135.66000366210938,0.0,0.0
2026-08-25,VST,138.3699951171875,139.02999877929688,0.0,0.0
2026-08-26,VST,139.39999389648438,140.02999877929688,0.0,0.0
2026-08-27,VST,142.0,139.80999755859375,0.0,0.0
2026-08-28,VST,140.88999938964844,137.08999633789062,0.0,0.0
2024-08-29,WMT,75.98999786376953,76.41999816894531,0.0,0.0
2024-08-30,WMT,76.44000244140625,77.2300033569336,0.0,0.0
2024-09-03,WMT,77.33000183105469,77.16999816894531,0.0,0.0
2024-09-04,WMT,77.33000183105469,77.23999786376953,0.0,0.0
2024-09-05,WMT,77.25,76.95999908447266,0.0,0.0
2024-09-06,WMT,76.9000015258789,76.63999938964844,0.0,0.0
2024-09-09,WMT,76.8499984741211,77.33999633789062,0.0,0.0
2024-09-10,WMT,77.3499984741211,78.80999755859375,0.0,0.0
2024-09-11,WMT,78.37999725341797,78.83999633789062,0.0,0.0
2024-09-12,WMT,78.98999786376953,79.66000366210938,0.0,0.0
2024-09-13,WMT,79.81999969482422,80.5999984741211,0.0,0.0
2024-09-16,WMT,80.83999633789062,80.55999755859375,0.0,0.0
2024-09-17,WMT,79.76000213623047,78.5999984741211,0.0,0.0
2024-09-18,WMT,78.63999938964844,79.02999877929688,0.0,0.0
2024-09-19,WMT,79.05000305175781,78.04000091552734,0.0,0.0
2024-09-20,WMT,78.2300033569336,79.05999755859375,0.0,0.0
2024-09-23,WMT,79.06999969482422,80.33000183105469,0.0,0.0
2024-09-24,WMT,80.4800033569336,80.66999816894531,0.0,0.0
2024-09-25,WMT,80.88999938964844,81.4000015258789,0.0,0.0
2024-09-26,WMT,81.04000091552734,79.91999816894531,0.0,0.0
2024-09-27,WMT,79.9000015258789,79.77999877929688,0.0,0.0
2024-09-30,WMT,79.88999938964844,80.75,0.0,0.0
2024-10-01,WMT,80.68000030517578,81.2699966430664,0.0,0.0
2024-10-02,WMT,80.98999786376953,80.43000030517578,0.0,0.0
2024-10-03,WMT,80.30000305175781,80.43000030517578,0.0,0.0
2024-10-04,WMT,80.05000305175781,80.94000244140625,0.0,0.0
2024-10-07,WMT,80.69000244140625,79.0999984741211,0.0,0.0
2024-10-08,WMT,79.62000274658203,79.70999908447266,0.0,0.0
2024-10-09,WMT,79.81999969482422,80.4000015258789,0.0,0.0
2024-10-10,WMT,80.30999755859375,79.61000061035156,0.0,0.0
2024-10-11,WMT,79.69999694824219,80.0999984741211,0.0,0.0
2024-10-14,WMT,80.05000305175781,80.29000091552734,0.0,0.0
2024-10-15,WMT,80.66999816894531,81.6500015258789,0.0,0.0
2024-10-16,WMT,81.52999877929688,81.22000122070312,0.0,0.0
2024-10-17,WMT,81.2699966430664,80.88999938964844,0.0,0.0
2024-10-18,WMT,80.87000274658203,81.30999755859375,0.0,0.0
2024-10-21,WMT,81.2300033569336,80.80999755859375,0.0,0.0
2024-10-22,WMT,81.11000061035156,82.0199966430664,0.0,0.0
2024-10-23,WMT,81.88999938964844,83.2699966430664,0.0,0.0
2024-10-24,WMT,82.95999908447266,83.04000091552734,0.0,0.0
2024-10-25,WMT,83.19999694824219,82.51000213623047,0.0,0.0
2024-10-28,WMT,82.75,82.75,0.0,0.0
2024-10-29,WMT,82.66999816894531,81.69999694824219,0.0,0.0
2024-10-30,WMT,81.5999984741211,81.38999938964844,0.0,0.0
2024-10-31,WMT,81.29000091552734,81.94999694824219,0.0,0.0
2024-11-01,WMT,82.52999877929688,82.19000244140625,0.0,0.0
2024-11-04,WMT,82.19999694824219,82.44999694824219,0.0,0.0
2024-11-05,WMT,82.68000030517578,83.68000030517578,0.0,0.0
2024-11-06,WMT,85.13999938964844,83.44000244140625,0.0,0.0
2024-11-07,WMT,83.72000122070312,83.8499984741211,0.0,0.0
2024-11-08,WMT,84.27999877929688,84.83000183105469,0.0,0.0
2024-11-11,WMT,84.94999694824219,84.20999908447266,0.0,0.0
2024-11-12,WMT,84.5,84.98999786376953,0.0,0.0
2024-11-13,WMT,84.98999786376953,85.5,0.0,0.0
2024-11-14,WMT,85.02999877929688,84.47000122070312,0.0,0.0
2024-11-15,WMT,84.52999877929688,84.25,0.0,0.0
2024-11-18,WMT,84.81999969482422,84.08000183105469,0.0,0.0
2024-11-19,WMT,86.2300033569336,86.5999984741211,0.0,0.0
2024-11-20,WMT,86.5999984741211,87.18000030517578,0.0,0.0
2024-11-21,WMT,87.44999694824219,88.38999938964844,0.0,0.0
2024-11-22,WMT,89.41000366210938,90.44000244140625,0.0,0.0
2024-11-25,WMT,90.5,89.5,0.0,0.0
2024-11-26,WMT,89.88999938964844,91.30999755859375,0.0,0.0
2024-11-27,WMT,92.0,91.87999725341797,0.0,0.0
2024-11-29,WMT,92.26000213623047,92.5,0.0,0.0
2024-12-02,WMT,92.81999969482422,92.63999938964844,0.0,0.0
2024-12-03,WMT,92.77999877929688,93.51000213623047,0.0,0.0
2024-12-04,WMT,93.44999694824219,94.44999694824219,0.0,0.0
2024-12-05,WMT,94.88999938964844,95.30000305175781,0.0,0.0
2024-12-06,WMT,95.54000091552734,95.69999694824219,0.0,0.0
2024-12-09,WMT,95.66000366210938,93.83000183105469,0.0,0.0
2024-12-10,WMT,94.05000305175781,94.55000305175781,0.0,0.0
2024-12-11,WMT,94.54000091552734,94.95999908447266,0.0,0.0
2024-12-12,WMT,95.68000030517578,94.08999633789062,0.0,0.0
2024-12-13,WMT,93.80000305175781,94.25,0.208,0.0
2024-12-16,WMT,94.41999816894531,94.87000274658203,0.0,0.0
2024-12-17,WMT,95.13999938964844,95.41999816894531,0.0,0.0
2024-12-18,WMT,95.33999633789062,93.55000305175781,0.0,0.0
2024-12-19,WMT,94.4800033569336,93.4000015258789,0.0,0.0
2024-12-20,WMT,93.01000213623047,92.23999786376953,0.0,0.0
2024-12-23,WMT,91.5,90.3499984741211,0.0,0.0
2024-12-24,WMT,90.37000274658203,92.68000030517578,0.0,0.0
2024-12-26,WMT,92.54000091552734,92.79000091552734,0.0,0.0
2024-12-27,WMT,92.12999725341797,91.66000366210938,0.0,0.0
2024-12-30,WMT,90.7300033569336,90.56999969482422,0.0,0.0
2024-12-31,WMT,90.56999969482422,90.3499984741211,0.0,0.0
2025-01-02,WMT,89.9800033569336,90.0,0.0,0.0
2025-01-03,WMT,90.1500015258789,90.77999877929688,0.0,0.0
2025-01-06,WMT,90.83000183105469,91.43000030517578,0.0,0.0
2025-01-07,WMT,91.69999694824219,90.80999755859375,0.0,0.0
2025-01-08,WMT,91.11000061035156,91.80000305175781,0.0,0.0
2025-01-10,WMT,92.48999786376953,93.0,0.0,0.0
2025-01-13,WMT,92.12000274658203,91.52999877929688,0.0,0.0
2025-01-14,WMT,91.86000061035156,90.79000091552734,0.0,0.0
2025-01-15,WMT,91.06999969482422,91.33999633789062,0.0,0.0
2025-01-16,WMT,91.5,91.30000305175781,0.0,0.0
2025-01-17,WMT,92.06999969482422,91.94000244140625,0.0,0.0
2025-01-21,WMT,92.4800033569336,93.08000183105469,0.0,0.0
2025-01-22,WMT,93.7699966430664,93.2300033569336,0.0,0.0
2025-01-23,WMT,92.95999908447266,93.80999755859375,0.0,0.0
2025-01-24,WMT,93.54000091552734,94.76000213623047,0.0,0.0
2025-01-27,WMT,95.9000015258789,97.4000015258789,0.0,0.0
2025-01-28,WMT,97.2300033569336,97.29000091552734,0.0,0.0
2025-01-29,WMT,97.43000030517578,97.5,0.0,0.0
2025-01-30,WMT,97.69000244140625,98.6500015258789,0.0,0.0
2025-01-31,WMT,99.0,98.16000366210938,0.0,0.0
2025-02-03,WMT,96.7699966430664,99.54000091552734,0.0,0.0
2025-02-04,WMT,99.97000122070312,100.7699966430664,0.0,0.0
2025-02-05,WMT,100.6500015258789,102.45999908447266,0.0,0.0
2025-02-06,WMT,102.52999877929688,102.8499984741211,0.0,0.0
2025-02-07,WMT,103.0,101.1500015258789,0.0,0.0
2025-02-10,WMT,101.94999694824219,102.91999816894531,0.0,0.0
2025-02-11,WMT,102.62000274658203,102.47000122070312,0.0,0.0
2025-02-12,WMT,102.12000274658203,103.61000061035156,0.0,0.0
2025-02-13,WMT,104.0,105.05000305175781,0.0,0.0
2025-02-14,WMT,105.30000305175781,104.04000091552734,0.0,0.0
2025-02-18,WMT,103.72000122070312,103.77999877929688,0.0,0.0
2025-02-19,WMT,103.8499984741211,104.0,0.0,0.0
2025-02-20,WMT,98.77999877929688,97.20999908447266,0.0,0.0
2025-02-21,WMT,96.52999877929688,94.77999877929688,0.0,0.0
2025-02-24,WMT,94.18000030517578,93.66999816894531,0.0,0.0
2025-02-25,WMT,94.3499984741211,97.69000244140625,0.0,0.0
2025-02-26,WMT,97.69999694824219,96.19999694824219,0.0,0.0
2025-02-27,WMT,95.9000015258789,96.79000091552734,0.0,0.0
2025-02-28,WMT,97.79000091552734,98.61000061035156,0.0,0.0
2025-03-03,WMT,97.9800033569336,97.58999633789062,0.0,0.0
2025-03-04,WMT,95.76000213623047,94.97000122070312,0.0,0.0
2025-03-05,WMT,94.97000122070312,95.9800033569336,0.0,0.0
2025-03-06,WMT,94.80000305175781,94.63999938964844,0.0,0.0
2025-03-07,WMT,93.94000244140625,91.72000122070312,0.0,0.0
2025-03-10,WMT,89.76000213623047,87.81999969482422,0.0,0.0
2025-03-11,WMT,87.29000091552734,87.44000244140625,0.0,0.0
2025-03-12,WMT,87.87999725341797,85.19999694824219,0.0,0.0
2025-03-13,WMT,84.94000244140625,84.5,0.0,0.0
2025-03-14,WMT,84.95999908447266,85.3499984741211,0.0,0.0
2025-03-17,WMT,85.12999725341797,87.45999908447266,0.0,0.0
2025-03-18,WMT,87.44000244140625,85.58999633789062,0.0,0.0
2025-03-19,WMT,85.94999694824219,86.33000183105469,0.0,0.0
2025-03-20,WMT,85.80999755859375,85.80999755859375,0.0,0.0
2025-03-21,WMT,85.27999877929688,85.9800033569336,0.235,0.0
2025-03-24,WMT,86.47000122070312,87.48999786376953,0.0,0.0
2025-03-25,WMT,86.76000213623047,84.76000213623047,0.0,0.0
2025-03-26,WMT,85.19000244140625,85.20999908447266,0.0,0.0
2025-03-27,WMT,84.77999877929688,85.62999725341797,0.0,0.0
2025-03-28,WMT,85.43000030517578,85.1500015258789,0.0,0.0
2025-03-31,WMT,84.76000213623047,87.79000091552734,0.0,0.0
2025-04-01,WMT,87.54000091552734,88.83000183105469,0.0,0.0
2025-04-02,WMT,88.19999694824219,89.76000213623047,0.0,0.0
2025-04-03,WMT,86.27999877929688,87.26000213623047,0.0,0.0
2025-04-04,WMT,85.63999938964844,83.19000244140625,0.0,0.0
2025-04-07,WMT,80.23999786376953,83.83000183105469,0.0,0.0
2025-04-08,WMT,85.8499984741211,81.79000091552734,0.0,0.0
2025-04-09,WMT,83.33000183105469,89.5999984741211,0.0,0.0
2025-04-10,WMT,88.7300033569336,90.61000061035156,0.0,0.0
2025-04-11,WMT,90.68000030517578,92.80000305175781,0.0,0.0
2025-04-14,WMT,93.2699966430664,94.7300033569336,0.0,0.0
2025-04-15,WMT,94.81999969482422,93.97000122070312,0.0,0.0
2025-04-16,WMT,94.0,91.19000244140625,0.0,0.0
2025-04-17,WMT,91.83000183105469,93.22000122070312,0.0,0.0
2025-04-21,WMT,93.0199966430664,92.41000366210938,0.0,0.0
2025-04-22,WMT,92.87999725341797,94.8499984741211,0.0,0.0
2025-04-23,WMT,95.0199966430664,94.95999908447266,0.0,0.0
2025-04-24,WMT,94.70999908447266,95.83999633789062,0.0,0.0
2025-04-25,WMT,95.80000305175781,95.08999633789062,0.0,0.0
2025-04-28,WMT,95.0999984741211,95.22000122070312,0.0,0.0
2025-04-29,WMT,94.83999633789062,96.04000091552734,0.0,0.0
2025-04-30,WMT,95.94000244140625,97.25,0.0,0.0
2025-05-01,WMT,97.0199966430664,97.41000366210938,0.0,0.0
2025-05-02,WMT,97.94999694824219,98.75,0.0,0.0
2025-05-05,WMT,98.94000244140625,99.33000183105469,0.0,0.0
2025-05-06,WMT,98.73999786376953,98.55000305175781,0.0,0.0
2025-05-07,WMT,98.55000305175781,98.83000183105469,0.0,0.0
2025-05-08,WMT,98.75,97.43000030517578,0.0,0.0
2025-05-09,WMT,96.75,96.72000122070312,0.235,0.0
2025-05-12,WMT,97.66999816894531,96.75,0.0,0.0
2025-05-13,WMT,96.5,95.87999725341797,0.0,0.0
2025-05-14,WMT,96.02999877929688,96.83000183105469,0.0,0.0
2025-05-15,WMT,94.30000305175781,96.3499984741211,0.0,0.0
2025-05-16,WMT,96.13999938964844,98.23999786376953,0.0,0.0
2025-05-19,WMT,96.6500015258789,98.12000274658203,0.0,0.0
2025-05-20,WMT,98.55999755859375,97.80000305175781,0.0,0.0
2025-05-21,WMT,97.12999725341797,96.43000030517578,0.0,0.0
2025-05-22,WMT,96.54000091552734,95.93000030517578,0.0,0.0
2025-05-23,WMT,95.33999633789062,96.33999633789062,0.0,0.0
2025-05-27,WMT,97.30000305175781,97.58000183105469,0.0,0.0
2025-05-28,WMT,97.5199966430664,97.23999786376953,0.0,0.0
2025-05-29,WMT,97.62999725341797,97.0999984741211,0.0,0.0
2025-05-30,WMT,96.95999908447266,98.72000122070312,0.0,0.0
2025-06-02,WMT,98.83999633789062,99.7699966430664,0.0,0.0
2025-06-03,WMT,99.56999969482422,99.9800033569336,0.0,0.0
2025-06-04,WMT,99.79000091552734,99.3499984741211,0.0,0.0
2025-06-05,WMT,99.30000305175781,97.95999908447266,0.0,0.0
2025-06-06,WMT,98.37000274658203,97.47000122070312,0.0,0.0
2025-06-09,WMT,97.4000015258789,97.44999694824219,0.0,0.0
2025-06-10,WMT,97.29000091552734,97.31999969482422,0.0,0.0
2025-06-11,WMT,97.29000091552734,95.80000305175781,0.0,0.0
2025-06-12,WMT,94.88999938964844,94.83000183105469,0.0,0.0
2025-06-13,WMT,94.5199966430664,94.44000244140625,0.0,0.0
2025-06-16,WMT,94.75,94.29000091552734,0.0,0.0
2025-06-17,WMT,93.94999694824219,94.25,0.0,0.0
2025-06-18,WMT,94.56999969482422,95.08999633789062,0.0,0.0
2025-06-20,WMT,95.23999786376953,96.12000274658203,0.0,0.0
2025-06-23,WMT,95.91999816894531,97.87000274658203,0.0,0.0
2025-06-24,WMT,97.7300033569336,98.0,0.0,0.0
2025-06-25,WMT,98.30999755859375,97.26000213623047,0.0,0.0
2025-06-26,WMT,96.9000015258789,96.0199966430664,0.0,0.0
2025-06-27,WMT,96.31999969482422,97.2699966430664,0.0,0.0
2025-06-30,WMT,97.2300033569336,97.77999877929688,0.0,0.0
2025-07-01,WMT,97.5999984741211,98.23999786376953,0.0,0.0
2025-07-02,WMT,98.12999725341797,97.61000061035156,0.0,0.0
2025-07-03,WMT,97.69999694824219,98.36000061035156,0.0,0.0
2025-07-07,WMT,98.2300033569336,99.3499984741211,0.0,0.0
2025-07-08,WMT,98.81999969482422,97.08999633789062,0.0,0.0
2025-07-09,WMT,97.1500015258789,96.80999755859375,0.0,0.0
2025-07-10,WMT,96.66000366210938,94.86000061035156,0.0,0.0
2025-07-11,WMT,95.01000213623047,94.4000015258789,0.0,0.0
2025-07-14,WMT,94.51000213623047,95.77999877929688,0.0,0.0
2025-07-15,WMT,95.5999984741211,95.38999938964844,0.0,0.0
2025-07-16,WMT,95.41999816894531,95.1500015258789,0.0,0.0
2025-07-17,WMT,95.08000183105469,95.08999633789062,0.0,0.0
2025-07-18,WMT,95.08999633789062,95.05000305175781,0.0,0.0
2025-07-21,WMT,95.26000213623047,95.66999816894531,0.0,0.0
2025-07-22,WMT,95.83999633789062,95.8499984741211,0.0,0.0
2025-07-23,WMT,96.01000213623047,95.68000030517578,0.0,0.0
2025-07-24,WMT,95.56999969482422,96.5999984741211,0.0,0.0
2025-07-25,WMT,96.83999633789062,97.47000122070312,0.0,0.0
2025-07-28,WMT,97.27999877929688,97.61000061035156,0.0,0.0
2025-07-29,WMT,97.77999877929688,98.33000183105469,0.0,0.0
2025-07-30,WMT,98.61000061035156,97.58999633789062,0.0,0.0
2025-07-31,WMT,97.44000244140625,97.9800033569336,0.0,0.0
2025-08-01,WMT,98.0,98.48999786376953,0.0,0.0
2025-08-04,WMT,98.19999694824219,99.58999633789062,0.0,0.0
2025-08-05,WMT,99.66999816894531,99.30999755859375,0.0,0.0
2025-08-06,WMT,99.45999908447266,103.36000061035156,0.0,0.0
2025-08-07,WMT,103.45999908447266,103.12000274658203,0.0,0.0
2025-08-08,WMT,103.37000274658203,103.7300033569336,0.0,0.0
2025-08-11,WMT,103.9000015258789,103.93000030517578,0.0,0.0
2025-08-12,WMT,104.25,103.62000274658203,0.0,0.0
2025-08-13,WMT,102.1500015258789,100.98999786376953,0.0,0.0
2025-08-14,WMT,101.22000122070312,100.8499984741211,0.0,0.0
2025-08-15,WMT,100.62999725341797,100.0,0.235,0.0
2025-08-18,WMT,100.0,100.69999694824219,0.0,0.0
2025-08-19,WMT,100.95999908447266,101.29000091552734,0.0,0.0
2025-08-20,WMT,101.1500015258789,102.56999969482422,0.0,0.0
2025-08-21,WMT,99.41000366210938,97.95999908447266,0.0,0.0
2025-08-22,WMT,98.06999969482422,96.83000183105469,0.0,0.0
2025-08-25,WMT,97.0,96.06999969482422,0.0,0.0
2025-08-26,WMT,96.27999877929688,96.05000305175781,0.0,0.0
2025-08-27,WMT,95.9000015258789,96.08000183105469,0.0,0.0
2025-08-28,WMT,96.0,96.11000061035156,0.0,0.0
2025-08-29,WMT,96.0999984741211,96.9800033569336,0.0,0.0
2025-09-02,WMT,97.2300033569336,97.8499984741211,0.0,0.0
2025-09-03,WMT,97.8499984741211,99.44000244140625,0.0,0.0
2025-09-04,WMT,99.91000366210938,100.93000030517578,0.0,0.0
2025-09-05,WMT,101.08000183105469,100.51000213623047,0.0,0.0
2025-09-08,WMT,100.8499984741211,102.27999877929688,0.0,0.0
2025-09-09,WMT,102.0,102.29000091552734,0.0,0.0
2025-09-10,WMT,101.94999694824219,100.41000366210938,0.0,0.0
2025-09-11,WMT,100.98999786376953,102.6500015258789,0.0,0.0
2025-09-12,WMT,102.54000091552734,103.48999786376953,0.0,0.0
2025-09-15,WMT,103.6500015258789,103.69000244140625,0.0,0.0
2025-09-16,WMT,103.8499984741211,103.41999816894531,0.0,0.0
2025-09-17,WMT,103.7300033569336,104.2699966430664,0.0,0.0
2025-09-18,WMT,103.77999877929688,103.5999984741211,0.0,0.0
2025-09-19,WMT,103.80999755859375,102.33000183105469,0.0,0.0
2025-09-22,WMT,102.44999694824219,102.81999969482422,0.0,0.0
2025-09-23,WMT,102.41000366210938,102.5199966430664,0.0,0.0
2025-09-24,WMT,103.04000091552734,102.7300033569336,0.0,0.0
2025-09-25,WMT,103.22000122070312,103.05000305175781,0.0,0.0
2025-09-26,WMT,102.87999725341797,103.16000366210938,0.0,0.0
2025-09-29,WMT,103.05000305175781,103.08000183105469,0.0,0.0
2025-09-30,WMT,103.0,103.05999755859375,0.0,0.0
2025-10-01,WMT,102.55999755859375,101.95999908447266,0.0,0.0
2025-10-02,WMT,101.44999694824219,101.69999694824219,0.0,0.0
2025-10-03,WMT,101.45999908447266,102.06999969482422,0.0,0.0
2025-10-06,WMT,101.87999725341797,102.69999694824219,0.0,0.0
2025-10-07,WMT,102.37999725341797,103.23999786376953,0.0,0.0
2025-10-08,WMT,103.0199966430664,102.9000015258789,0.0,0.0
2025-10-09,WMT,103.12999725341797,101.7699966430664,0.0,0.0
2025-10-10,WMT,102.05000305175781,101.83999633789062,0.0,0.0
2025-10-13,WMT,101.37000274658203,102.12000274658203,0.0,0.0
2025-10-14,WMT,104.05000305175781,107.20999908447266,0.0,0.0
2025-10-15,WMT,107.31999969482422,109.02999877929688,0.0,0.0
2025-10-16,WMT,109.19999694824219,106.47000122070312,0.0,0.0
2025-10-17,WMT,107.16999816894531,107.7300033569336,0.0,0.0
2025-10-20,WMT,107.8499984741211,107.05000305175781,0.0,0.0
2025-10-21,WMT,107.33000183105469,106.22000122070312,0.0,0.0
2025-10-22,WMT,106.55000305175781,107.13999938964844,0.0,0.0
2025-10-23,WMT,107.3499984741211,106.86000061035156,0.0,0.0
2025-10-24,WMT,107.06999969482422,106.16999816894531,0.0,0.0
2025-10-27,WMT,106.33999633789062,104.47000122070312,0.0,0.0
2025-10-28,WMT,104.05999755859375,103.16999816894531,0.0,0.0
2025-10-29,WMT,102.91000366210938,102.45999908447266,0.0,0.0
2025-10-30,WMT,102.19999694824219,102.2300033569336,0.0,0.0
2025-10-31,WMT,101.69999694824219,101.18000030517578,0.0,0.0
2025-11-03,WMT,100.81999969482422,101.58999633789062,0.0,0.0
2025-11-04,WMT,102.12999725341797,102.2699966430664,0.0,0.0
2025-11-05,WMT,101.73999786376953,101.47000122070312,0.0,0.0
2025-11-06,WMT,101.33999633789062,101.68000030517578,0.0,0.0
2025-11-07,WMT,102.12999725341797,102.58999633789062,0.0,0.0
2025-11-10,WMT,102.1500015258789,102.41999816894531,0.0,0.0
2025-11-11,WMT,102.5,103.44000244140625,0.0,0.0
2025-11-12,WMT,103.3499984741211,103.44000244140625,0.0,0.0
2025-11-13,WMT,103.58999633789062,102.54000091552734,0.0,0.0
2025-11-14,WMT,100.19999694824219,102.4800033569336,0.0,0.0
2025-11-17,WMT,102.58000183105469,102.94999694824219,0.0,0.0
2025-11-18,WMT,102.9800033569336,101.38999938964844,0.0,0.0
2025-11-19,WMT,101.58000183105469,100.61000061035156,0.0,0.0
2025-11-20,WMT,103.94000244140625,107.11000061035156,0.0,0.0
2025-11-21,WMT,107.9800033569336,105.31999969482422,0.0,0.0
2025-11-24,WMT,105.36000061035156,104.05999755859375,0.0,0.0
2025-11-25,WMT,104.61000061035156,107.0,0.0,0.0
2025-11-26,WMT,107.19999694824219,109.0999984741211,0.0,0.0
2025-11-28,WMT,109.30000305175781,110.51000213623047,0.0,0.0
2025-12-01,WMT,110.51000213623047,111.52999877929688,0.0,0.0
2025-12-02,WMT,111.47000122070312,112.41000366210938,0.0,0.0
2025-12-03,WMT,112.5,114.41000366210938,0.0,0.0
2025-12-04,WMT,113.62000274658203,114.83999633789062,0.0,0.0
2025-12-05,WMT,114.7300033569336,115.11000061035156,0.0,0.0
2025-12-08,WMT,114.56999969482422,113.55999755859375,0.0,0.0
2025-12-09,WMT,113.94999694824219,115.05999755859375,0.0,0.0
2025-12-10,WMT,115.3499984741211,113.18000030517578,0.0,0.0
2025-12-11,WMT,113.13999938964844,115.5199966430664,0.0,0.0
2025-12-12,WMT,115.26000213623047,116.69999694824219,0.235,0.0
2025-12-15,WMT,116.93000030517578,116.79000091552734,0.0,0.0
2025-12-16,WMT,116.58000183105469,115.41999816894531,0.0,0.0
2025-12-17,WMT,115.19999694824219,115.66000366210938,0.0,0.0
2025-12-18,WMT,115.01000213623047,114.83000183105469,0.0,0.0
2025-12-19,WMT,115.13999938964844,114.36000061035156,0.0,0.0
2025-12-22,WMT,114.01000213623047,112.5999984741211,0.0,0.0
2025-12-23,WMT,111.98999786376953,110.9000015258789,0.0,0.0
2025-12-24,WMT,110.9000015258789,111.61000061035156,0.0,0.0
2025-12-26,WMT,111.72000122070312,111.73999786376953,0.0,0.0
2025-12-29,WMT,111.58999633789062,112.52999877929688,0.0,0.0
2025-12-30,WMT,111.88999938964844,111.91999816894531,0.0,0.0
2025-12-31,WMT,111.7300033569336,111.41000366210938,0.0,0.0
2026-01-02,WMT,111.43000030517578,112.76000213623047,0.0,0.0
2026-01-05,WMT,112.81999969482422,112.70999908447266,0.0,0.0
2026-01-06,WMT,112.4000015258789,114.33999633789062,0.0,0.0
2026-01-07,WMT,114.19000244140625,112.72000122070312,0.0,0.0
2026-01-08,WMT,111.29000091552734,113.06999969482422,0.0,0.0
2026-01-09,WMT,112.26000213623047,114.52999877929688,0.0,0.0
2026-01-12,WMT,117.5,117.97000122070312,0.0,0.0
2026-01-13,WMT,117.88999938964844,120.36000061035156,0.0,0.0
2026-01-14,WMT,120.19000244140625,120.04000091552734,0.0,0.0
2026-01-15,WMT,119.9800033569336,119.19999694824219,0.0,0.0
2026-01-16,WMT,118.66999816894531,119.69999694824219,0.0,0.0
2026-01-20,WMT,120.88999938964844,118.70999908447266,0.0,0.0
2026-01-21,WMT,118.08000183105469,119.36000061035156,0.0,0.0
2026-01-22,WMT,119.29000091552734,117.83000183105469,0.0,0.0
2026-01-23,WMT,118.16999816894531,117.7300033569336,0.0,0.0
2026-01-26,WMT,117.80999755859375,117.63999938964844,0.0,0.0
2026-01-27,WMT,117.5,116.94000244140625,0.0,0.0
2026-01-28,WMT,116.63999938964844,116.56999969482422,0.0,0.0
2026-01-29,WMT,116.44999694824219,117.41000366210938,0.0,0.0
2026-01-30,WMT,116.91000366210938,119.13999938964844,0.0,0.0
2026-02-02,WMT,119.5,124.05999755859375,0.0,0.0
2026-02-03,WMT,123.6500015258789,127.70999908447266,0.0,0.0
2026-02-04,WMT,128.1300048828125,128.0,0.0,0.0
2026-02-05,WMT,128.5800018310547,126.94000244140625,0.0,0.0
2026-02-06,WMT,127.29000091552734,131.17999267578125,0.0,0.0
2026-02-09,WMT,131.4199981689453,129.02000427246094,0.0,0.0
2026-02-10,WMT,128.94000244140625,126.69999694824219,0.0,0.0
2026-02-11,WMT,126.69999694824219,128.77000427246094,0.0,0.0
2026-02-12,WMT,129.3800048828125,133.63999938964844,0.0,0.0
2026-02-13,WMT,132.6999969482422,133.88999938964844,0.0,0.0
2026-02-17,WMT,133.11000061035156,128.85000610351562,0.0,0.0
2026-02-18,WMT,128.1300048828125,126.62000274658203,0.0,0.0
2026-02-19,WMT,128.5,124.87000274658203,0.0,0.0
2026-02-20,WMT,123.0,122.98999786376953,0.0,0.0
2026-02-23,WMT,123.5199966430664,125.80999755859375,0.0,0.0
2026-02-24,WMT,125.9000015258789,126.75,0.0,0.0
2026-02-25,WMT,126.61000061035156,125.75,0.0,0.0
2026-02-26,WMT,125.9800033569336,124.41999816894531,0.0,0.0
2026-02-27,WMT,125.5199966430664,127.94999694824219,0.0,0.0
2026-03-02,WMT,127.45999908447266,127.0999984741211,0.0,0.0
2026-03-03,WMT,126.5199966430664,127.91000366210938,0.0,0.0
2026-03-04,WMT,127.11000061035156,127.80999755859375,0.0,0.0
2026-03-05,WMT,125.37999725341797,123.30999755859375,0.0,0.0
2026-03-06,WMT,122.5,123.80000305175781,0.0,0.0
2026-03-09,WMT,123.69000244140625,124.33999633789062,0.0,0.0
2026-03-10,WMT,124.20999908447266,125.12000274658203,0.0,0.0
2026-03-11,WMT,125.30999755859375,123.48999786376953,0.0,0.0
2026-03-12,WMT,122.30000305175781,125.33000183105469,0.0,0.0
2026-03-13,WMT,125.38999938964844,126.5199966430664,0.0,0.0
2026-03-16,WMT,126.76000213623047,125.98999786376953,0.0,0.0
2026-03-17,WMT,126.6500015258789,125.08000183105469,0.0,0.0
2026-03-18,WMT,124.33000183105469,121.9800033569336,0.0,0.0
2026-03-19,WMT,122.4000015258789,121.08999633789062,0.0,0.0
2026-03-20,WMT,120.62999725341797,119.0199966430664,0.248,0.0
2026-03-23,WMT,120.4800033569336,120.72000122070312,0.0,0.0
2026-03-24,WMT,120.62999725341797,122.05000305175781,0.0,0.0
2026-03-25,WMT,122.80999755859375,123.05999755859375,0.0,0.0
2026-03-26,WMT,123.61000061035156,122.18000030517578,0.0,0.0
2026-03-27,WMT,122.02999877929688,122.88999938964844,0.0,0.0
2026-03-30,WMT,123.70999908447266,123.5,0.0,0.0
2026-03-31,WMT,123.43000030517578,124.27999877929688,0.0,0.0
2026-04-01,WMT,123.80000305175781,124.73999786376953,0.0,0.0
2026-04-02,WMT,125.1500015258789,125.79000091552734,0.0,0.0
2026-04-06,WMT,125.80999755859375,126.79000091552734,0.0,0.0
2026-04-07,WMT,126.19000244140625,122.48999786376953,0.0,0.0
2026-04-08,WMT,122.27999877929688,127.26000213623047,0.0,0.0
2026-04-09,WMT,127.08999633789062,129.1300048828125,0.0,0.0
2026-04-10,WMT,128.72000122070312,126.7699966430664,0.0,0.0
2026-04-13,WMT,126.29000091552734,124.56999969482422,0.0,0.0
2026-04-14,WMT,123.1500015258789,125.05000305175781,0.0,0.0
2026-04-15,WMT,124.62999725341797,124.76000213623047,0.0,0.0
2026-04-16,WMT,124.33000183105469,124.81999969482422,0.0,0.0
2026-04-17,WMT,124.56999969482422,127.5,0.0,0.0
2026-04-20,WMT,127.87000274658203,127.91999816894531,0.0,0.0
2026-04-21,WMT,127.83000183105469,129.60000610351562,0.0,0.0
2026-04-22,WMT,130.0,129.97999572753906,0.0,0.0
2026-04-23,WMT,130.57000732421875,132.02999877929688,0.0,0.0
2026-04-24,WMT,131.94000244140625,129.9199981689453,0.0,0.0
2026-04-27,WMT,129.6199951171875,127.58999633789062,0.0,0.0
2026-04-28,WMT,129.33999633789062,127.58999633789062,0.0,0.0
2026-04-29,WMT,126.68000030517578,128.00999450683594,0.0,0.0
2026-04-30,WMT,128.02000427246094,131.92999267578125,0.0,0.0
2026-05-01,WMT,131.9199981689453,131.60000610351562,0.0,0.0
2026-05-04,WMT,130.41000366210938,130.3300018310547,0.0,0.0
2026-05-05,WMT,130.50999450683594,130.7899932861328,0.0,0.0
2026-05-06,WMT,130.86000061035156,130.0800018310547,0.0,0.0
2026-05-07,WMT,129.89999389648438,130.1999969482422,0.0,0.0
2026-05-08,WMT,130.32000732421875,130.42999267578125,0.248,0.0
2026-05-11,WMT,130.17999267578125,127.58999633789062,0.0,0.0
2026-05-12,WMT,128.0800018310547,130.35000610351562,0.0,0.0
2026-05-13,WMT,129.19000244140625,131.47000122070312,0.0,0.0
2026-05-14,WMT,131.36000061035156,132.4600067138672,0.0,0.0
2026-05-15,WMT,133.69000244140625,131.4499969482422,0.0,0.0
2026-05-18,WMT,131.52000427246094,133.33999633789062,0.0,0.0
2026-05-19,WMT,132.94000244140625,134.1999969482422,0.0,0.0
2026-05-20,WMT,132.91000366210938,130.85000610351562,0.0,0.0
2026-05-21,WMT,124.41000366210938,121.33999633789062,0.0,0.0
2026-05-22,WMT,121.33999633789062,120.2699966430664,0.0,0.0
2026-05-26,WMT,120.69000244140625,118.56999969482422,0.0,0.0
2026-05-27,WMT,118.33000183105469,118.54000091552734,0.0,0.0
2026-05-28,WMT,118.95999908447266,118.9000015258789,0.0,0.0
2026-05-29,WMT,118.11000061035156,115.75,0.0,0.0
2026-06-01,WMT,114.7300033569336,114.5999984741211,0.0,0.0
2026-06-02,WMT,113.87000274658203,113.05999755859375,0.0,0.0
2026-06-03,WMT,113.0999984741211,116.88999938964844,0.0,0.0
2026-06-04,WMT,119.9000015258789,117.73999786376953,0.0,0.0
2026-06-05,WMT,118.3499984741211,118.87999725341797,0.0,0.0
2026-06-08,WMT,118.25,119.83000183105469,0.0,0.0
2026-06-09,WMT,120.37999725341797,118.87999725341797,0.0,0.0
2026-06-10,WMT,119.70999908447266,120.58999633789062,0.0,0.0
2026-06-11,WMT,120.56999969482422,120.5,0.0,0.0
2026-06-12,WMT,120.58999633789062,121.04000091552734,0.0,0.0
2026-06-15,WMT,119.73999786376953,120.81999969482422,0.0,0.0
2026-06-16,WMT,121.13999938964844,121.02999877929688,0.0,0.0
2026-06-17,WMT,119.58000183105469,118.12999725341797,0.0,0.0
2026-06-18,WMT,118.19999694824219,117.18000030517578,0.0,0.0
2026-06-22,WMT,116.95999908447266,117.18000030517578,0.0,0.0
2026-06-23,WMT,119.70999908447266,119.41999816894531,0.0,0.0
2026-06-24,WMT,119.55999755859375,119.0,0.0,0.0
2026-06-25,WMT,117.47000122070312,115.77999877929688,0.0,0.0
2026-06-26,WMT,117.29000091552734,115.69000244140625,0.0,0.0
2026-06-29,WMT,116.47000122070312,114.5999984741211,0.0,0.0
2026-06-30,WMT,113.97000122070312,113.26000213623047,0.0,0.0
2026-07-01,WMT,110.12999725341797,108.81999969482422,0.0,0.0
2026-07-02,WMT,109.33000183105469,111.83999633789062,0.0,0.0
2026-07-06,WMT,111.4000015258789,110.6500015258789,0.0,0.0
2026-07-07,WMT,112.97000122070312,111.54000091552734,0.0,0.0
2026-07-08,WMT,113.1500015258789,113.0999984741211,0.0,0.0
2026-07-09,WMT,111.23999786376953,112.20999908447266,0.0,0.0
2026-07-10,WMT,111.94999694824219,113.9000015258789,0.0,0.0
2026-07-13,WMT,114.7300033569336,114.77999877929688,0.0,0.0
2026-07-14,WMT,115.08000183105469,113.69999694824219,0.0,0.0
2026-07-15,WMT,113.25,112.52999877929688,0.0,0.0
2026-07-16,WMT,113.76000213623047,114.94999694824219,0.0,0.0
2026-07-17,WMT,116.95999908447266,114.23999786376953,0.0,0.0
2026-07-20,WMT,113.95999908447266,112.19999694824219,0.0,0.0
2026-07-21,WMT,111.51000213623047,110.38999938964844,0.0,0.0
2026-07-22,WMT,109.52999877929688,109.33000183105469,0.0,0.0
2026-07-23,WMT,107.51000213623047,108.4000015258789,0.0,0.0
2026-07-24,WMT,108.12000274658203,109.47000122070312,0.0,0.0
2026-07-27,WMT,109.91999816894531,111.73999786376953,0.0,0.0
2026-07-28,WMT,113.95999908447266,113.0999984741211,0.0,0.0
2026-07-29,WMT,113.2300033569336,114.22000122070312,0.0,0.0
2026-07-30,WMT,111.61000061035156,111.0999984741211,0.0,0.0
2026-07-31,WMT,110.5199966430664,111.19999694824219,0.0,0.0
2026-08-03,WMT,113.0999984741211,110.70999908447266,0.0,0.0
2026-08-04,WMT,109.01000213623047,111.55000305175781,0.0,0.0
2026-08-05,WMT,112.44999694824219,112.33999633789062,0.0,0.0
2026-08-06,WMT,114.06999969482422,112.06999969482422,0.0,0.0
2026-08-07,WMT,110.61000061035156,111.8499984741211,0.0,0.0
2026-08-10,WMT,111.08000183105469,112.66000366210938,0.0,0.0
2026-08-11,WMT,112.44000244140625,113.26000213623047,0.0,0.0
2026-08-12,WMT,112.37000274658203,116.01000213623047,0.0,0.0
2026-08-13,WMT,116.16999816894531,115.72000122070312,0.0,0.0
2026-08-14,WMT,115.66000366210938,115.2699966430664,0.0,0.0
2026-08-17,WMT,114.33000183105469,114.33000183105469,0.0,0.0
2026-08-18,WMT,116.30000305175781,115.19999694824219,0.0,0.0
2026-08-19,WMT,115.19000244140625,114.30000305175781,0.0,0.0
2026-08-20,WMT,106.37999725341797,103.83999633789062,0.0,0.0
2026-08-21,WMT,103.69000244140625,103.69999694824219,0.248,0.0
2026-08-24,WMT,104.13999938964844,106.48999786376953,0.0,0.0
2026-08-25,WMT,105.58000183105469,105.37999725341797,0.0,0.0
2026-08-26,WMT,105.51000213623047,104.33999633789062,0.0,0.0
2026-08-27,WMT,103.61000061035156,102.62999725341797,0.0,0.0
2026-08-28,WMT,103.08999633789062,103.08999633789062,0.0,0.0
