cost_bps,candidate,date,equity
0.0,C1_EW_MONTHLY,2024-11-22,1500.0
0.0,C1_EW_MONTHLY,2024-11-25,1465.8039220729888
0.0,C1_EW_MONTHLY,2024-11-26,1462.153019731323
0.0,C1_EW_MONTHLY,2024-11-27,1465.3203318830615
0.0,C1_EW_MONTHLY,2024-11-29,1483.7290397371753
0.0,C1_EW_MONTHLY,2024-12-02,1485.0369303015989
0.0,C1_EW_MONTHLY,2024-12-03,1496.3763043077458
0.0,C1_EW_MONTHLY,2024-12-04,1518.0402869588277
0.0,C1_EW_MONTHLY,2024-12-05,1514.8824275096445
0.0,C1_EW_MONTHLY,2024-12-06,1544.9963184749404
0.0,C1_EW_MONTHLY,2024-12-09,1515.3056179514417
0.0,C1_EW_MONTHLY,2024-12-10,1503.342791749636
0.0,C1_EW_MONTHLY,2024-12-11,1539.2128561838774
0.0,C1_EW_MONTHLY,2024-12-12,1522.0619427018132
0.0,C1_EW_MONTHLY,2024-12-13,1559.6036646768457
0.0,C1_EW_MONTHLY,2024-12-16,1586.727620875206
0.0,C1_EW_MONTHLY,2024-12-17,1574.647065451481
0.0,C1_EW_MONTHLY,2024-12-18,1510.503245724191
0.0,C1_EW_MONTHLY,2024-12-19,1497.6978440771552
0.0,C1_EW_MONTHLY,2024-12-20,1520.406453751328
0.0,C1_EW_MONTHLY,2024-12-23,1529.2852507695202
0.0,C1_EW_MONTHLY,2024-12-24,1563.9881646187062
0.0,C1_EW_MONTHLY,2024-12-26,1561.2643396414383
0.0,C1_EW_MONTHLY,2024-12-27,1530.6774291852714
0.0,C1_EW_MONTHLY,2024-12-30,1505.3669139101432
0.0,C1_EW_MONTHLY,2024-12-31,1486.959783888823
0.0,C1_EW_MONTHLY,2025-01-02,1502.6004134904522
0.0,C1_EW_MONTHLY,2025-01-03,1555.3233972371381
0.0,C1_EW_MONTHLY,2025-01-06,1574.3102484414976
0.0,C1_EW_MONTHLY,2025-01-07,1529.7367896344458
0.0,C1_EW_MONTHLY,2025-01-08,1520.0800154899684
0.0,C1_EW_MONTHLY,2025-01-10,1521.4612521831748
0.0,C1_EW_MONTHLY,2025-01-13,1511.0344216957978
0.0,C1_EW_MONTHLY,2025-01-14,1510.0030120505353
0.0,C1_EW_MONTHLY,2025-01-15,1548.3726782589417
0.0,C1_EW_MONTHLY,2025-01-16,1548.467444225338
0.0,C1_EW_MONTHLY,2025-01-17,1570.5089973634151
0.0,C1_EW_MONTHLY,2025-01-21,1599.8076495078576
0.0,C1_EW_MONTHLY,2025-01-22,1602.4877690730864
0.0,C1_EW_MONTHLY,2025-01-23,1596.2330991207223
0.0,C1_EW_MONTHLY,2025-01-24,1594.429111286272
0.0,C1_EW_MONTHLY,2025-01-27,1511.6406931571419
0.0,C1_EW_MONTHLY,2025-01-28,1529.974204422717
0.0,C1_EW_MONTHLY,2025-01-29,1519.7886620477132
0.0,C1_EW_MONTHLY,2025-01-30,1552.6269578351278
0.0,C1_EW_MONTHLY,2025-01-31,1551.8108886465232
0.0,C1_EW_MONTHLY,2025-02-03,1552.9113510849286
0.0,C1_EW_MONTHLY,2025-02-04,1593.001847257932
0.0,C1_EW_MONTHLY,2025-02-05,1605.2737634855775
0.0,C1_EW_MONTHLY,2025-02-06,1626.1603924847154
0.0,C1_EW_MONTHLY,2025-02-07,1613.1465853421005
0.0,C1_EW_MONTHLY,2025-02-10,1653.8588915430953
0.0,C1_EW_MONTHLY,2025-02-11,1625.9655847207277
0.0,C1_EW_MONTHLY,2025-02-12,1629.2043463811783
0.0,C1_EW_MONTHLY,2025-02-13,1650.6536702780436
0.0,C1_EW_MONTHLY,2025-02-14,1661.0755059607716
0.0,C1_EW_MONTHLY,2025-02-18,1660.5894454939369
0.0,C1_EW_MONTHLY,2025-02-19,1652.8923265278731
0.0,C1_EW_MONTHLY,2025-02-20,1643.5840891673404
0.0,C1_EW_MONTHLY,2025-02-21,1587.0956726608595
0.0,C1_EW_MONTHLY,2025-02-24,1553.2134374736013
0.0,C1_EW_MONTHLY,2025-02-25,1511.9057685921696
0.0,C1_EW_MONTHLY,2025-02-26,1531.0400745606294
0.0,C1_EW_MONTHLY,2025-02-27,1477.6096586282722
0.0,C1_EW_MONTHLY,2025-02-28,1503.5565203152933
0.0,C1_EW_MONTHLY,2025-03-03,1469.0363831382103
0.0,C1_EW_MONTHLY,2025-03-04,1485.8562881732837
0.0,C1_EW_MONTHLY,2025-03-05,1538.4808718475563
0.0,C1_EW_MONTHLY,2025-03-06,1482.9490814401656
0.0,C1_EW_MONTHLY,2025-03-07,1491.6095014971525
0.0,C1_EW_MONTHLY,2025-03-10,1398.0265223135877
0.0,C1_EW_MONTHLY,2025-03-11,1418.8855629844272
0.0,C1_EW_MONTHLY,2025-03-12,1441.9396903384893
0.0,C1_EW_MONTHLY,2025-03-13,1417.0706085099287
0.0,C1_EW_MONTHLY,2025-03-14,1470.4974571838432
0.0,C1_EW_MONTHLY,2025-03-17,1470.8067053172977
0.0,C1_EW_MONTHLY,2025-03-18,1437.0817890545338
0.0,C1_EW_MONTHLY,2025-03-19,1464.8414088921893
0.0,C1_EW_MONTHLY,2025-03-20,1461.2687471988318
0.0,C1_EW_MONTHLY,2025-03-21,1466.475412229686
0.0,C1_EW_MONTHLY,2025-03-24,1526.1963667522894
0.0,C1_EW_MONTHLY,2025-03-25,1523.8747364267367
0.0,C1_EW_MONTHLY,2025-03-26,1481.8953730782066
0.0,C1_EW_MONTHLY,2025-03-27,1462.3040636475935
0.0,C1_EW_MONTHLY,2025-03-28,1422.0556975391803
0.0,C1_EW_MONTHLY,2025-03-31,1417.4987724574312
0.0,C1_EW_MONTHLY,2025-04-01,1432.822413491138
0.0,C1_EW_MONTHLY,2025-04-02,1456.3167766059412
0.0,C1_EW_MONTHLY,2025-04-03,1371.9585048577112
0.0,C1_EW_MONTHLY,2025-04-04,1300.9657627146696
0.0,C1_EW_MONTHLY,2025-04-07,1302.1871889770796
0.0,C1_EW_MONTHLY,2025-04-08,1278.1338278480127
0.0,C1_EW_MONTHLY,2025-04-09,1438.6136038473526
0.0,C1_EW_MONTHLY,2025-04-10,1380.7467158455404
0.0,C1_EW_MONTHLY,2025-04-11,1413.8683419657546
0.0,C1_EW_MONTHLY,2025-04-14,1423.0873897885
0.0,C1_EW_MONTHLY,2025-04-15,1429.5631844119137
0.0,C1_EW_MONTHLY,2025-04-16,1403.353775711605
0.0,C1_EW_MONTHLY,2025-04-17,1417.1068527602076
0.0,C1_EW_MONTHLY,2025-04-21,1382.897030270143
0.0,C1_EW_MONTHLY,2025-04-22,1418.866806011928
0.0,C1_EW_MONTHLY,2025-04-23,1451.9610732466538
0.0,C1_EW_MONTHLY,2025-04-24,1496.4465009856292
0.0,C1_EW_MONTHLY,2025-04-25,1529.4222883240377
0.0,C1_EW_MONTHLY,2025-04-28,1533.5098507900595
0.0,C1_EW_MONTHLY,2025-04-29,1537.702486174544
0.0,C1_EW_MONTHLY,2025-04-30,1532.6863341366948
0.0,C1_EW_MONTHLY,2025-05-01,1533.0080066662063
0.0,C1_EW_MONTHLY,2025-05-02,1576.8154075316888
0.0,C1_EW_MONTHLY,2025-05-05,1562.4063010367918
0.0,C1_EW_MONTHLY,2025-05-06,1550.1122739715415
0.0,C1_EW_MONTHLY,2025-05-07,1557.3476217080356
0.0,C1_EW_MONTHLY,2025-05-08,1577.2738947867695
0.0,C1_EW_MONTHLY,2025-05-09,1580.5963926653533
0.0,C1_EW_MONTHLY,2025-05-12,1624.4460807863188
0.0,C1_EW_MONTHLY,2025-05-13,1664.2014849419215
0.0,C1_EW_MONTHLY,2025-05-14,1664.871624305595
0.0,C1_EW_MONTHLY,2025-05-15,1657.0991589215425
0.0,C1_EW_MONTHLY,2025-05-16,1669.6097917904435
0.0,C1_EW_MONTHLY,2025-05-19,1665.3637653922633
0.0,C1_EW_MONTHLY,2025-05-20,1668.9796492595317
0.0,C1_EW_MONTHLY,2025-05-21,1640.9635700635845
0.0,C1_EW_MONTHLY,2025-05-22,1647.2669447007786
0.0,C1_EW_MONTHLY,2025-05-23,1637.4430944813366
0.0,C1_EW_MONTHLY,2025-05-27,1668.051559671584
0.0,C1_EW_MONTHLY,2025-05-28,1658.942620431326
0.0,C1_EW_MONTHLY,2025-05-29,1658.5625288568478
0.0,C1_EW_MONTHLY,2025-05-30,1658.7956510836907
0.0,C1_EW_MONTHLY,2025-06-02,1686.4710643698338
0.0,C1_EW_MONTHLY,2025-06-03,1712.000007064929
0.0,C1_EW_MONTHLY,2025-06-04,1724.4177335003667
0.0,C1_EW_MONTHLY,2025-06-05,1699.5964429199346
0.0,C1_EW_MONTHLY,2025-06-06,1715.7889194003312
0.0,C1_EW_MONTHLY,2025-06-09,1747.7843168086836
0.0,C1_EW_MONTHLY,2025-06-10,1762.8954864105804
0.0,C1_EW_MONTHLY,2025-06-11,1768.5535714144976
0.0,C1_EW_MONTHLY,2025-06-12,1775.1149822524483
0.0,C1_EW_MONTHLY,2025-06-13,1785.5704172510764
0.0,C1_EW_MONTHLY,2025-06-16,1810.2029323208287
0.0,C1_EW_MONTHLY,2025-06-17,1792.7241849607963
0.0,C1_EW_MONTHLY,2025-06-18,1811.8023541494672
0.0,C1_EW_MONTHLY,2025-06-20,1812.7395382581199
0.0,C1_EW_MONTHLY,2025-06-23,1839.7607504797934
0.0,C1_EW_MONTHLY,2025-06-24,1864.367671692669
0.0,C1_EW_MONTHLY,2025-06-25,1859.1694897045084
0.0,C1_EW_MONTHLY,2025-06-26,1870.9302549853426
0.0,C1_EW_MONTHLY,2025-06-27,1855.5256977099293
0.0,C1_EW_MONTHLY,2025-06-30,1860.097345995085
0.0,C1_EW_MONTHLY,2025-07-01,1819.7455153776154
0.0,C1_EW_MONTHLY,2025-07-02,1849.3336675462601
0.0,C1_EW_MONTHLY,2025-07-03,1858.6044386828912
0.0,C1_EW_MONTHLY,2025-07-07,1851.0806332369693
0.0,C1_EW_MONTHLY,2025-07-08,1850.0322690779915
0.0,C1_EW_MONTHLY,2025-07-09,1866.4255993833676
0.0,C1_EW_MONTHLY,2025-07-10,1873.5601479599343
0.0,C1_EW_MONTHLY,2025-07-11,1888.9415905042715
0.0,C1_EW_MONTHLY,2025-07-14,1907.0724241831108
0.0,C1_EW_MONTHLY,2025-07-15,1903.9155426768161
0.0,C1_EW_MONTHLY,2025-07-16,1918.516132462752
0.0,C1_EW_MONTHLY,2025-07-17,1929.5149226225274
0.0,C1_EW_MONTHLY,2025-07-18,1929.504199855069
0.0,C1_EW_MONTHLY,2025-07-21,1925.9604101103948
0.0,C1_EW_MONTHLY,2025-07-22,1910.7430818121002
0.0,C1_EW_MONTHLY,2025-07-23,1930.815485546634
0.0,C1_EW_MONTHLY,2025-07-24,1930.0332350056806
0.0,C1_EW_MONTHLY,2025-07-25,1915.4147258719922
0.0,C1_EW_MONTHLY,2025-07-28,1928.9831429380463
0.0,C1_EW_MONTHLY,2025-07-29,1917.5922047745428
0.0,C1_EW_MONTHLY,2025-07-30,1929.1563912391612
0.0,C1_EW_MONTHLY,2025-07-31,1924.137282812894
0.0,C1_EW_MONTHLY,2025-08-01,1896.3413283062177
0.0,C1_EW_MONTHLY,2025-08-04,1929.894636141525
0.0,C1_EW_MONTHLY,2025-08-05,1925.5652195956127
0.0,C1_EW_MONTHLY,2025-08-06,1939.5028137310728
0.0,C1_EW_MONTHLY,2025-08-07,1929.5982522052918
0.0,C1_EW_MONTHLY,2025-08-08,1929.3687130420794
0.0,C1_EW_MONTHLY,2025-08-11,1929.8883020015073
0.0,C1_EW_MONTHLY,2025-08-12,1959.2629436660177
0.0,C1_EW_MONTHLY,2025-08-13,1957.996212256015
0.0,C1_EW_MONTHLY,2025-08-14,1943.6706481748918
0.0,C1_EW_MONTHLY,2025-08-15,1928.018690418834
0.0,C1_EW_MONTHLY,2025-08-18,1926.4991697913094
0.0,C1_EW_MONTHLY,2025-08-19,1877.4778979417374
0.0,C1_EW_MONTHLY,2025-08-20,1880.5231587573953
0.0,C1_EW_MONTHLY,2025-08-21,1865.562891531755
0.0,C1_EW_MONTHLY,2025-08-22,1902.4978915222177
0.0,C1_EW_MONTHLY,2025-08-25,1898.0017427530113
0.0,C1_EW_MONTHLY,2025-08-26,1919.8661697169014
0.0,C1_EW_MONTHLY,2025-08-27,1910.089320135634
0.0,C1_EW_MONTHLY,2025-08-28,1917.717432192898
0.0,C1_EW_MONTHLY,2025-08-29,1889.9114569794508
0.0,C1_EW_MONTHLY,2025-09-02,1892.6850750981005
0.0,C1_EW_MONTHLY,2025-09-03,1885.5791738351747
0.0,C1_EW_MONTHLY,2025-09-04,1886.4654989279206
0.0,C1_EW_MONTHLY,2025-09-05,1901.7177686500527
0.0,C1_EW_MONTHLY,2025-09-08,1907.842113364614
0.0,C1_EW_MONTHLY,2025-09-09,1908.1624144162317
0.0,C1_EW_MONTHLY,2025-09-10,1942.878235404738
0.0,C1_EW_MONTHLY,2025-09-11,1947.2314469076257
0.0,C1_EW_MONTHLY,2025-09-12,1972.7863975903324
0.0,C1_EW_MONTHLY,2025-09-15,1989.1804056582178
0.0,C1_EW_MONTHLY,2025-09-16,1997.4149809012238
0.0,C1_EW_MONTHLY,2025-09-17,1984.524956589533
0.0,C1_EW_MONTHLY,2025-09-18,2004.9943732162244
0.0,C1_EW_MONTHLY,2025-09-19,2013.2145775288268
0.0,C1_EW_MONTHLY,2025-09-22,2028.3635624711676
0.0,C1_EW_MONTHLY,2025-09-23,2027.240012759752
0.0,C1_EW_MONTHLY,2025-09-24,2027.8770398040176
0.0,C1_EW_MONTHLY,2025-09-25,1990.7460628104882
0.0,C1_EW_MONTHLY,2025-09-26,2003.5236666510996
0.0,C1_EW_MONTHLY,2025-09-29,2010.983789086439
0.0,C1_EW_MONTHLY,2025-09-30,2023.47614211263
0.0,C1_EW_MONTHLY,2025-10-01,2069.926768593195
0.0,C1_EW_MONTHLY,2025-10-02,2098.0534449112765
0.0,C1_EW_MONTHLY,2025-10-03,2092.8999765096446
0.0,C1_EW_MONTHLY,2025-10-06,2127.677180130814
0.0,C1_EW_MONTHLY,2025-10-07,2108.2592457784385
0.0,C1_EW_MONTHLY,2025-10-08,2145.8595794753564
0.0,C1_EW_MONTHLY,2025-10-09,2152.1389963068627
0.0,C1_EW_MONTHLY,2025-10-10,2074.547552901447
0.0,C1_EW_MONTHLY,2025-10-13,2136.727798243137
0.0,C1_EW_MONTHLY,2025-10-14,2124.209606473531
0.0,C1_EW_MONTHLY,2025-10-15,2142.737704146653
0.0,C1_EW_MONTHLY,2025-10-16,2116.5800016940916
0.0,C1_EW_MONTHLY,2025-10-17,2099.384925055895
0.0,C1_EW_MONTHLY,2025-10-20,2117.8686285916974
0.0,C1_EW_MONTHLY,2025-10-21,2086.561285849499
0.0,C1_EW_MONTHLY,2025-10-22,2055.023661093602
0.0,C1_EW_MONTHLY,2025-10-23,2081.5813320261636
0.0,C1_EW_MONTHLY,2025-10-24,2101.215342966455
0.0,C1_EW_MONTHLY,2025-10-27,2135.488997386689
0.0,C1_EW_MONTHLY,2025-10-28,2128.9835142307825
0.0,C1_EW_MONTHLY,2025-10-29,2148.13371733307
0.0,C1_EW_MONTHLY,2025-10-30,2097.5621893458283
0.0,C1_EW_MONTHLY,2025-10-31,2119.235656728833
0.0,C1_EW_MONTHLY,2025-11-03,2110.583530416973
0.0,C1_EW_MONTHLY,2025-11-04,2052.1095367579837
0.0,C1_EW_MONTHLY,2025-11-05,2070.052986551845
0.0,C1_EW_MONTHLY,2025-11-06,2020.5852210253452
0.0,C1_EW_MONTHLY,2025-11-07,2029.297482935182
0.0,C1_EW_MONTHLY,2025-11-10,2066.900696349674
0.0,C1_EW_MONTHLY,2025-11-11,2046.8994567828279
0.0,C1_EW_MONTHLY,2025-11-12,2028.9836735651704
0.0,C1_EW_MONTHLY,2025-11-13,1974.9152168923251
0.0,C1_EW_MONTHLY,2025-11-14,1975.8956852422236
0.0,C1_EW_MONTHLY,2025-11-17,1954.6956060262123
0.0,C1_EW_MONTHLY,2025-11-18,1953.491445106122
0.0,C1_EW_MONTHLY,2025-11-19,1947.8909667511814
0.0,C1_EW_MONTHLY,2025-11-20,1904.814673403482
0.0,C1_EW_MONTHLY,2025-11-21,1892.9496485305806
0.0,C1_EW_MONTHLY,2025-11-24,1952.4443760996292
0.0,C1_EW_MONTHLY,2025-11-25,1959.3791554646336
0.0,C1_EW_MONTHLY,2025-11-26,1984.9675080352406
0.0,C1_EW_MONTHLY,2025-11-28,2000.005840692891
0.0,C1_EW_MONTHLY,2025-12-01,1971.0108242739975
0.0,C1_EW_MONTHLY,2025-12-02,1995.1078128495094
0.0,C1_EW_MONTHLY,2025-12-03,2023.2220474553146
0.0,C1_EW_MONTHLY,2025-12-04,2057.3150201994163
0.0,C1_EW_MONTHLY,2025-12-05,2055.524220801761
0.0,C1_EW_MONTHLY,2025-12-08,2058.0730620312206
0.0,C1_EW_MONTHLY,2025-12-09,2061.380966837131
0.0,C1_EW_MONTHLY,2025-12-10,2081.507505800663
0.0,C1_EW_MONTHLY,2025-12-11,2097.8881459790387
0.0,C1_EW_MONTHLY,2025-12-12,2048.424887519378
0.0,C1_EW_MONTHLY,2025-12-15,2015.0605738451063
0.0,C1_EW_MONTHLY,2025-12-16,2028.891607078042
0.0,C1_EW_MONTHLY,2025-12-17,1970.1248881011923
0.0,C1_EW_MONTHLY,2025-12-18,1998.5204158013626
0.0,C1_EW_MONTHLY,2025-12-19,2044.8548497422748
0.0,C1_EW_MONTHLY,2025-12-22,2082.1029435098235
0.0,C1_EW_MONTHLY,2025-12-23,2082.402576472181
0.0,C1_EW_MONTHLY,2025-12-24,2068.940256637387
0.0,C1_EW_MONTHLY,2025-12-26,2047.8754423603232
0.0,C1_EW_MONTHLY,2025-12-29,2031.2499220028828
0.0,C1_EW_MONTHLY,2025-12-30,2036.8416492937056
0.0,C1_EW_MONTHLY,2025-12-31,2015.9362840150907
0.0,C1_EW_MONTHLY,2026-01-02,2049.306154078623
0.0,C1_EW_MONTHLY,2026-01-05,2083.2344778476927
0.0,C1_EW_MONTHLY,2026-01-06,2099.080476407324
0.0,C1_EW_MONTHLY,2026-01-07,2064.8074306878784
0.0,C1_EW_MONTHLY,2026-01-08,2069.4591683728313
0.0,C1_EW_MONTHLY,2026-01-09,2102.3118378744466
0.0,C1_EW_MONTHLY,2026-01-12,2128.0986758935014
0.0,C1_EW_MONTHLY,2026-01-13,2136.4544967489337
0.0,C1_EW_MONTHLY,2026-01-14,2136.3033913192526
0.0,C1_EW_MONTHLY,2026-01-15,2141.9790142767188
0.0,C1_EW_MONTHLY,2026-01-16,2159.181773485609
0.0,C1_EW_MONTHLY,2026-01-20,2105.758411482094
0.0,C1_EW_MONTHLY,2026-01-21,2120.548923000414
0.0,C1_EW_MONTHLY,2026-01-22,2150.4200973841985
0.0,C1_EW_MONTHLY,2026-01-23,2155.34629021594
0.0,C1_EW_MONTHLY,2026-01-26,2135.1632044055614
0.0,C1_EW_MONTHLY,2026-01-27,2166.253984266581
0.0,C1_EW_MONTHLY,2026-01-28,2183.6788453669415
0.0,C1_EW_MONTHLY,2026-01-29,2181.071963628125
0.0,C1_EW_MONTHLY,2026-01-30,2144.892147901797
0.0,C1_EW_MONTHLY,2026-02-02,2106.3181625050756
0.0,C1_EW_MONTHLY,2026-02-03,2111.8252469053614
0.0,C1_EW_MONTHLY,2026-02-04,2048.8093196021414
0.0,C1_EW_MONTHLY,2026-02-05,1974.3259605680826
0.0,C1_EW_MONTHLY,2026-02-06,2074.07774079077
0.0,C1_EW_MONTHLY,2026-02-09,2106.1507515909425
0.0,C1_EW_MONTHLY,2026-02-10,2085.3702571724243
0.0,C1_EW_MONTHLY,2026-02-11,2085.9403373766418
0.0,C1_EW_MONTHLY,2026-02-12,2042.4557631216148
0.0,C1_EW_MONTHLY,2026-02-13,2067.627687809586
0.0,C1_EW_MONTHLY,2026-02-17,2055.2257295081845
0.0,C1_EW_MONTHLY,2026-02-18,2059.6867053255764
0.0,C1_EW_MONTHLY,2026-02-19,2072.6492270403005
0.0,C1_EW_MONTHLY,2026-02-20,2069.1821847048022
0.0,C1_EW_MONTHLY,2026-02-23,2059.393570874816
0.0,C1_EW_MONTHLY,2026-02-24,2066.2348743640428
0.0,C1_EW_MONTHLY,2026-02-25,2091.5716738961164
0.0,C1_EW_MONTHLY,2026-02-26,2072.706216061806
0.0,C1_EW_MONTHLY,2026-02-27,2061.5026388073775
0.0,C1_EW_MONTHLY,2026-03-02,2096.68035301213
0.0,C1_EW_MONTHLY,2026-03-03,2081.764641571225
0.0,C1_EW_MONTHLY,2026-03-04,2142.823711886013
0.0,C1_EW_MONTHLY,2026-03-05,2119.439160451416
0.0,C1_EW_MONTHLY,2026-03-06,2103.9005972361933
0.0,C1_EW_MONTHLY,2026-03-09,2126.026539641322
0.0,C1_EW_MONTHLY,2026-03-10,2123.7864735865273
0.0,C1_EW_MONTHLY,2026-03-11,2126.2270101716367
0.0,C1_EW_MONTHLY,2026-03-12,2117.980396782017
0.0,C1_EW_MONTHLY,2026-03-13,2105.35288919932
0.0,C1_EW_MONTHLY,2026-03-16,2129.9404765111094
0.0,C1_EW_MONTHLY,2026-03-17,2141.075576263086
0.0,C1_EW_MONTHLY,2026-03-18,2108.2563142135614
0.0,C1_EW_MONTHLY,2026-03-19,2094.386823645119
0.0,C1_EW_MONTHLY,2026-03-20,2042.6712179826916
0.0,C1_EW_MONTHLY,2026-03-23,2056.4781915130516
0.0,C1_EW_MONTHLY,2026-03-24,2047.5980690453475
0.0,C1_EW_MONTHLY,2026-03-25,2077.481927035718
0.0,C1_EW_MONTHLY,2026-03-26,2017.5547829504092
0.0,C1_EW_MONTHLY,2026-03-27,1983.8364592103073
0.0,C1_EW_MONTHLY,2026-03-30,1958.868101971651
0.0,C1_EW_MONTHLY,2026-03-31,2028.887696084618
0.0,C1_EW_MONTHLY,2026-04-01,2048.686235906936
0.0,C1_EW_MONTHLY,2026-04-02,2067.505187977908
0.0,C1_EW_MONTHLY,2026-04-06,2086.2264508160983
0.0,C1_EW_MONTHLY,2026-04-07,2083.6547916013587
0.0,C1_EW_MONTHLY,2026-04-08,2117.6464765858614
0.0,C1_EW_MONTHLY,2026-04-09,2116.1080605068732
0.0,C1_EW_MONTHLY,2026-04-10,2128.3556658266843
0.0,C1_EW_MONTHLY,2026-04-13,2154.481311346514
0.0,C1_EW_MONTHLY,2026-04-14,2170.433141955272
0.0,C1_EW_MONTHLY,2026-04-15,2195.767162677535
0.0,C1_EW_MONTHLY,2026-04-16,2214.65381899144
0.0,C1_EW_MONTHLY,2026-04-17,2242.4873848210723
0.0,C1_EW_MONTHLY,2026-04-20,2226.3326856543567
0.0,C1_EW_MONTHLY,2026-04-21,2209.25763869727
0.0,C1_EW_MONTHLY,2026-04-22,2264.7724961297654
0.0,C1_EW_MONTHLY,2026-04-23,2230.0002835428036
0.0,C1_EW_MONTHLY,2026-04-24,2242.9028551156216
0.0,C1_EW_MONTHLY,2026-04-27,2242.763573909221
0.0,C1_EW_MONTHLY,2026-04-28,2207.288899926779
0.0,C1_EW_MONTHLY,2026-04-29,2194.319739541142
0.0,C1_EW_MONTHLY,2026-04-30,2225.2735865844716
0.0,C1_EW_MONTHLY,2026-05-01,2242.2371362744043
0.0,C1_EW_MONTHLY,2026-05-04,2253.271834714911
0.0,C1_EW_MONTHLY,2026-05-05,2245.919221122602
0.0,C1_EW_MONTHLY,2026-05-06,2272.283860654711
0.0,C1_EW_MONTHLY,2026-05-07,2252.3363213091843
0.0,C1_EW_MONTHLY,2026-05-08,2289.7281351475926
0.0,C1_EW_MONTHLY,2026-05-11,2330.982639021257
0.0,C1_EW_MONTHLY,2026-05-12,2298.995193242798
0.0,C1_EW_MONTHLY,2026-05-13,2302.714554288535
0.0,C1_EW_MONTHLY,2026-05-14,2344.8601834914098
0.0,C1_EW_MONTHLY,2026-05-15,2304.8644154087997
0.0,C1_EW_MONTHLY,2026-05-18,2289.260265788872
0.0,C1_EW_MONTHLY,2026-05-19,2285.879910006007
0.0,C1_EW_MONTHLY,2026-05-20,2307.618165279281
0.0,C1_EW_MONTHLY,2026-05-21,2314.3013499790113
0.0,C1_EW_MONTHLY,2026-05-22,2338.0668249763153
0.0,C1_EW_MONTHLY,2026-05-26,2382.2888524610285
0.0,C1_EW_MONTHLY,2026-05-27,2386.1689968731653
0.0,C1_EW_MONTHLY,2026-05-28,2413.330742204792
0.0,C1_EW_MONTHLY,2026-05-29,2387.6026669034068
0.0,C1_EW_MONTHLY,2026-06-01,2359.5876243573725
0.0,C1_EW_MONTHLY,2026-06-02,2368.010113862568
0.0,C1_EW_MONTHLY,2026-06-03,2339.856586513426
0.0,C1_EW_MONTHLY,2026-06-04,2324.857180183077
0.0,C1_EW_MONTHLY,2026-06-05,2220.0792062324776
0.0,C1_EW_MONTHLY,2026-06-08,2254.2022890318453
0.0,C1_EW_MONTHLY,2026-06-09,2217.9421299541114
0.0,C1_EW_MONTHLY,2026-06-10,2176.716272325417
0.0,C1_EW_MONTHLY,2026-06-11,2241.114443307986
0.0,C1_EW_MONTHLY,2026-06-12,2219.5273143866934
0.0,C1_EW_MONTHLY,2026-06-15,2273.20175087871
0.0,C1_EW_MONTHLY,2026-06-16,2234.6064308637806
0.0,C1_EW_MONTHLY,2026-06-17,2210.308906741516
0.0,C1_EW_MONTHLY,2026-06-18,2216.4634862655885
0.0,C1_EW_MONTHLY,2026-06-22,2190.2538470541645
0.0,C1_EW_MONTHLY,2026-06-23,2141.728922873571
0.0,C1_EW_MONTHLY,2026-06-24,2102.6986787092887
0.0,C1_EW_MONTHLY,2026-06-25,2094.2639417430933
0.0,C1_EW_MONTHLY,2026-06-26,2096.6682997435746
0.0,C1_EW_MONTHLY,2026-06-29,2155.0546675716823
0.0,C1_EW_MONTHLY,2026-06-30,2157.878660783962
0.0,C1_EW_MONTHLY,2026-07-01,2157.9522106670547
0.0,C1_EW_MONTHLY,2026-07-02,2155.3404412070267
0.0,C1_EW_MONTHLY,2026-07-06,2179.6704258378145
0.0,C1_EW_MONTHLY,2026-07-07,2164.2492463611466
0.0,C1_EW_MONTHLY,2026-07-08,2163.4156813035015
0.0,C1_EW_MONTHLY,2026-07-09,2177.000778066694
0.0,C1_EW_MONTHLY,2026-07-10,2190.662721277569
0.0,C1_EW_MONTHLY,2026-07-13,2159.671426551983
0.0,C1_EW_MONTHLY,2026-07-14,2189.474009825129
0.0,C1_EW_MONTHLY,2026-07-15,2191.443928594151
0.0,C1_EW_MONTHLY,2026-07-16,2139.7325590982714
0.0,C1_EW_MONTHLY,2026-07-17,2136.333428542206
0.0,C1_EW_MONTHLY,2026-07-20,2142.114874939926
0.0,C1_EW_MONTHLY,2026-07-21,2183.0579384931643
0.0,C1_EW_MONTHLY,2026-07-22,2178.849616148875
0.0,C1_EW_MONTHLY,2026-07-23,2158.2597976477728
0.0,C1_EW_MONTHLY,2026-07-24,2131.857361632971
0.0,C1_EW_MONTHLY,2026-07-27,2126.571367279526
0.0,C1_EW_MONTHLY,2026-07-28,2093.257061962471
0.0,C1_EW_MONTHLY,2026-07-29,2066.977121807848
0.0,C1_EW_MONTHLY,2026-07-30,2096.912041085039
0.0,C1_EW_MONTHLY,2026-07-31,2099.961768412744
0.0,C1_EW_MONTHLY,2026-08-03,2127.976113327072
0.0,C1_EW_MONTHLY,2026-08-04,2186.280767467024
0.0,C1_EW_MONTHLY,2026-08-05,2186.246041654571
0.0,C1_EW_MONTHLY,2026-08-06,2186.981771285464
0.0,C1_EW_MONTHLY,2026-08-07,2230.50217354755
0.0,C1_EW_MONTHLY,2026-08-10,2234.0478203533794
0.0,C1_EW_MONTHLY,2026-08-11,2237.390272501649
0.0,C1_EW_MONTHLY,2026-08-12,2246.363950970312
0.0,C1_EW_MONTHLY,2026-08-13,2255.1690278669575
0.0,C1_EW_MONTHLY,2026-08-14,2237.8711292799403
0.0,C1_EW_MONTHLY,2026-08-17,2241.4159170567486
0.0,C1_EW_MONTHLY,2026-08-18,2206.3885554289636
0.0,C1_EW_MONTHLY,2026-08-19,2237.769401425048
0.0,C1_EW_MONTHLY,2026-08-20,2231.532866319214
0.0,C1_EW_MONTHLY,2026-08-21,2269.6009676950584
0.0,C1_EW_MONTHLY,2026-08-24,2247.8087982904703
0.0,C1_EW_MONTHLY,2026-08-25,2250.2444506993097
0.0,C1_EW_MONTHLY,2026-08-26,2237.6501704270495
0.0,C1_EW_MONTHLY,2026-08-27,2292.1797629738303
0.0,C1_EW_MONTHLY,2026-08-28,2247.0339337914243
0.0,C2_TREND_SPY200,2024-11-22,1500.0
0.0,C2_TREND_SPY200,2024-11-25,1465.8039220729888
0.0,C2_TREND_SPY200,2024-11-26,1462.153019731323
0.0,C2_TREND_SPY200,2024-11-27,1465.3203318830615
0.0,C2_TREND_SPY200,2024-11-29,1483.7290397371753
0.0,C2_TREND_SPY200,2024-12-02,1485.0369303015989
0.0,C2_TREND_SPY200,2024-12-03,1496.3763043077458
0.0,C2_TREND_SPY200,2024-12-04,1518.0402869588277
0.0,C2_TREND_SPY200,2024-12-05,1514.8824275096445
0.0,C2_TREND_SPY200,2024-12-06,1544.9963184749404
0.0,C2_TREND_SPY200,2024-12-09,1515.3056179514417
0.0,C2_TREND_SPY200,2024-12-10,1503.342791749636
0.0,C2_TREND_SPY200,2024-12-11,1539.2128561838774
0.0,C2_TREND_SPY200,2024-12-12,1522.0619427018132
0.0,C2_TREND_SPY200,2024-12-13,1559.6036646768457
0.0,C2_TREND_SPY200,2024-12-16,1586.727620875206
0.0,C2_TREND_SPY200,2024-12-17,1574.647065451481
0.0,C2_TREND_SPY200,2024-12-18,1510.503245724191
0.0,C2_TREND_SPY200,2024-12-19,1497.6978440771552
0.0,C2_TREND_SPY200,2024-12-20,1520.406453751328
0.0,C2_TREND_SPY200,2024-12-23,1529.2852507695202
0.0,C2_TREND_SPY200,2024-12-24,1563.9881646187062
0.0,C2_TREND_SPY200,2024-12-26,1561.2643396414383
0.0,C2_TREND_SPY200,2024-12-27,1530.6774291852714
0.0,C2_TREND_SPY200,2024-12-30,1505.3669139101432
0.0,C2_TREND_SPY200,2024-12-31,1486.959783888823
0.0,C2_TREND_SPY200,2025-01-02,1502.6004134904522
0.0,C2_TREND_SPY200,2025-01-03,1555.3233972371381
0.0,C2_TREND_SPY200,2025-01-06,1574.3102484414976
0.0,C2_TREND_SPY200,2025-01-07,1529.7367896344458
0.0,C2_TREND_SPY200,2025-01-08,1520.0800154899684
0.0,C2_TREND_SPY200,2025-01-10,1521.4612521831748
0.0,C2_TREND_SPY200,2025-01-13,1511.0344216957978
0.0,C2_TREND_SPY200,2025-01-14,1510.0030120505353
0.0,C2_TREND_SPY200,2025-01-15,1548.3726782589417
0.0,C2_TREND_SPY200,2025-01-16,1548.467444225338
0.0,C2_TREND_SPY200,2025-01-17,1570.5089973634151
0.0,C2_TREND_SPY200,2025-01-21,1599.8076495078576
0.0,C2_TREND_SPY200,2025-01-22,1602.4877690730864
0.0,C2_TREND_SPY200,2025-01-23,1596.2330991207223
0.0,C2_TREND_SPY200,2025-01-24,1594.429111286272
0.0,C2_TREND_SPY200,2025-01-27,1511.6406931571419
0.0,C2_TREND_SPY200,2025-01-28,1529.974204422717
0.0,C2_TREND_SPY200,2025-01-29,1519.7886620477132
0.0,C2_TREND_SPY200,2025-01-30,1552.6269578351278
0.0,C2_TREND_SPY200,2025-01-31,1551.8108886465232
0.0,C2_TREND_SPY200,2025-02-03,1552.9113510849286
0.0,C2_TREND_SPY200,2025-02-04,1593.001847257932
0.0,C2_TREND_SPY200,2025-02-05,1605.2737634855775
0.0,C2_TREND_SPY200,2025-02-06,1626.1603924847154
0.0,C2_TREND_SPY200,2025-02-07,1613.1465853421005
0.0,C2_TREND_SPY200,2025-02-10,1653.8588915430953
0.0,C2_TREND_SPY200,2025-02-11,1625.9655847207277
0.0,C2_TREND_SPY200,2025-02-12,1629.2043463811783
0.0,C2_TREND_SPY200,2025-02-13,1650.6536702780436
0.0,C2_TREND_SPY200,2025-02-14,1661.0755059607716
0.0,C2_TREND_SPY200,2025-02-18,1660.5894454939369
0.0,C2_TREND_SPY200,2025-02-19,1652.8923265278731
0.0,C2_TREND_SPY200,2025-02-20,1643.5840891673404
0.0,C2_TREND_SPY200,2025-02-21,1587.0956726608595
0.0,C2_TREND_SPY200,2025-02-24,1553.2134374736013
0.0,C2_TREND_SPY200,2025-02-25,1511.9057685921696
0.0,C2_TREND_SPY200,2025-02-26,1531.0400745606294
0.0,C2_TREND_SPY200,2025-02-27,1477.6096586282722
0.0,C2_TREND_SPY200,2025-02-28,1503.5565203152933
0.0,C2_TREND_SPY200,2025-03-03,1469.0363831382103
0.0,C2_TREND_SPY200,2025-03-04,1485.8562881732837
0.0,C2_TREND_SPY200,2025-03-05,1538.4808718475563
0.0,C2_TREND_SPY200,2025-03-06,1482.9490814401656
0.0,C2_TREND_SPY200,2025-03-07,1491.6095014971525
0.0,C2_TREND_SPY200,2025-03-10,1398.0265223135877
0.0,C2_TREND_SPY200,2025-03-11,1418.8855629844272
0.0,C2_TREND_SPY200,2025-03-12,1452.0559087655338
0.0,C2_TREND_SPY200,2025-03-13,1452.0559087655338
0.0,C2_TREND_SPY200,2025-03-14,1452.0559087655338
0.0,C2_TREND_SPY200,2025-03-17,1452.0559087655338
0.0,C2_TREND_SPY200,2025-03-18,1452.0559087655338
0.0,C2_TREND_SPY200,2025-03-19,1452.0559087655338
0.0,C2_TREND_SPY200,2025-03-20,1452.0559087655338
0.0,C2_TREND_SPY200,2025-03-21,1452.0559087655338
0.0,C2_TREND_SPY200,2025-03-24,1452.0559087655338
0.0,C2_TREND_SPY200,2025-03-25,1452.0559087655338
0.0,C2_TREND_SPY200,2025-03-26,1419.5577069012588
0.0,C2_TREND_SPY200,2025-03-27,1400.7547247672026
0.0,C2_TREND_SPY200,2025-03-28,1395.3481417059422
0.0,C2_TREND_SPY200,2025-03-31,1395.3481417059422
0.0,C2_TREND_SPY200,2025-04-01,1395.3481417059422
0.0,C2_TREND_SPY200,2025-04-02,1395.3481417059422
0.0,C2_TREND_SPY200,2025-04-03,1395.3481417059422
0.0,C2_TREND_SPY200,2025-04-04,1395.3481417059422
0.0,C2_TREND_SPY200,2025-04-07,1395.3481417059422
0.0,C2_TREND_SPY200,2025-04-08,1395.3481417059422
0.0,C2_TREND_SPY200,2025-04-09,1395.3481417059422
0.0,C2_TREND_SPY200,2025-04-10,1395.3481417059422
0.0,C2_TREND_SPY200,2025-04-11,1395.3481417059422
0.0,C2_TREND_SPY200,2025-04-14,1395.3481417059422
0.0,C2_TREND_SPY200,2025-04-15,1395.3481417059422
0.0,C2_TREND_SPY200,2025-04-16,1395.3481417059422
0.0,C2_TREND_SPY200,2025-04-17,1395.3481417059422
0.0,C2_TREND_SPY200,2025-04-21,1395.3481417059422
0.0,C2_TREND_SPY200,2025-04-22,1395.3481417059422
0.0,C2_TREND_SPY200,2025-04-23,1395.3481417059422
0.0,C2_TREND_SPY200,2025-04-24,1395.3481417059422
0.0,C2_TREND_SPY200,2025-04-25,1395.3481417059422
0.0,C2_TREND_SPY200,2025-04-28,1395.3481417059422
0.0,C2_TREND_SPY200,2025-04-29,1395.3481417059422
0.0,C2_TREND_SPY200,2025-04-30,1395.3481417059422
0.0,C2_TREND_SPY200,2025-05-01,1395.3481417059422
0.0,C2_TREND_SPY200,2025-05-02,1395.3481417059422
0.0,C2_TREND_SPY200,2025-05-05,1395.3481417059422
0.0,C2_TREND_SPY200,2025-05-06,1395.3481417059422
0.0,C2_TREND_SPY200,2025-05-07,1395.3481417059422
0.0,C2_TREND_SPY200,2025-05-08,1395.3481417059422
0.0,C2_TREND_SPY200,2025-05-09,1395.3481417059422
0.0,C2_TREND_SPY200,2025-05-12,1395.3481417059422
0.0,C2_TREND_SPY200,2025-05-13,1395.3481417059422
0.0,C2_TREND_SPY200,2025-05-14,1389.3870580371622
0.0,C2_TREND_SPY200,2025-05-15,1382.9447842805175
0.0,C2_TREND_SPY200,2025-05-16,1393.2938873681753
0.0,C2_TREND_SPY200,2025-05-19,1389.94171504659
0.0,C2_TREND_SPY200,2025-05-20,1393.015596064995
0.0,C2_TREND_SPY200,2025-05-21,1369.763216458129
0.0,C2_TREND_SPY200,2025-05-22,1374.9469524342671
0.0,C2_TREND_SPY200,2025-05-23,1366.753671779792
0.0,C2_TREND_SPY200,2025-05-27,1392.0862295985526
0.0,C2_TREND_SPY200,2025-05-28,1384.5106874928335
0.0,C2_TREND_SPY200,2025-05-29,1384.1923195745703
0.0,C2_TREND_SPY200,2025-05-30,1384.4931524647611
0.0,C2_TREND_SPY200,2025-06-02,1407.6247599876017
0.0,C2_TREND_SPY200,2025-06-03,1428.8791988182497
0.0,C2_TREND_SPY200,2025-06-04,1439.2433523970994
0.0,C2_TREND_SPY200,2025-06-05,1418.52686545093
0.0,C2_TREND_SPY200,2025-06-06,1432.0415224162991
0.0,C2_TREND_SPY200,2025-06-09,1458.7457032726397
0.0,C2_TREND_SPY200,2025-06-10,1471.3578737310866
0.0,C2_TREND_SPY200,2025-06-11,1476.0802568700349
0.0,C2_TREND_SPY200,2025-06-12,1481.556578962651
0.0,C2_TREND_SPY200,2025-06-13,1490.2829536837285
0.0,C2_TREND_SPY200,2025-06-16,1510.841883737758
0.0,C2_TREND_SPY200,2025-06-17,1496.2536720431992
0.0,C2_TREND_SPY200,2025-06-18,1512.1768022959627
0.0,C2_TREND_SPY200,2025-06-20,1512.9590002356767
0.0,C2_TREND_SPY200,2025-06-23,1535.5115983145731
0.0,C2_TREND_SPY200,2025-06-24,1556.0491670779734
0.0,C2_TREND_SPY200,2025-06-25,1551.710630814011
0.0,C2_TREND_SPY200,2025-06-26,1561.5264677314292
0.0,C2_TREND_SPY200,2025-06-27,1548.6694283815414
0.0,C2_TREND_SPY200,2025-06-30,1552.485043517064
0.0,C2_TREND_SPY200,2025-07-01,1518.8063687708009
0.0,C2_TREND_SPY200,2025-07-02,1543.5014008915819
0.0,C2_TREND_SPY200,2025-07-03,1551.2390247113663
0.0,C2_TREND_SPY200,2025-07-07,1544.9594633484758
0.0,C2_TREND_SPY200,2025-07-08,1544.0844716817885
0.0,C2_TREND_SPY200,2025-07-09,1557.7667664107867
0.0,C2_TREND_SPY200,2025-07-10,1563.7214439878574
0.0,C2_TREND_SPY200,2025-07-11,1576.5591911892147
0.0,C2_TREND_SPY200,2025-07-14,1591.6916508819813
0.0,C2_TREND_SPY200,2025-07-15,1589.0568364550752
0.0,C2_TREND_SPY200,2025-07-16,1601.2428638788535
0.0,C2_TREND_SPY200,2025-07-17,1610.4227367799135
0.0,C2_TREND_SPY200,2025-07-18,1610.4137872826518
0.0,C2_TREND_SPY200,2025-07-21,1607.4560492976905
0.0,C2_TREND_SPY200,2025-07-22,1594.7552760632911
0.0,C2_TREND_SPY200,2025-07-23,1611.5082200166783
0.0,C2_TREND_SPY200,2025-07-24,1610.8553336138627
0.0,C2_TREND_SPY200,2025-07-25,1598.6543502419804
0.0,C2_TREND_SPY200,2025-07-28,1609.9788997902094
0.0,C2_TREND_SPY200,2025-07-29,1600.471730088289
0.0,C2_TREND_SPY200,2025-07-30,1610.1234972742468
0.0,C2_TREND_SPY200,2025-07-31,1605.9344204066585
0.0,C2_TREND_SPY200,2025-08-01,1582.7352025083014
0.0,C2_TREND_SPY200,2025-08-04,1610.7396554402915
0.0,C2_TREND_SPY200,2025-08-05,1607.126213138922
0.0,C2_TREND_SPY200,2025-08-06,1618.7588873559466
0.0,C2_TREND_SPY200,2025-08-07,1610.4922857909926
0.0,C2_TREND_SPY200,2025-08-08,1610.3007065069535
0.0,C2_TREND_SPY200,2025-08-11,1610.7343688042658
0.0,C2_TREND_SPY200,2025-08-12,1635.2511995717593
0.0,C2_TREND_SPY200,2025-08-13,1634.1939529860272
0.0,C2_TREND_SPY200,2025-08-14,1622.2374690827662
0.0,C2_TREND_SPY200,2025-08-15,1609.1739429343315
0.0,C2_TREND_SPY200,2025-08-18,1607.9057119717818
0.0,C2_TREND_SPY200,2025-08-19,1566.9912987963082
0.0,C2_TREND_SPY200,2025-08-20,1569.5329517265147
0.0,C2_TREND_SPY200,2025-08-21,1557.0467282689997
0.0,C2_TREND_SPY200,2025-08-22,1587.8736283723492
0.0,C2_TREND_SPY200,2025-08-25,1584.1210270729337
0.0,C2_TREND_SPY200,2025-08-26,1602.3696396628043
0.0,C2_TREND_SPY200,2025-08-27,1594.2096297685296
0.0,C2_TREND_SPY200,2025-08-28,1600.5762481095926
0.0,C2_TREND_SPY200,2025-08-29,1577.3686666718643
0.0,C2_TREND_SPY200,2025-09-02,1579.6835996267994
0.0,C2_TREND_SPY200,2025-09-03,1573.7528318338377
0.0,C2_TREND_SPY200,2025-09-04,1574.492581531962
0.0,C2_TREND_SPY200,2025-09-05,1587.2225177765786
0.0,C2_TREND_SPY200,2025-09-08,1592.3340532514133
0.0,C2_TREND_SPY200,2025-09-09,1592.6013847398053
0.0,C2_TREND_SPY200,2025-09-10,1621.576101022323
0.0,C2_TREND_SPY200,2025-09-11,1625.2094032062387
0.0,C2_TREND_SPY200,2025-09-12,1646.5382217264835
0.0,C2_TREND_SPY200,2025-09-15,1660.221082133488
0.0,C2_TREND_SPY200,2025-09-16,1667.093870233534
0.0,C2_TREND_SPY200,2025-09-17,1656.33552471062
0.0,C2_TREND_SPY200,2025-09-18,1673.4198258257625
0.0,C2_TREND_SPY200,2025-09-19,1680.280619578007
0.0,C2_TREND_SPY200,2025-09-22,1692.9243516913216
0.0,C2_TREND_SPY200,2025-09-23,1691.986608230542
0.0,C2_TREND_SPY200,2025-09-24,1692.5182873712426
0.0,C2_TREND_SPY200,2025-09-25,1661.5278198251517
0.0,C2_TREND_SPY200,2025-09-26,1672.1923363340568
0.0,C2_TREND_SPY200,2025-09-29,1678.4187462198656
0.0,C2_TREND_SPY200,2025-09-30,1688.8451850690224
0.0,C2_TREND_SPY200,2025-10-01,1727.6140715621627
0.0,C2_TREND_SPY200,2025-10-02,1751.0893183828111
0.0,C2_TREND_SPY200,2025-10-03,1746.788101227162
0.0,C2_TREND_SPY200,2025-10-06,1775.8140490322378
0.0,C2_TREND_SPY200,2025-10-07,1759.6073420429684
0.0,C2_TREND_SPY200,2025-10-08,1790.9895467546728
0.0,C2_TREND_SPY200,2025-10-09,1796.230509403167
0.0,C2_TREND_SPY200,2025-10-10,1731.4706968852006
0.0,C2_TREND_SPY200,2025-10-13,1783.367927480706
0.0,C2_TREND_SPY200,2025-10-14,1772.9199229523224
0.0,C2_TREND_SPY200,2025-10-15,1788.383949383131
0.0,C2_TREND_SPY200,2025-10-16,1766.5520587469737
0.0,C2_TREND_SPY200,2025-10-17,1752.2006059262887
0.0,C2_TREND_SPY200,2025-10-20,1767.627579869303
0.0,C2_TREND_SPY200,2025-10-21,1741.497667118138
0.0,C2_TREND_SPY200,2025-10-22,1715.175555080829
0.0,C2_TREND_SPY200,2025-10-23,1737.3412696883045
0.0,C2_TREND_SPY200,2025-10-24,1753.7283197503252
0.0,C2_TREND_SPY200,2025-10-27,1782.3339924526967
0.0,C2_TREND_SPY200,2025-10-28,1776.9043490406775
0.0,C2_TREND_SPY200,2025-10-29,1792.8876006487862
0.0,C2_TREND_SPY200,2025-10-30,1750.6793038641922
0.0,C2_TREND_SPY200,2025-10-31,1768.768536680805
0.0,C2_TREND_SPY200,2025-11-03,1761.5472497289672
0.0,C2_TREND_SPY200,2025-11-04,1712.7433520266513
0.0,C2_TREND_SPY200,2025-11-05,1727.7194163138495
0.0,C2_TREND_SPY200,2025-11-06,1686.4323480421533
0.0,C2_TREND_SPY200,2025-11-07,1693.7038257093552
0.0,C2_TREND_SPY200,2025-11-10,1725.0884339073466
0.0,C2_TREND_SPY200,2025-11-11,1708.394885397003
0.0,C2_TREND_SPY200,2025-11-12,1693.441912345247
0.0,C2_TREND_SPY200,2025-11-13,1648.3149890197706
0.0,C2_TREND_SPY200,2025-11-14,1649.133313099495
0.0,C2_TREND_SPY200,2025-11-17,1631.4391822116154
0.0,C2_TREND_SPY200,2025-11-18,1630.4341585646255
0.0,C2_TREND_SPY200,2025-11-19,1625.7598554152196
0.0,C2_TREND_SPY200,2025-11-20,1589.807274064333
0.0,C2_TREND_SPY200,2025-11-21,1579.9044194122375
0.0,C2_TREND_SPY200,2025-11-24,1629.5602478654837
0.0,C2_TREND_SPY200,2025-11-25,1635.348192925155
0.0,C2_TREND_SPY200,2025-11-26,1656.7048895193632
0.0,C2_TREND_SPY200,2025-11-28,1669.2562683924655
0.0,C2_TREND_SPY200,2025-12-01,1645.056282610118
0.0,C2_TREND_SPY200,2025-12-02,1665.168248490737
0.0,C2_TREND_SPY200,2025-12-03,1688.633111138607
0.0,C2_TREND_SPY200,2025-12-04,1717.087982271138
0.0,C2_TREND_SPY200,2025-12-05,1715.593335076041
0.0,C2_TREND_SPY200,2025-12-08,1717.7206634632112
0.0,C2_TREND_SPY200,2025-12-09,1720.4815258167923
0.0,C2_TREND_SPY200,2025-12-10,1737.2796524234036
0.0,C2_TREND_SPY200,2025-12-11,1750.9513556463114
0.0,C2_TREND_SPY200,2025-12-12,1709.6680490884162
0.0,C2_TREND_SPY200,2025-12-15,1681.821335539772
0.0,C2_TREND_SPY200,2025-12-16,1693.3650712892754
0.0,C2_TREND_SPY200,2025-12-17,1644.3168575145696
0.0,C2_TREND_SPY200,2025-12-18,1668.0164946073294
0.0,C2_TREND_SPY200,2025-12-19,1706.688403821099
0.0,C2_TREND_SPY200,2025-12-22,1737.7766200363126
0.0,C2_TREND_SPY200,2025-12-23,1738.0267014063045
0.0,C2_TREND_SPY200,2025-12-24,1726.7907033336446
0.0,C2_TREND_SPY200,2025-12-26,1709.2094680396867
0.0,C2_TREND_SPY200,2025-12-29,1695.3333815266947
0.0,C2_TREND_SPY200,2025-12-30,1700.0003808131135
0.0,C2_TREND_SPY200,2025-12-31,1682.55222575059
0.0,C2_TREND_SPY200,2026-01-02,1710.4035768044923
0.0,C2_TREND_SPY200,2026-01-05,1738.72102767151
0.0,C2_TREND_SPY200,2026-01-06,1751.9465052608348
0.0,C2_TREND_SPY200,2026-01-07,1723.3413405957829
0.0,C2_TREND_SPY200,2026-01-08,1727.2238004024175
0.0,C2_TREND_SPY200,2026-01-09,1754.643482576945
0.0,C2_TREND_SPY200,2026-01-12,1776.1658402268686
0.0,C2_TREND_SPY200,2026-01-13,1783.13982303067
0.0,C2_TREND_SPY200,2026-01-14,1783.0137065561319
0.0,C2_TREND_SPY200,2026-01-15,1787.7507273217816
0.0,C2_TREND_SPY200,2026-01-16,1802.108592213385
0.0,C2_TREND_SPY200,2026-01-20,1757.5200814758002
0.0,C2_TREND_SPY200,2026-01-21,1769.8646224578072
0.0,C2_TREND_SPY200,2026-01-22,1794.795872192109
0.0,C2_TREND_SPY200,2026-01-23,1798.9073993168724
0.0,C2_TREND_SPY200,2026-01-26,1782.0620772588102
0.0,C2_TREND_SPY200,2026-01-27,1808.0112410643703
0.0,C2_TREND_SPY200,2026-01-28,1822.5544779019028
0.0,C2_TREND_SPY200,2026-01-29,1820.378707414168
0.0,C2_TREND_SPY200,2026-01-30,1790.182103503484
0.0,C2_TREND_SPY200,2026-02-02,1757.9872640633907
0.0,C2_TREND_SPY200,2026-02-03,1762.5836182183155
0.0,C2_TREND_SPY200,2026-02-04,1709.9889059833647
0.0,C2_TREND_SPY200,2026-02-05,1647.8231805495552
0.0,C2_TREND_SPY200,2026-02-06,1731.0785796249606
0.0,C2_TREND_SPY200,2026-02-09,1757.8475386125301
0.0,C2_TREND_SPY200,2026-02-10,1740.503603978625
0.0,C2_TREND_SPY200,2026-02-11,1740.979407566302
0.0,C2_TREND_SPY200,2026-02-12,1704.6860644786466
0.0,C2_TREND_SPY200,2026-02-13,1725.6951996611429
0.0,C2_TREND_SPY200,2026-02-17,1715.3442065721506
0.0,C2_TREND_SPY200,2026-02-18,1719.0674516221493
0.0,C2_TREND_SPY200,2026-02-19,1729.886305340587
0.0,C2_TREND_SPY200,2026-02-20,1726.9926227154863
0.0,C2_TREND_SPY200,2026-02-23,1718.8227940769273
0.0,C2_TREND_SPY200,2026-02-24,1724.5327217686438
0.0,C2_TREND_SPY200,2026-02-25,1745.6794657327841
0.0,C2_TREND_SPY200,2026-02-26,1729.933869842371
0.0,C2_TREND_SPY200,2026-02-27,1720.5830763697402
0.0,C2_TREND_SPY200,2026-03-02,1749.9433005997146
0.0,C2_TREND_SPY200,2026-03-03,1737.4942645450813
0.0,C2_TREND_SPY200,2026-03-04,1788.4557336525238
0.0,C2_TREND_SPY200,2026-03-05,1768.9383861170666
0.0,C2_TREND_SPY200,2026-03-06,1755.96950196629
0.0,C2_TREND_SPY200,2026-03-09,1774.436382063528
0.0,C2_TREND_SPY200,2026-03-10,1772.566765371667
0.0,C2_TREND_SPY200,2026-03-11,1774.6036999195799
0.0,C2_TREND_SPY200,2026-03-12,1767.720864473028
0.0,C2_TREND_SPY200,2026-03-13,1757.1816221579718
0.0,C2_TREND_SPY200,2026-03-16,1777.7030543507058
0.0,C2_TREND_SPY200,2026-03-17,1786.9966947401374
0.0,C2_TREND_SPY200,2026-03-18,1759.6048952835895
0.0,C2_TREND_SPY200,2026-03-19,1748.0290620536416
0.0,C2_TREND_SPY200,2026-03-20,1704.8658886422018
0.0,C2_TREND_SPY200,2026-03-23,1716.3895435456782
0.0,C2_TREND_SPY200,2026-03-24,1712.7288722788037
0.0,C2_TREND_SPY200,2026-03-25,1712.7288722788037
0.0,C2_TREND_SPY200,2026-03-26,1712.7288722788037
0.0,C2_TREND_SPY200,2026-03-27,1712.7288722788037
0.0,C2_TREND_SPY200,2026-03-30,1712.7288722788037
0.0,C2_TREND_SPY200,2026-03-31,1712.7288722788037
0.0,C2_TREND_SPY200,2026-04-01,1712.7288722788037
0.0,C2_TREND_SPY200,2026-04-02,1712.7288722788037
0.0,C2_TREND_SPY200,2026-04-06,1712.7288722788037
0.0,C2_TREND_SPY200,2026-04-07,1712.7288722788037
0.0,C2_TREND_SPY200,2026-04-08,1712.7288722788037
0.0,C2_TREND_SPY200,2026-04-09,1712.7288722788037
0.0,C2_TREND_SPY200,2026-04-10,1716.844809360858
0.0,C2_TREND_SPY200,2026-04-13,1737.8917553234087
0.0,C2_TREND_SPY200,2026-04-14,1750.8132911729563
0.0,C2_TREND_SPY200,2026-04-15,1771.2530593833935
0.0,C2_TREND_SPY200,2026-04-16,1786.4229354518966
0.0,C2_TREND_SPY200,2026-04-17,1808.7340786189375
0.0,C2_TREND_SPY200,2026-04-20,1795.8111811355056
0.0,C2_TREND_SPY200,2026-04-21,1782.128543509622
0.0,C2_TREND_SPY200,2026-04-22,1826.7371615073519
0.0,C2_TREND_SPY200,2026-04-23,1798.6675320502143
0.0,C2_TREND_SPY200,2026-04-24,1809.0176408099883
0.0,C2_TREND_SPY200,2026-04-27,1808.9539197848508
0.0,C2_TREND_SPY200,2026-04-28,1780.5547656069575
0.0,C2_TREND_SPY200,2026-04-29,1770.1836959727161
0.0,C2_TREND_SPY200,2026-04-30,1795.02800722032
0.0,C2_TREND_SPY200,2026-05-01,1808.674795607644
0.0,C2_TREND_SPY200,2026-05-04,1817.6244810972407
0.0,C2_TREND_SPY200,2026-05-05,1811.6934210895074
0.0,C2_TREND_SPY200,2026-05-06,1832.9607238226147
0.0,C2_TREND_SPY200,2026-05-07,1816.8698397608312
0.0,C2_TREND_SPY200,2026-05-08,1847.0323240107266
0.0,C2_TREND_SPY200,2026-05-11,1880.3106861865804
0.0,C2_TREND_SPY200,2026-05-12,1854.5076900105537
0.0,C2_TREND_SPY200,2026-05-13,1857.5079501596479
0.0,C2_TREND_SPY200,2026-05-14,1891.5051475817172
0.0,C2_TREND_SPY200,2026-05-15,1859.2421573435963
0.0,C2_TREND_SPY200,2026-05-18,1846.6549124675369
0.0,C2_TREND_SPY200,2026-05-19,1843.9281143373273
0.0,C2_TREND_SPY200,2026-05-20,1861.463497486535
0.0,C2_TREND_SPY200,2026-05-21,1866.8545559175568
0.0,C2_TREND_SPY200,2026-05-22,1886.0252163298944
0.0,C2_TREND_SPY200,2026-05-26,1921.6973613954008
0.0,C2_TREND_SPY200,2026-05-27,1924.8273190707403
0.0,C2_TREND_SPY200,2026-05-28,1946.7376152469403
0.0,C2_TREND_SPY200,2026-05-29,1925.9838034791615
0.0,C2_TREND_SPY200,2026-06-01,1903.3851864875744
0.0,C2_TREND_SPY200,2026-06-02,1910.1792727050347
0.0,C2_TREND_SPY200,2026-06-03,1887.4689455484736
0.0,C2_TREND_SPY200,2026-06-04,1875.3695229542097
0.0,C2_TREND_SPY200,2026-06-05,1790.8493121220026
0.0,C2_TREND_SPY200,2026-06-08,1818.3750414685849
0.0,C2_TREND_SPY200,2026-06-09,1789.1254179598845
0.0,C2_TREND_SPY200,2026-06-10,1755.870163566832
0.0,C2_TREND_SPY200,2026-06-11,1807.8175985422545
0.0,C2_TREND_SPY200,2026-06-12,1790.4041229910863
0.0,C2_TREND_SPY200,2026-06-15,1833.7011492415083
0.0,C2_TREND_SPY200,2026-06-16,1802.567844580203
0.0,C2_TREND_SPY200,2026-06-17,1782.9680013680913
0.0,C2_TREND_SPY200,2026-06-18,1787.9326550958249
0.0,C2_TREND_SPY200,2026-06-22,1766.7903849367349
0.0,C2_TREND_SPY200,2026-06-23,1727.6472647968635
0.0,C2_TREND_SPY200,2026-06-24,1696.163124178216
0.0,C2_TREND_SPY200,2026-06-25,1689.3591584226542
0.0,C2_TREND_SPY200,2026-06-26,1691.2986580851748
0.0,C2_TREND_SPY200,2026-06-29,1738.3966113332983
0.0,C2_TREND_SPY200,2026-06-30,1740.6746139772808
0.0,C2_TREND_SPY200,2026-07-01,1740.7339437332528
0.0,C2_TREND_SPY200,2026-07-02,1738.6271335222566
0.0,C2_TREND_SPY200,2026-07-06,1758.2531613313845
0.0,C2_TREND_SPY200,2026-07-07,1745.813511169187
0.0,C2_TREND_SPY200,2026-07-08,1745.1411074973264
0.0,C2_TREND_SPY200,2026-07-09,1756.0996629962358
0.0,C2_TREND_SPY200,2026-07-10,1767.1202074582352
0.0,C2_TREND_SPY200,2026-07-13,1742.1207665890643
0.0,C2_TREND_SPY200,2026-07-14,1766.1613213604162
0.0,C2_TREND_SPY200,2026-07-15,1767.750376229511
0.0,C2_TREND_SPY200,2026-07-16,1726.0368777963902
0.0,C2_TREND_SPY200,2026-07-17,1723.2949348057734
0.0,C2_TREND_SPY200,2026-07-20,1727.9585969288908
0.0,C2_TREND_SPY200,2026-07-21,1760.9857326250603
0.0,C2_TREND_SPY200,2026-07-22,1757.5910469065054
0.0,C2_TREND_SPY200,2026-07-23,1740.9820618775477
0.0,C2_TREND_SPY200,2026-07-24,1719.6842702299728
0.0,C2_TREND_SPY200,2026-07-27,1715.4202695019026
0.0,C2_TREND_SPY200,2026-07-28,1688.546948679212
0.0,C2_TREND_SPY200,2026-07-29,1667.347969554327
0.0,C2_TREND_SPY200,2026-07-30,1691.4952744997934
0.0,C2_TREND_SPY200,2026-07-31,1693.9553678476557
0.0,C2_TREND_SPY200,2026-08-03,1716.5534220875816
0.0,C2_TREND_SPY200,2026-08-04,1763.5854601639337
0.0,C2_TREND_SPY200,2026-08-05,1763.557448236625
0.0,C2_TREND_SPY200,2026-08-06,1764.150931973464
0.0,C2_TREND_SPY200,2026-08-07,1799.2571039674765
0.0,C2_TREND_SPY200,2026-08-10,1802.117235770622
0.0,C2_TREND_SPY200,2026-08-11,1804.8134585511993
0.0,C2_TREND_SPY200,2026-08-12,1812.0521669124569
0.0,C2_TREND_SPY200,2026-08-13,1819.154871112952
0.0,C2_TREND_SPY200,2026-08-14,1805.2013465275445
0.0,C2_TREND_SPY200,2026-08-17,1808.060785386255
0.0,C2_TREND_SPY200,2026-08-18,1779.8056103904858
0.0,C2_TREND_SPY200,2026-08-19,1805.1192867260538
0.0,C2_TREND_SPY200,2026-08-20,1800.0885227006295
0.0,C2_TREND_SPY200,2026-08-21,1830.796541122375
0.0,C2_TREND_SPY200,2026-08-24,1813.2176675946682
0.0,C2_TREND_SPY200,2026-08-25,1815.1824112077306
0.0,C2_TREND_SPY200,2026-08-26,1805.0231078374136
0.0,C2_TREND_SPY200,2026-08-27,1849.0099543555684
0.0,C2_TREND_SPY200,2026-08-28,1812.5926153212138
0.0,C3_XMOM_TOP5,2024-11-22,1500.0
0.0,C3_XMOM_TOP5,2024-11-25,1420.0209637161
0.0,C3_XMOM_TOP5,2024-11-26,1396.1491708766296
0.0,C3_XMOM_TOP5,2024-11-27,1401.0873657236175
0.0,C3_XMOM_TOP5,2024-11-29,1430.9428614918427
0.0,C3_XMOM_TOP5,2024-12-02,1415.3643562940001
0.0,C3_XMOM_TOP5,2024-12-03,1422.1340606941626
0.0,C3_XMOM_TOP5,2024-12-04,1457.1717264272982
0.0,C3_XMOM_TOP5,2024-12-05,1457.6313731167006
0.0,C3_XMOM_TOP5,2024-12-06,1531.2718705206225
0.0,C3_XMOM_TOP5,2024-12-09,1479.6025561810475
0.0,C3_XMOM_TOP5,2024-12-10,1459.134535073134
0.0,C3_XMOM_TOP5,2024-12-11,1509.4448052203047
0.0,C3_XMOM_TOP5,2024-12-12,1487.9120831575578
0.0,C3_XMOM_TOP5,2024-12-13,1528.6109959828225
0.0,C3_XMOM_TOP5,2024-12-16,1559.2491003420237
0.0,C3_XMOM_TOP5,2024-12-17,1545.84222269272
0.0,C3_XMOM_TOP5,2024-12-18,1444.1939164027228
0.0,C3_XMOM_TOP5,2024-12-19,1438.1729815002375
0.0,C3_XMOM_TOP5,2024-12-20,1485.698281863452
0.0,C3_XMOM_TOP5,2024-12-23,1475.4802466916028
0.0,C3_XMOM_TOP5,2024-12-24,1535.3289126709942
0.0,C3_XMOM_TOP5,2024-12-26,1530.4674620053725
0.0,C3_XMOM_TOP5,2024-12-27,1461.807475328854
0.0,C3_XMOM_TOP5,2024-12-30,1409.0271448103829
0.0,C3_XMOM_TOP5,2024-12-31,1368.822995386943
0.0,C3_XMOM_TOP5,2025-01-02,1383.1383878971385
0.0,C3_XMOM_TOP5,2025-01-03,1512.6772700261602
0.0,C3_XMOM_TOP5,2025-01-06,1539.8416802176039
0.0,C3_XMOM_TOP5,2025-01-07,1455.1705349080685
0.0,C3_XMOM_TOP5,2025-01-08,1429.1530860978792
0.0,C3_XMOM_TOP5,2025-01-10,1430.83012465691
0.0,C3_XMOM_TOP5,2025-01-13,1404.0394871272947
0.0,C3_XMOM_TOP5,2025-01-14,1422.6684678146285
0.0,C3_XMOM_TOP5,2025-01-15,1482.51411000782
0.0,C3_XMOM_TOP5,2025-01-16,1483.7171063855942
0.0,C3_XMOM_TOP5,2025-01-17,1521.0733940993962
0.0,C3_XMOM_TOP5,2025-01-21,1573.396450410035
0.0,C3_XMOM_TOP5,2025-01-22,1564.922956755126
0.0,C3_XMOM_TOP5,2025-01-23,1541.3445350689583
0.0,C3_XMOM_TOP5,2025-01-24,1524.8282011032732
0.0,C3_XMOM_TOP5,2025-01-27,1386.3554412808817
0.0,C3_XMOM_TOP5,2025-01-28,1429.0999534487828
0.0,C3_XMOM_TOP5,2025-01-29,1404.5980241134996
0.0,C3_XMOM_TOP5,2025-01-30,1461.621063561427
0.0,C3_XMOM_TOP5,2025-01-31,1475.7755101324656
0.0,C3_XMOM_TOP5,2025-02-03,1493.173107666572
0.0,C3_XMOM_TOP5,2025-02-04,1578.8113247892925
0.0,C3_XMOM_TOP5,2025-02-05,1550.838121186531
0.0,C3_XMOM_TOP5,2025-02-06,1563.195583570851
0.0,C3_XMOM_TOP5,2025-02-07,1544.3034167331075
0.0,C3_XMOM_TOP5,2025-02-10,1567.3211493252395
0.0,C3_XMOM_TOP5,2025-02-11,1514.5170887095098
0.0,C3_XMOM_TOP5,2025-02-12,1546.2783784034943
0.0,C3_XMOM_TOP5,2025-02-13,1557.8944443203131
0.0,C3_XMOM_TOP5,2025-02-14,1580.35356135313
0.0,C3_XMOM_TOP5,2025-02-18,1585.038030279462
0.0,C3_XMOM_TOP5,2025-02-19,1544.5125549348415
0.0,C3_XMOM_TOP5,2025-02-20,1522.9164928156451
0.0,C3_XMOM_TOP5,2025-02-21,1436.7916642047694
0.0,C3_XMOM_TOP5,2025-02-24,1365.7923739452553
0.0,C3_XMOM_TOP5,2025-02-25,1277.2348877759305
0.0,C3_XMOM_TOP5,2025-02-26,1291.198471426313
0.0,C3_XMOM_TOP5,2025-02-27,1211.7514424732633
0.0,C3_XMOM_TOP5,2025-02-28,1245.1395263386967
0.0,C3_XMOM_TOP5,2025-03-03,1217.1467652825352
0.0,C3_XMOM_TOP5,2025-03-04,1240.9168629723358
0.0,C3_XMOM_TOP5,2025-03-05,1306.564897208652
0.0,C3_XMOM_TOP5,2025-03-06,1232.5480359807743
0.0,C3_XMOM_TOP5,2025-03-07,1222.1490622176093
0.0,C3_XMOM_TOP5,2025-03-10,1081.5190535134216
0.0,C3_XMOM_TOP5,2025-03-11,1137.3955850750506
0.0,C3_XMOM_TOP5,2025-03-12,1184.8781200597373
0.0,C3_XMOM_TOP5,2025-03-13,1151.7203913012593
0.0,C3_XMOM_TOP5,2025-03-14,1238.0428426071858
0.0,C3_XMOM_TOP5,2025-03-17,1230.8677518841014
0.0,C3_XMOM_TOP5,2025-03-18,1189.1606716831436
0.0,C3_XMOM_TOP5,2025-03-19,1244.6200866996537
0.0,C3_XMOM_TOP5,2025-03-20,1247.1895818985715
0.0,C3_XMOM_TOP5,2025-03-21,1267.0508007687072
0.0,C3_XMOM_TOP5,2025-03-24,1361.4583309530417
0.0,C3_XMOM_TOP5,2025-03-25,1368.9416441946
0.0,C3_XMOM_TOP5,2025-03-26,1310.7138155665584
0.0,C3_XMOM_TOP5,2025-03-27,1292.9213105360604
0.0,C3_XMOM_TOP5,2025-03-28,1227.9322353310854
0.0,C3_XMOM_TOP5,2025-03-31,1211.941261136488
0.0,C3_XMOM_TOP5,2025-04-01,1254.7895884736192
0.0,C3_XMOM_TOP5,2025-04-02,1257.4246940278267
0.0,C3_XMOM_TOP5,2025-04-03,1187.860125514147
0.0,C3_XMOM_TOP5,2025-04-04,1155.0599362720457
0.0,C3_XMOM_TOP5,2025-04-07,1116.8157724536406
0.0,C3_XMOM_TOP5,2025-04-08,1079.938712350259
0.0,C3_XMOM_TOP5,2025-04-09,1210.3070489671022
0.0,C3_XMOM_TOP5,2025-04-10,1170.3639329356645
0.0,C3_XMOM_TOP5,2025-04-11,1213.9383204656792
0.0,C3_XMOM_TOP5,2025-04-14,1237.6912840837776
0.0,C3_XMOM_TOP5,2025-04-15,1252.2200741245065
0.0,C3_XMOM_TOP5,2025-04-16,1249.4953065623508
0.0,C3_XMOM_TOP5,2025-04-17,1263.0911266124376
0.0,C3_XMOM_TOP5,2025-04-21,1267.4102951037476
0.0,C3_XMOM_TOP5,2025-04-22,1308.1410307046112
0.0,C3_XMOM_TOP5,2025-04-23,1325.7546757642276
0.0,C3_XMOM_TOP5,2025-04-24,1355.509241100105
0.0,C3_XMOM_TOP5,2025-04-25,1389.4914970750588
0.0,C3_XMOM_TOP5,2025-04-28,1393.1307369026642
0.0,C3_XMOM_TOP5,2025-04-29,1400.4653450645283
0.0,C3_XMOM_TOP5,2025-04-30,1393.5306967241095
0.0,C3_XMOM_TOP5,2025-05-01,1393.130630755252
0.0,C3_XMOM_TOP5,2025-05-02,1428.0231132085742
0.0,C3_XMOM_TOP5,2025-05-05,1423.240656771422
0.0,C3_XMOM_TOP5,2025-05-06,1394.634225785175
0.0,C3_XMOM_TOP5,2025-05-07,1403.4262882536566
0.0,C3_XMOM_TOP5,2025-05-08,1445.0748011230742
0.0,C3_XMOM_TOP5,2025-05-09,1447.8894925083355
0.0,C3_XMOM_TOP5,2025-05-12,1430.6027968551173
0.0,C3_XMOM_TOP5,2025-05-13,1473.170865627165
0.0,C3_XMOM_TOP5,2025-05-14,1466.941567907015
0.0,C3_XMOM_TOP5,2025-05-15,1450.5358319807062
0.0,C3_XMOM_TOP5,2025-05-16,1460.6559661818405
0.0,C3_XMOM_TOP5,2025-05-19,1470.1051088982133
0.0,C3_XMOM_TOP5,2025-05-20,1479.8730295136997
0.0,C3_XMOM_TOP5,2025-05-21,1460.3746079188277
0.0,C3_XMOM_TOP5,2025-05-22,1465.5129077498195
0.0,C3_XMOM_TOP5,2025-05-23,1446.7065610944167
0.0,C3_XMOM_TOP5,2025-05-27,1450.9058416591154
0.0,C3_XMOM_TOP5,2025-05-28,1435.6798781023872
0.0,C3_XMOM_TOP5,2025-05-29,1434.0179543665986
0.0,C3_XMOM_TOP5,2025-05-30,1455.5123186096548
0.0,C3_XMOM_TOP5,2025-06-02,1468.5647385903485
0.0,C3_XMOM_TOP5,2025-06-03,1483.540088075132
0.0,C3_XMOM_TOP5,2025-06-04,1490.8332981454628
0.0,C3_XMOM_TOP5,2025-06-05,1459.9723565403056
0.0,C3_XMOM_TOP5,2025-06-06,1462.2983293697075
0.0,C3_XMOM_TOP5,2025-06-09,1468.510306759262
0.0,C3_XMOM_TOP5,2025-06-10,1473.9571076562634
0.0,C3_XMOM_TOP5,2025-06-11,1485.1235807061348
0.0,C3_XMOM_TOP5,2025-06-12,1486.6260918713665
0.0,C3_XMOM_TOP5,2025-06-13,1480.958253059425
0.0,C3_XMOM_TOP5,2025-06-16,1497.8311285414882
0.0,C3_XMOM_TOP5,2025-06-17,1485.3636021596826
0.0,C3_XMOM_TOP5,2025-06-18,1491.7481924021818
0.0,C3_XMOM_TOP5,2025-06-20,1482.0630337818632
0.0,C3_XMOM_TOP5,2025-06-23,1505.572752745493
0.0,C3_XMOM_TOP5,2025-06-24,1526.4949983201564
0.0,C3_XMOM_TOP5,2025-06-25,1523.947139686687
0.0,C3_XMOM_TOP5,2025-06-26,1537.1395163372413
0.0,C3_XMOM_TOP5,2025-06-27,1507.9054736428525
0.0,C3_XMOM_TOP5,2025-06-30,1534.6685951822294
0.0,C3_XMOM_TOP5,2025-07-01,1504.8881966135086
0.0,C3_XMOM_TOP5,2025-07-02,1513.4867223068818
0.0,C3_XMOM_TOP5,2025-07-03,1526.5440967847662
0.0,C3_XMOM_TOP5,2025-07-07,1540.425738335685
0.0,C3_XMOM_TOP5,2025-07-08,1532.3514637168273
0.0,C3_XMOM_TOP5,2025-07-09,1538.009141792586
0.0,C3_XMOM_TOP5,2025-07-10,1542.6887019605792
0.0,C3_XMOM_TOP5,2025-07-11,1552.5784226198853
0.0,C3_XMOM_TOP5,2025-07-14,1581.343163661667
0.0,C3_XMOM_TOP5,2025-07-15,1590.4692452832708
0.0,C3_XMOM_TOP5,2025-07-16,1592.413685371354
0.0,C3_XMOM_TOP5,2025-07-17,1626.8086498994978
0.0,C3_XMOM_TOP5,2025-07-18,1649.1842977659835
0.0,C3_XMOM_TOP5,2025-07-21,1636.9990394275294
0.0,C3_XMOM_TOP5,2025-07-22,1634.4418385835997
0.0,C3_XMOM_TOP5,2025-07-23,1677.177925333031
0.0,C3_XMOM_TOP5,2025-07-24,1677.6247640686572
0.0,C3_XMOM_TOP5,2025-07-25,1638.2367052633322
0.0,C3_XMOM_TOP5,2025-07-28,1641.497826302189
0.0,C3_XMOM_TOP5,2025-07-29,1627.0781735291382
0.0,C3_XMOM_TOP5,2025-07-30,1648.0531793093246
0.0,C3_XMOM_TOP5,2025-07-31,1677.2791221443854
0.0,C3_XMOM_TOP5,2025-08-01,1658.5688556621055
0.0,C3_XMOM_TOP5,2025-08-04,1696.621632832171
0.0,C3_XMOM_TOP5,2025-08-05,1715.079911084824
0.0,C3_XMOM_TOP5,2025-08-06,1721.526634487224
0.0,C3_XMOM_TOP5,2025-08-07,1713.0129500703865
0.0,C3_XMOM_TOP5,2025-08-08,1715.5592239208809
0.0,C3_XMOM_TOP5,2025-08-11,1696.232822154749
0.0,C3_XMOM_TOP5,2025-08-12,1757.6516843438976
0.0,C3_XMOM_TOP5,2025-08-13,1740.0058280933663
0.0,C3_XMOM_TOP5,2025-08-14,1721.4601124036817
0.0,C3_XMOM_TOP5,2025-08-15,1694.0631125569953
0.0,C3_XMOM_TOP5,2025-08-18,1692.8664572706134
0.0,C3_XMOM_TOP5,2025-08-19,1604.4580933572583
0.0,C3_XMOM_TOP5,2025-08-20,1595.939180275097
0.0,C3_XMOM_TOP5,2025-08-21,1588.8776257817253
0.0,C3_XMOM_TOP5,2025-08-22,1618.9526401656292
0.0,C3_XMOM_TOP5,2025-08-25,1637.943560842119
0.0,C3_XMOM_TOP5,2025-08-26,1664.5311077113583
0.0,C3_XMOM_TOP5,2025-08-27,1642.9857102719654
0.0,C3_XMOM_TOP5,2025-08-28,1660.7056851730213
0.0,C3_XMOM_TOP5,2025-08-29,1621.335837677896
0.0,C3_XMOM_TOP5,2025-09-02,1610.2160824191915
0.0,C3_XMOM_TOP5,2025-09-03,1590.8150803525944
0.0,C3_XMOM_TOP5,2025-09-04,1579.9257194877187
0.0,C3_XMOM_TOP5,2025-09-05,1596.3956296419176
0.0,C3_XMOM_TOP5,2025-09-08,1605.6897467676117
0.0,C3_XMOM_TOP5,2025-09-09,1598.1081713634117
0.0,C3_XMOM_TOP5,2025-09-10,1686.0781465595078
0.0,C3_XMOM_TOP5,2025-09-11,1666.4919825557222
0.0,C3_XMOM_TOP5,2025-09-12,1694.6246712052152
0.0,C3_XMOM_TOP5,2025-09-15,1720.0685663760353
0.0,C3_XMOM_TOP5,2025-09-16,1697.6156894321675
0.0,C3_XMOM_TOP5,2025-09-17,1673.2134245438742
0.0,C3_XMOM_TOP5,2025-09-18,1706.1878940276604
0.0,C3_XMOM_TOP5,2025-09-19,1744.1818421099204
0.0,C3_XMOM_TOP5,2025-09-22,1781.4137189167118
0.0,C3_XMOM_TOP5,2025-09-23,1793.7944530991838
0.0,C3_XMOM_TOP5,2025-09-24,1779.5157799672465
0.0,C3_XMOM_TOP5,2025-09-25,1742.032073504197
0.0,C3_XMOM_TOP5,2025-09-26,1745.8986682178343
0.0,C3_XMOM_TOP5,2025-09-29,1730.5286677907786
0.0,C3_XMOM_TOP5,2025-09-30,1747.0047081726268
0.0,C3_XMOM_TOP5,2025-10-01,1818.8084663961824
0.0,C3_XMOM_TOP5,2025-10-02,1867.4195640495257
0.0,C3_XMOM_TOP5,2025-10-03,1842.6067591964684
0.0,C3_XMOM_TOP5,2025-10-06,1899.408347369245
0.0,C3_XMOM_TOP5,2025-10-07,1900.490298577083
0.0,C3_XMOM_TOP5,2025-10-08,1966.2897622800624
0.0,C3_XMOM_TOP5,2025-10-09,2009.3398184199004
0.0,C3_XMOM_TOP5,2025-10-10,1901.5581748657296
0.0,C3_XMOM_TOP5,2025-10-13,2020.8885446939053
0.0,C3_XMOM_TOP5,2025-10-14,2016.3771575255844
0.0,C3_XMOM_TOP5,2025-10-15,2035.6556908707046
0.0,C3_XMOM_TOP5,2025-10-16,1995.2325669465047
0.0,C3_XMOM_TOP5,2025-10-17,1963.1025391970502
0.0,C3_XMOM_TOP5,2025-10-20,1970.8077574726176
0.0,C3_XMOM_TOP5,2025-10-21,1930.2551701250532
0.0,C3_XMOM_TOP5,2025-10-22,1865.09979899737
0.0,C3_XMOM_TOP5,2025-10-23,1893.221415367536
0.0,C3_XMOM_TOP5,2025-10-24,1920.5414352563043
0.0,C3_XMOM_TOP5,2025-10-27,1999.5475557151726
0.0,C3_XMOM_TOP5,2025-10-28,2026.4951573631456
0.0,C3_XMOM_TOP5,2025-10-29,2085.779623487032
0.0,C3_XMOM_TOP5,2025-10-30,2020.6671895316401
0.0,C3_XMOM_TOP5,2025-10-31,2059.998139815172
0.0,C3_XMOM_TOP5,2025-11-03,2025.92663182181
0.0,C3_XMOM_TOP5,2025-11-04,1941.256164015218
0.0,C3_XMOM_TOP5,2025-11-05,1950.3277576975652
0.0,C3_XMOM_TOP5,2025-11-06,1867.0912354463344
0.0,C3_XMOM_TOP5,2025-11-07,1884.8256247171182
0.0,C3_XMOM_TOP5,2025-11-10,1954.4933009682447
0.0,C3_XMOM_TOP5,2025-11-11,1917.213758901249
0.0,C3_XMOM_TOP5,2025-11-12,1894.4958982928592
0.0,C3_XMOM_TOP5,2025-11-13,1809.174697343195
0.0,C3_XMOM_TOP5,2025-11-14,1820.6924696567146
0.0,C3_XMOM_TOP5,2025-11-17,1774.345923950812
0.0,C3_XMOM_TOP5,2025-11-18,1754.7351884893408
0.0,C3_XMOM_TOP5,2025-11-19,1780.7410714887333
0.0,C3_XMOM_TOP5,2025-11-20,1681.8542537814724
0.0,C3_XMOM_TOP5,2025-11-21,1676.848146188855
0.0,C3_XMOM_TOP5,2025-11-24,1776.383935885048
0.0,C3_XMOM_TOP5,2025-11-25,1781.708063568362
0.0,C3_XMOM_TOP5,2025-11-26,1814.7744308276565
0.0,C3_XMOM_TOP5,2025-11-28,1830.6892596683288
0.0,C3_XMOM_TOP5,2025-12-01,1795.5413166910198
0.0,C3_XMOM_TOP5,2025-12-02,1832.6665702483726
0.0,C3_XMOM_TOP5,2025-12-03,1862.598565799245
0.0,C3_XMOM_TOP5,2025-12-04,1936.7034450642134
0.0,C3_XMOM_TOP5,2025-12-05,1954.3556927962175
0.0,C3_XMOM_TOP5,2025-12-08,1970.9871803753053
0.0,C3_XMOM_TOP5,2025-12-09,1960.7727180095935
0.0,C3_XMOM_TOP5,2025-12-10,2015.9187093498128
0.0,C3_XMOM_TOP5,2025-12-11,2046.1607940124507
0.0,C3_XMOM_TOP5,2025-12-12,1924.1908133630295
0.0,C3_XMOM_TOP5,2025-12-15,1857.5030202676191
0.0,C3_XMOM_TOP5,2025-12-16,1861.182689642715
0.0,C3_XMOM_TOP5,2025-12-17,1771.423031116424
0.0,C3_XMOM_TOP5,2025-12-18,1822.597064577114
0.0,C3_XMOM_TOP5,2025-12-19,1928.0306194777113
0.0,C3_XMOM_TOP5,2025-12-22,2014.1919904929841
0.0,C3_XMOM_TOP5,2025-12-23,2026.7405993976267
0.0,C3_XMOM_TOP5,2025-12-24,1977.7068112642603
0.0,C3_XMOM_TOP5,2025-12-26,1941.8872884260177
0.0,C3_XMOM_TOP5,2025-12-29,1930.9069244102388
0.0,C3_XMOM_TOP5,2025-12-30,1951.7308002936777
0.0,C3_XMOM_TOP5,2025-12-31,1925.8639270912104
0.0,C3_XMOM_TOP5,2026-01-02,2022.9949208345015
0.0,C3_XMOM_TOP5,2026-01-05,2052.198489003334
0.0,C3_XMOM_TOP5,2026-01-06,2089.8841376970813
0.0,C3_XMOM_TOP5,2026-01-07,2051.2596561716964
0.0,C3_XMOM_TOP5,2026-01-08,2046.6452523642533
0.0,C3_XMOM_TOP5,2026-01-09,2097.733936312295
0.0,C3_XMOM_TOP5,2026-01-12,2124.246881419185
0.0,C3_XMOM_TOP5,2026-01-13,2094.8398447658774
0.0,C3_XMOM_TOP5,2026-01-14,2080.3331928522093
0.0,C3_XMOM_TOP5,2026-01-15,2094.793708618453
0.0,C3_XMOM_TOP5,2026-01-16,2163.521992079353
0.0,C3_XMOM_TOP5,2026-01-20,2104.076964779819
0.0,C3_XMOM_TOP5,2026-01-21,2073.2307435315715
0.0,C3_XMOM_TOP5,2026-01-22,2154.080843694784
0.0,C3_XMOM_TOP5,2026-01-23,2133.5439566464893
0.0,C3_XMOM_TOP5,2026-01-26,2077.433491527604
0.0,C3_XMOM_TOP5,2026-01-27,2102.161791544381
0.0,C3_XMOM_TOP5,2026-01-28,2126.78698038203
0.0,C3_XMOM_TOP5,2026-01-29,2102.0473523232417
0.0,C3_XMOM_TOP5,2026-01-30,2054.1003457901916
0.0,C3_XMOM_TOP5,2026-02-02,2018.4874941757007
0.0,C3_XMOM_TOP5,2026-02-03,2079.973283482723
0.0,C3_XMOM_TOP5,2026-02-04,2039.4176950752028
0.0,C3_XMOM_TOP5,2026-02-05,1958.9937255369757
0.0,C3_XMOM_TOP5,2026-02-06,2049.37740208399
0.0,C3_XMOM_TOP5,2026-02-09,2070.454196145772
0.0,C3_XMOM_TOP5,2026-02-10,2028.4999900378398
0.0,C3_XMOM_TOP5,2026-02-11,2041.6085099230252
0.0,C3_XMOM_TOP5,2026-02-12,1974.6838548407234
0.0,C3_XMOM_TOP5,2026-02-13,2001.0876975467318
0.0,C3_XMOM_TOP5,2026-02-17,1985.6286051517773
0.0,C3_XMOM_TOP5,2026-02-18,1998.717563850042
0.0,C3_XMOM_TOP5,2026-02-19,2016.9981145019533
0.0,C3_XMOM_TOP5,2026-02-20,1994.7586965353805
0.0,C3_XMOM_TOP5,2026-02-23,2038.8296144106878
0.0,C3_XMOM_TOP5,2026-02-24,2042.1074697680226
0.0,C3_XMOM_TOP5,2026-02-25,2018.2795379171748
0.0,C3_XMOM_TOP5,2026-02-26,2015.4700529812646
0.0,C3_XMOM_TOP5,2026-02-27,2013.34321690237
0.0,C3_XMOM_TOP5,2026-03-02,2049.435640365852
0.0,C3_XMOM_TOP5,2026-03-03,2025.957694590453
0.0,C3_XMOM_TOP5,2026-03-04,2089.6958419182106
0.0,C3_XMOM_TOP5,2026-03-05,2015.8650413988053
0.0,C3_XMOM_TOP5,2026-03-06,1997.728302721583
0.0,C3_XMOM_TOP5,2026-03-09,2016.2753148108013
0.0,C3_XMOM_TOP5,2026-03-10,2003.0222286529988
0.0,C3_XMOM_TOP5,2026-03-11,2007.0487866516837
0.0,C3_XMOM_TOP5,2026-03-12,1972.624960837526
0.0,C3_XMOM_TOP5,2026-03-13,1964.427019138287
0.0,C3_XMOM_TOP5,2026-03-16,1985.745099374701
0.0,C3_XMOM_TOP5,2026-03-17,1989.507304043138
0.0,C3_XMOM_TOP5,2026-03-18,1950.5368440277393
0.0,C3_XMOM_TOP5,2026-03-19,1949.4902365937887
0.0,C3_XMOM_TOP5,2026-03-20,1899.7035213234406
0.0,C3_XMOM_TOP5,2026-03-23,1884.5514179430188
0.0,C3_XMOM_TOP5,2026-03-24,1876.7016112956974
0.0,C3_XMOM_TOP5,2026-03-25,1947.5628710583796
0.0,C3_XMOM_TOP5,2026-03-26,1870.9660394152097
0.0,C3_XMOM_TOP5,2026-03-27,1820.0044382724936
0.0,C3_XMOM_TOP5,2026-03-30,1774.293526435377
0.0,C3_XMOM_TOP5,2026-03-31,1868.6364203285984
0.0,C3_XMOM_TOP5,2026-04-01,1913.7895398802302
0.0,C3_XMOM_TOP5,2026-04-02,1933.9274888339914
0.0,C3_XMOM_TOP5,2026-04-06,1957.811186281107
0.0,C3_XMOM_TOP5,2026-04-07,1944.6283990711963
0.0,C3_XMOM_TOP5,2026-04-08,1961.9526124534025
0.0,C3_XMOM_TOP5,2026-04-09,1952.9071959648056
0.0,C3_XMOM_TOP5,2026-04-10,1959.4459080576835
0.0,C3_XMOM_TOP5,2026-04-13,1995.6816677748145
0.0,C3_XMOM_TOP5,2026-04-14,1935.928568067656
0.0,C3_XMOM_TOP5,2026-04-15,1918.327525242015
0.0,C3_XMOM_TOP5,2026-04-16,1947.9986719341505
0.0,C3_XMOM_TOP5,2026-04-17,1907.4629451046665
0.0,C3_XMOM_TOP5,2026-04-20,1893.0218894359932
0.0,C3_XMOM_TOP5,2026-04-21,1898.2084781093306
0.0,C3_XMOM_TOP5,2026-04-22,1933.0523732198835
0.0,C3_XMOM_TOP5,2026-04-23,1913.1117686512127
0.0,C3_XMOM_TOP5,2026-04-24,1896.3474148078876
0.0,C3_XMOM_TOP5,2026-04-27,1892.9859561720925
0.0,C3_XMOM_TOP5,2026-04-28,1863.5718011109204
0.0,C3_XMOM_TOP5,2026-04-29,1885.9147152122064
0.0,C3_XMOM_TOP5,2026-04-30,1946.2678122156417
0.0,C3_XMOM_TOP5,2026-05-01,1933.7888574018293
0.0,C3_XMOM_TOP5,2026-05-04,1940.5005672144564
0.0,C3_XMOM_TOP5,2026-05-05,1961.4486770195654
0.0,C3_XMOM_TOP5,2026-05-06,1962.8041372581997
0.0,C3_XMOM_TOP5,2026-05-07,1949.6879686207283
0.0,C3_XMOM_TOP5,2026-05-08,1961.7552925791408
0.0,C3_XMOM_TOP5,2026-05-11,1985.5567124994036
0.0,C3_XMOM_TOP5,2026-05-12,2002.7105018044865
0.0,C3_XMOM_TOP5,2026-05-13,2018.3294787452435
0.0,C3_XMOM_TOP5,2026-05-14,2018.6067873728668
0.0,C3_XMOM_TOP5,2026-05-15,2002.6892070732197
0.0,C3_XMOM_TOP5,2026-05-18,1994.950886772161
0.0,C3_XMOM_TOP5,2026-05-19,2015.1642787564579
0.0,C3_XMOM_TOP5,2026-05-20,2005.7392082311078
0.0,C3_XMOM_TOP5,2026-05-21,1985.2572198121431
0.0,C3_XMOM_TOP5,2026-05-22,1994.6603840422479
0.0,C3_XMOM_TOP5,2026-05-26,2006.2218144190056
0.0,C3_XMOM_TOP5,2026-05-27,1987.2577821113043
0.0,C3_XMOM_TOP5,2026-05-28,2013.8853263874762
0.0,C3_XMOM_TOP5,2026-05-29,1994.8558439819499
0.0,C3_XMOM_TOP5,2026-06-01,1996.4177624086321
0.0,C3_XMOM_TOP5,2026-06-02,2052.0157153771197
0.0,C3_XMOM_TOP5,2026-06-03,2029.7929137635529
0.0,C3_XMOM_TOP5,2026-06-04,2010.64326825573
0.0,C3_XMOM_TOP5,2026-06-05,1891.242320895502
0.0,C3_XMOM_TOP5,2026-06-08,1916.67245663758
0.0,C3_XMOM_TOP5,2026-06-09,1890.0880225906258
0.0,C3_XMOM_TOP5,2026-06-10,1868.213201878186
0.0,C3_XMOM_TOP5,2026-06-11,1951.3742930525616
0.0,C3_XMOM_TOP5,2026-06-12,1888.3014134328314
0.0,C3_XMOM_TOP5,2026-06-15,1921.2665760940426
0.0,C3_XMOM_TOP5,2026-06-16,1856.1652166912936
0.0,C3_XMOM_TOP5,2026-06-17,1863.092352015372
0.0,C3_XMOM_TOP5,2026-06-18,1867.9369905802214
0.0,C3_XMOM_TOP5,2026-06-22,1830.433633601442
0.0,C3_XMOM_TOP5,2026-06-23,1784.4387158307245
0.0,C3_XMOM_TOP5,2026-06-24,1739.7387945300502
0.0,C3_XMOM_TOP5,2026-06-25,1769.7114584685955
0.0,C3_XMOM_TOP5,2026-06-26,1751.998867055911
0.0,C3_XMOM_TOP5,2026-06-29,1834.540521396329
0.0,C3_XMOM_TOP5,2026-06-30,1870.7154526279357
0.0,C3_XMOM_TOP5,2026-07-01,1826.7402531197267
0.0,C3_XMOM_TOP5,2026-07-02,1810.095646032126
0.0,C3_XMOM_TOP5,2026-07-06,1802.7384746491412
0.0,C3_XMOM_TOP5,2026-07-07,1777.9682699129594
0.0,C3_XMOM_TOP5,2026-07-08,1794.0923390944881
0.0,C3_XMOM_TOP5,2026-07-09,1796.5245626673902
0.0,C3_XMOM_TOP5,2026-07-10,1785.234999857374
0.0,C3_XMOM_TOP5,2026-07-13,1767.5973209066851
0.0,C3_XMOM_TOP5,2026-07-14,1785.049462037069
0.0,C3_XMOM_TOP5,2026-07-15,1771.363964028356
0.0,C3_XMOM_TOP5,2026-07-16,1699.1876684507415
0.0,C3_XMOM_TOP5,2026-07-17,1719.939902384005
0.0,C3_XMOM_TOP5,2026-07-20,1715.7534680145018
0.0,C3_XMOM_TOP5,2026-07-21,1785.3336965140938
0.0,C3_XMOM_TOP5,2026-07-22,1785.6788445242642
0.0,C3_XMOM_TOP5,2026-07-23,1799.5819697336908
0.0,C3_XMOM_TOP5,2026-07-24,1761.4609849079013
0.0,C3_XMOM_TOP5,2026-07-27,1720.4309591139545
0.0,C3_XMOM_TOP5,2026-07-28,1686.4918150880371
0.0,C3_XMOM_TOP5,2026-07-29,1676.791158228399
0.0,C3_XMOM_TOP5,2026-07-30,1711.2446748346015
0.0,C3_XMOM_TOP5,2026-07-31,1720.1323104872179
0.0,C3_XMOM_TOP5,2026-08-03,1713.3869192065201
0.0,C3_XMOM_TOP5,2026-08-04,1757.153866945448
0.0,C3_XMOM_TOP5,2026-08-05,1760.6524716911206
0.0,C3_XMOM_TOP5,2026-08-06,1781.1753857682293
0.0,C3_XMOM_TOP5,2026-08-07,1793.9248427616403
0.0,C3_XMOM_TOP5,2026-08-10,1817.0182637092046
0.0,C3_XMOM_TOP5,2026-08-11,1813.3075089267827
0.0,C3_XMOM_TOP5,2026-08-12,1824.6849758954422
0.0,C3_XMOM_TOP5,2026-08-13,1822.7857347708205
0.0,C3_XMOM_TOP5,2026-08-14,1796.9729432693034
0.0,C3_XMOM_TOP5,2026-08-17,1813.4555589261586
0.0,C3_XMOM_TOP5,2026-08-18,1792.8872090533
0.0,C3_XMOM_TOP5,2026-08-19,1787.1509494492122
0.0,C3_XMOM_TOP5,2026-08-20,1787.3075936843177
0.0,C3_XMOM_TOP5,2026-08-21,1794.5412805975875
0.0,C3_XMOM_TOP5,2026-08-24,1763.8257159718296
0.0,C3_XMOM_TOP5,2026-08-25,1747.3358880495366
0.0,C3_XMOM_TOP5,2026-08-26,1737.356758784956
0.0,C3_XMOM_TOP5,2026-08-27,1766.141179788599
0.0,C3_XMOM_TOP5,2026-08-28,1749.1053812851103
0.0,C4_VOLTGT_EW,2024-11-22,1500.0
0.0,C4_VOLTGT_EW,2024-11-25,1477.5687735250467
0.0,C4_VOLTGT_EW,2024-11-26,1475.173931127078
0.0,C4_VOLTGT_EW,2024-11-27,1477.2515581679384
0.0,C4_VOLTGT_EW,2024-11-29,1489.3269165136594
0.0,C4_VOLTGT_EW,2024-12-02,1490.1848391537253
0.0,C4_VOLTGT_EW,2024-12-03,1498.9027212321873
0.0,C4_VOLTGT_EW,2024-12-04,1515.005629590778
0.0,C4_VOLTGT_EW,2024-12-05,1512.6583824507434
0.0,C4_VOLTGT_EW,2024-12-06,1535.0421349834542
0.0,C4_VOLTGT_EW,2024-12-09,1512.9729412745871
0.0,C4_VOLTGT_EW,2024-12-10,1504.0809338750241
0.0,C4_VOLTGT_EW,2024-12-11,1530.7432687607331
0.0,C4_VOLTGT_EW,2024-12-12,1517.9949393092227
0.0,C4_VOLTGT_EW,2024-12-13,1545.8998226505805
0.0,C4_VOLTGT_EW,2024-12-16,1566.0611470025835
0.0,C4_VOLTGT_EW,2024-12-17,1557.081631091671
0.0,C4_VOLTGT_EW,2024-12-18,1509.4033224688133
0.0,C4_VOLTGT_EW,2024-12-19,1499.8850260162048
0.0,C4_VOLTGT_EW,2024-12-20,1516.7644090190317
0.0,C4_VOLTGT_EW,2024-12-23,1523.3640475537009
0.0,C4_VOLTGT_EW,2024-12-24,1549.1588356353652
0.0,C4_VOLTGT_EW,2024-12-26,1547.1342077218271
0.0,C4_VOLTGT_EW,2024-12-27,1524.398858271966
0.0,C4_VOLTGT_EW,2024-12-30,1505.5854704222602
0.0,C4_VOLTGT_EW,2024-12-31,1491.9033911549386
0.0,C4_VOLTGT_EW,2025-01-02,1503.529121714371
0.0,C4_VOLTGT_EW,2025-01-03,1538.3916132463346
0.0,C4_VOLTGT_EW,2025-01-06,1550.6477134590739
0.0,C4_VOLTGT_EW,2025-01-07,1521.8753397733203
0.0,C4_VOLTGT_EW,2025-01-08,1515.6418474278737
0.0,C4_VOLTGT_EW,2025-01-10,1516.5334420976399
0.0,C4_VOLTGT_EW,2025-01-13,1509.8028748235256
0.0,C4_VOLTGT_EW,2025-01-14,1509.1370951301649
0.0,C4_VOLTGT_EW,2025-01-15,1533.904892018551
0.0,C4_VOLTGT_EW,2025-01-16,1533.9660638878838
0.0,C4_VOLTGT_EW,2025-01-17,1548.1939883181687
0.0,C4_VOLTGT_EW,2025-01-21,1567.1064037005588
0.0,C4_VOLTGT_EW,2025-01-22,1568.8364332678639
0.0,C4_VOLTGT_EW,2025-01-23,1564.7990149035074
0.0,C4_VOLTGT_EW,2025-01-24,1563.6345324180436
0.0,C4_VOLTGT_EW,2025-01-27,1510.194225854109
0.0,C4_VOLTGT_EW,2025-01-28,1522.0285921165191
0.0,C4_VOLTGT_EW,2025-01-29,1515.4537774342148
0.0,C4_VOLTGT_EW,2025-01-30,1536.651049148954
0.0,C4_VOLTGT_EW,2025-01-31,1536.1242727157046
0.0,C4_VOLTGT_EW,2025-02-03,1536.8346263062122
0.0,C4_VOLTGT_EW,2025-02-04,1560.9828438255722
0.0,C4_VOLTGT_EW,2025-02-05,1567.8230311735565
0.0,C4_VOLTGT_EW,2025-02-06,1579.4649339352536
0.0,C4_VOLTGT_EW,2025-02-07,1572.211227397925
0.0,C4_VOLTGT_EW,2025-02-10,1594.903673843734
0.0,C4_VOLTGT_EW,2025-02-11,1579.3563509252494
0.0,C4_VOLTGT_EW,2025-02-12,1581.1615894977751
0.0,C4_VOLTGT_EW,2025-02-13,1593.1171301990416
0.0,C4_VOLTGT_EW,2025-02-14,1598.9261096002515
0.0,C4_VOLTGT_EW,2025-02-18,1598.6551865761758
0.0,C4_VOLTGT_EW,2025-02-19,1594.3649245835954
0.0,C4_VOLTGT_EW,2025-02-20,1589.176648666089
0.0,C4_VOLTGT_EW,2025-02-21,1557.6908281367046
0.0,C4_VOLTGT_EW,2025-02-24,1538.8053637845924
0.0,C4_VOLTGT_EW,2025-02-25,1515.7810708529823
0.0,C4_VOLTGT_EW,2025-02-26,1526.4462542823699
0.0,C4_VOLTGT_EW,2025-02-27,1496.6649187290257
0.0,C4_VOLTGT_EW,2025-02-28,1511.1273214817136
0.0,C4_VOLTGT_EW,2025-03-03,1491.8862998523914
0.0,C4_VOLTGT_EW,2025-03-04,1500.5232226577994
0.0,C4_VOLTGT_EW,2025-03-05,1528.8859755843205
0.0,C4_VOLTGT_EW,2025-03-06,1498.9563430642597
0.0,C4_VOLTGT_EW,2025-03-07,1503.6239971750565
0.0,C4_VOLTGT_EW,2025-03-10,1453.1861460532273
0.0,C4_VOLTGT_EW,2025-03-11,1464.4284167853473
0.0,C4_VOLTGT_EW,2025-03-12,1476.8537600835878
0.0,C4_VOLTGT_EW,2025-03-13,1463.4502217719346
0.0,C4_VOLTGT_EW,2025-03-14,1492.2453666031079
0.0,C4_VOLTGT_EW,2025-03-17,1492.4120401953674
0.0,C4_VOLTGT_EW,2025-03-18,1474.235526470357
0.0,C4_VOLTGT_EW,2025-03-19,1489.1969605343852
0.0,C4_VOLTGT_EW,2025-03-20,1487.2714247139797
0.0,C4_VOLTGT_EW,2025-03-21,1490.07762941016
0.0,C4_VOLTGT_EW,2025-03-24,1522.2650703245608
0.0,C4_VOLTGT_EW,2025-03-25,1521.013795298464
0.0,C4_VOLTGT_EW,2025-03-26,1498.3884322545164
0.0,C4_VOLTGT_EW,2025-03-27,1487.8294229457329
0.0,C4_VOLTGT_EW,2025-03-28,1466.1370049934142
0.0,C4_VOLTGT_EW,2025-03-31,1463.680986699791
0.0,C4_VOLTGT_EW,2025-04-01,1471.9398766373129
0.0,C4_VOLTGT_EW,2025-04-02,1481.3859474987935
0.0,C4_VOLTGT_EW,2025-04-03,1441.7522046758418
0.0,C4_VOLTGT_EW,2025-04-04,1408.3979404634235
0.0,C4_VOLTGT_EW,2025-04-07,1408.9717987627737
0.0,C4_VOLTGT_EW,2025-04-08,1397.6708947819257
0.0,C4_VOLTGT_EW,2025-04-09,1473.06852963658
0.0,C4_VOLTGT_EW,2025-04-10,1445.8811381751552
0.0,C4_VOLTGT_EW,2025-04-11,1461.4425524184962
0.0,C4_VOLTGT_EW,2025-04-14,1465.7739044353998
0.0,C4_VOLTGT_EW,2025-04-15,1468.8164036872176
0.0,C4_VOLTGT_EW,2025-04-16,1456.5025316454817
0.0,C4_VOLTGT_EW,2025-04-17,1462.964090274793
0.0,C4_VOLTGT_EW,2025-04-21,1446.8914126524173
0.0,C4_VOLTGT_EW,2025-04-22,1463.790962768901
0.0,C4_VOLTGT_EW,2025-04-23,1479.3395230856631
0.0,C4_VOLTGT_EW,2025-04-24,1500.239951293079
0.0,C4_VOLTGT_EW,2025-04-25,1515.7328466271072
0.0,C4_VOLTGT_EW,2025-04-28,1517.6532913706242
0.0,C4_VOLTGT_EW,2025-04-29,1519.6231021447827
0.0,C4_VOLTGT_EW,2025-04-30,1517.266381508989
0.0,C4_VOLTGT_EW,2025-05-01,1517.4175117543539
0.0,C4_VOLTGT_EW,2025-05-02,1536.0674402163459
0.0,C4_VOLTGT_EW,2025-05-05,1531.3553859539231
0.0,C4_VOLTGT_EW,2025-05-06,1527.3350032427766
0.0,C4_VOLTGT_EW,2025-05-07,1529.701100762698
0.0,C4_VOLTGT_EW,2025-05-08,1536.2173743448316
0.0,C4_VOLTGT_EW,2025-05-09,1537.303894893223
0.0,C4_VOLTGT_EW,2025-05-12,1551.6435841646903
0.0,C4_VOLTGT_EW,2025-05-13,1564.644364030679
0.0,C4_VOLTGT_EW,2025-05-14,1564.8635124592188
0.0,C4_VOLTGT_EW,2025-05-15,1562.3217671639482
0.0,C4_VOLTGT_EW,2025-05-16,1566.412984128469
0.0,C4_VOLTGT_EW,2025-05-19,1565.024452036282
0.0,C4_VOLTGT_EW,2025-05-20,1566.2069154315814
0.0,C4_VOLTGT_EW,2025-05-21,1557.0451200462542
0.0,C4_VOLTGT_EW,2025-05-22,1559.106444482808
0.0,C4_VOLTGT_EW,2025-05-23,1555.8938569905636
0.0,C4_VOLTGT_EW,2025-05-27,1565.9034123309314
0.0,C4_VOLTGT_EW,2025-05-28,1562.9246144444414
0.0,C4_VOLTGT_EW,2025-05-29,1562.8003172075332
0.0,C4_VOLTGT_EW,2025-05-30,1562.8765526481588
0.0,C4_VOLTGT_EW,2025-06-02,1571.9269437453074
0.0,C4_VOLTGT_EW,2025-06-03,1580.3005707897087
0.0,C4_VOLTGT_EW,2025-06-04,1584.3831020448401
0.0,C4_VOLTGT_EW,2025-06-05,1576.222695619866
0.0,C4_VOLTGT_EW,2025-06-06,1581.5462378699633
0.0,C4_VOLTGT_EW,2025-06-09,1592.0652495923655
0.0,C4_VOLTGT_EW,2025-06-10,1597.033294469347
0.0,C4_VOLTGT_EW,2025-06-11,1598.8934827246433
0.0,C4_VOLTGT_EW,2025-06-12,1601.050654165242
0.0,C4_VOLTGT_EW,2025-06-13,1604.4880499228166
0.0,C4_VOLTGT_EW,2025-06-16,1612.5863933021467
0.0,C4_VOLTGT_EW,2025-06-17,1606.8399684015112
0.0,C4_VOLTGT_EW,2025-06-18,1613.112229463823
0.0,C4_VOLTGT_EW,2025-06-20,1613.4203441122877
0.0,C4_VOLTGT_EW,2025-06-23,1622.3040108624027
0.0,C4_VOLTGT_EW,2025-06-24,1630.3939398414657
0.0,C4_VOLTGT_EW,2025-06-25,1628.6849522464447
0.0,C4_VOLTGT_EW,2025-06-26,1632.5514967457864
0.0,C4_VOLTGT_EW,2025-06-27,1627.4869958586623
0.0,C4_VOLTGT_EW,2025-06-30,1628.9900002217119
0.0,C4_VOLTGT_EW,2025-07-01,1615.7236740102192
0.0,C4_VOLTGT_EW,2025-07-02,1626.4273196462702
0.0,C4_VOLTGT_EW,2025-07-03,1629.8913123662378
0.0,C4_VOLTGT_EW,2025-07-07,1627.0800675509984
0.0,C4_VOLTGT_EW,2025-07-08,1626.6883497789754
0.0,C4_VOLTGT_EW,2025-07-09,1632.8136629807514
0.0,C4_VOLTGT_EW,2025-07-10,1635.4794632648109
0.0,C4_VOLTGT_EW,2025-07-11,1641.2266879790157
0.0,C4_VOLTGT_EW,2025-07-14,1648.0012135222344
0.0,C4_VOLTGT_EW,2025-07-15,1646.821655274658
0.0,C4_VOLTGT_EW,2025-07-16,1652.2771169595956
0.0,C4_VOLTGT_EW,2025-07-17,1656.386778225137
0.0,C4_VOLTGT_EW,2025-07-18,1656.3827716988335
0.0,C4_VOLTGT_EW,2025-07-21,1655.0586464782093
0.0,C4_VOLTGT_EW,2025-07-22,1649.3727425047666
0.0,C4_VOLTGT_EW,2025-07-23,1656.8727292247431
0.0,C4_VOLTGT_EW,2025-07-24,1656.5804439186863
0.0,C4_VOLTGT_EW,2025-07-25,1651.1182867292168
0.0,C4_VOLTGT_EW,2025-07-28,1656.188080519356
0.0,C4_VOLTGT_EW,2025-07-29,1651.9318944599172
0.0,C4_VOLTGT_EW,2025-07-30,1656.2528141693367
0.0,C4_VOLTGT_EW,2025-07-31,1654.3774410430797
0.0,C4_VOLTGT_EW,2025-08-01,1643.9915753328119
0.0,C4_VOLTGT_EW,2025-08-04,1668.0814605135465
0.0,C4_VOLTGT_EW,2025-08-05,1664.339380847728
0.0,C4_VOLTGT_EW,2025-08-06,1676.386174463366
0.0,C4_VOLTGT_EW,2025-08-07,1667.8252845856143
0.0,C4_VOLTGT_EW,2025-08-08,1667.626885141704
0.0,C4_VOLTGT_EW,2025-08-11,1668.0759856750067
0.0,C4_VOLTGT_EW,2025-08-12,1693.4656076016024
0.0,C4_VOLTGT_EW,2025-08-13,1692.3707233831042
0.0,C4_VOLTGT_EW,2025-08-14,1679.9885925622752
0.0,C4_VOLTGT_EW,2025-08-15,1666.4600091543123
0.0,C4_VOLTGT_EW,2025-08-18,1665.1466295841667
0.0,C4_VOLTGT_EW,2025-08-19,1622.7756766773527
0.0,C4_VOLTGT_EW,2025-08-20,1625.407811620835
0.0,C4_VOLTGT_EW,2025-08-21,1612.4770826908289
0.0,C4_VOLTGT_EW,2025-08-22,1644.401410358446
0.0,C4_VOLTGT_EW,2025-08-25,1640.515217679752
0.0,C4_VOLTGT_EW,2025-08-26,1659.4134749111083
0.0,C4_VOLTGT_EW,2025-08-27,1650.9629713326603
0.0,C4_VOLTGT_EW,2025-08-28,1657.5562392049842
0.0,C4_VOLTGT_EW,2025-08-29,1633.5224754562105
0.0,C4_VOLTGT_EW,2025-09-02,1635.9198192674323
0.0,C4_VOLTGT_EW,2025-09-03,1629.7779180802129
0.0,C4_VOLTGT_EW,2025-09-04,1630.544002625716
0.0,C4_VOLTGT_EW,2025-09-05,1643.7271204383585
0.0,C4_VOLTGT_EW,2025-09-08,1649.0206249047883
0.0,C4_VOLTGT_EW,2025-09-09,1649.2974733067583
0.0,C4_VOLTGT_EW,2025-09-10,1679.303680015127
0.0,C4_VOLTGT_EW,2025-09-11,1683.0663265688163
0.0,C4_VOLTGT_EW,2025-09-12,1705.1544440545395
0.0,C4_VOLTGT_EW,2025-09-15,1719.324409818175
0.0,C4_VOLTGT_EW,2025-09-16,1726.4418669274005
0.0,C4_VOLTGT_EW,2025-09-17,1715.300527821506
0.0,C4_VOLTGT_EW,2025-09-18,1732.9930244703269
0.0,C4_VOLTGT_EW,2025-09-19,1740.098060236891
0.0,C4_VOLTGT_EW,2025-09-22,1753.1919050793429
0.0,C4_VOLTGT_EW,2025-09-23,1752.2207782579717
0.0,C4_VOLTGT_EW,2025-09-24,1752.771385002239
0.0,C4_VOLTGT_EW,2025-09-25,1720.6776669444002
0.0,C4_VOLTGT_EW,2025-09-26,1731.721836754066
0.0,C4_VOLTGT_EW,2025-09-29,1738.1699047959726
0.0,C4_VOLTGT_EW,2025-09-30,1748.9675214590468
0.0,C4_VOLTGT_EW,2025-10-01,1789.1165676351557
0.0,C4_VOLTGT_EW,2025-10-02,1813.427525566963
0.0,C4_VOLTGT_EW,2025-10-03,1808.9731864869336
0.0,C4_VOLTGT_EW,2025-10-06,1839.032448543312
0.0,C4_VOLTGT_EW,2025-10-07,1822.2487880843003
0.0,C4_VOLTGT_EW,2025-10-08,1854.7481890227627
0.0,C4_VOLTGT_EW,2025-10-09,1860.175728227916
0.0,C4_VOLTGT_EW,2025-10-10,1793.1104875587002
0.0,C4_VOLTGT_EW,2025-10-13,1846.8552425946689
0.0,C4_VOLTGT_EW,2025-10-14,1836.0352925212385
0.0,C4_VOLTGT_EW,2025-10-15,1852.049833236741
0.0,C4_VOLTGT_EW,2025-10-16,1829.4407344322676
0.0,C4_VOLTGT_EW,2025-10-17,1814.578374583633
0.0,C4_VOLTGT_EW,2025-10-20,1830.5545437548908
0.0,C4_VOLTGT_EW,2025-10-21,1803.4944146534312
0.0,C4_VOLTGT_EW,2025-10-22,1776.235244034084
0.0,C4_VOLTGT_EW,2025-10-23,1799.1900508341048
0.0,C4_VOLTGT_EW,2025-10-24,1816.1604745202915
0.0,C4_VOLTGT_EW,2025-10-27,1845.784499817726
0.0,C4_VOLTGT_EW,2025-10-28,1840.161562875559
0.0,C4_VOLTGT_EW,2025-10-29,1856.7138130149035
0.0,C4_VOLTGT_EW,2025-10-30,1813.002914665543
0.0,C4_VOLTGT_EW,2025-10-31,1831.7361182558259
0.0,C4_VOLTGT_EW,2025-11-03,1824.2577558496328
0.0,C4_VOLTGT_EW,2025-11-04,1776.2584338176193
0.0,C4_VOLTGT_EW,2025-11-05,1788.494576399847
0.0,C4_VOLTGT_EW,2025-11-06,1754.761117162062
0.0,C4_VOLTGT_EW,2025-11-07,1760.7022533519905
0.0,C4_VOLTGT_EW,2025-11-10,1786.3449411392116
0.0,C4_VOLTGT_EW,2025-11-11,1772.705533891841
0.0,C4_VOLTGT_EW,2025-11-12,1760.4882579252908
0.0,C4_VOLTGT_EW,2025-11-13,1723.6174581264543
0.0,C4_VOLTGT_EW,2025-11-14,1724.2860670430532
0.0,C4_VOLTGT_EW,2025-11-17,1709.8291373544052
0.0,C4_VOLTGT_EW,2025-11-18,1709.0079861889692
0.0,C4_VOLTGT_EW,2025-11-19,1705.18886263876
0.0,C4_VOLTGT_EW,2025-11-20,1675.8139278646988
0.0,C4_VOLTGT_EW,2025-11-21,1667.722834025198
0.0,C4_VOLTGT_EW,2025-11-24,1708.2939604133203
0.0,C4_VOLTGT_EW,2025-11-25,1713.0229813129422
0.0,C4_VOLTGT_EW,2025-11-26,1730.4723979020184
0.0,C4_VOLTGT_EW,2025-11-28,1740.727459482258
0.0,C4_VOLTGT_EW,2025-12-01,1720.9549430959723
0.0,C4_VOLTGT_EW,2025-12-02,1736.2597320680363
0.0,C4_VOLTGT_EW,2025-12-03,1752.6755713902726
0.0,C4_VOLTGT_EW,2025-12-04,1772.5823826704554
0.0,C4_VOLTGT_EW,2025-12-05,1771.536738868216
0.0,C4_VOLTGT_EW,2025-12-08,1773.0250016172242
0.0,C4_VOLTGT_EW,2025-12-09,1774.9564799074376
0.0,C4_VOLTGT_EW,2025-12-10,1786.7083214343572
0.0,C4_VOLTGT_EW,2025-12-11,1796.2729409565998
0.0,C4_VOLTGT_EW,2025-12-12,1767.3914538873992
0.0,C4_VOLTGT_EW,2025-12-15,1747.9101050243419
0.0,C4_VOLTGT_EW,2025-12-16,1755.9860146977105
0.0,C4_VOLTGT_EW,2025-12-17,1721.6722576367315
0.0,C4_VOLTGT_EW,2025-12-18,1738.2523433737927
0.0,C4_VOLTGT_EW,2025-12-19,1765.3069167358476
0.0,C4_VOLTGT_EW,2025-12-22,1787.0559961940307
0.0,C4_VOLTGT_EW,2025-12-23,1787.2309512171596
0.0,C4_VOLTGT_EW,2025-12-24,1779.3703324803828
0.0,C4_VOLTGT_EW,2025-12-26,1767.0706340758734
0.0,C4_VOLTGT_EW,2025-12-29,1757.3630295594073
0.0,C4_VOLTGT_EW,2025-12-30,1760.62802674062
0.0,C4_VOLTGT_EW,2025-12-31,1748.4214302531761
0.0,C4_VOLTGT_EW,2026-01-02,1767.9060234796168
0.0,C4_VOLTGT_EW,2026-01-05,1787.4828946934315
0.0,C4_VOLTGT_EW,2026-01-06,1796.158494923932
0.0,C4_VOLTGT_EW,2026-01-07,1777.3941840334169
0.0,C4_VOLTGT_EW,2026-01-08,1779.9409857625685
0.0,C4_VOLTGT_EW,2026-01-09,1797.9276482015562
0.0,C4_VOLTGT_EW,2026-01-12,1812.045805351458
0.0,C4_VOLTGT_EW,2026-01-13,1816.6205729854832
0.0,C4_VOLTGT_EW,2026-01-14,1816.537843563564
0.0,C4_VOLTGT_EW,2026-01-15,1819.645217053012
0.0,C4_VOLTGT_EW,2026-01-16,1829.0636365483979
0.0,C4_VOLTGT_EW,2026-01-20,1799.8146289855329
0.0,C4_VOLTGT_EW,2026-01-21,1807.9123556548038
0.0,C4_VOLTGT_EW,2026-01-22,1824.2666653181586
0.0,C4_VOLTGT_EW,2026-01-23,1826.9637297856148
0.0,C4_VOLTGT_EW,2026-01-26,1815.9135972711003
0.0,C4_VOLTGT_EW,2026-01-27,1832.935634469555
0.0,C4_VOLTGT_EW,2026-01-28,1842.4756535734216
0.0,C4_VOLTGT_EW,2026-01-29,1841.0483996374169
0.0,C4_VOLTGT_EW,2026-01-30,1821.2401422736662
0.0,C4_VOLTGT_EW,2026-02-02,1800.121089704037
0.0,C4_VOLTGT_EW,2026-02-03,1801.7034492805456
0.0,C4_VOLTGT_EW,2026-02-04,1763.8863040505826
0.0,C4_VOLTGT_EW,2026-02-05,1719.1873187884462
0.0,C4_VOLTGT_EW,2026-02-06,1779.0503997755281
0.0,C4_VOLTGT_EW,2026-02-09,1798.29806872684
0.0,C4_VOLTGT_EW,2026-02-10,1785.8272695335795
0.0,C4_VOLTGT_EW,2026-02-11,1786.169386309421
0.0,C4_VOLTGT_EW,2026-02-12,1760.073405019601
0.0,C4_VOLTGT_EW,2026-02-13,1775.1795912233238
0.0,C4_VOLTGT_EW,2026-02-17,1767.7369227061522
0.0,C4_VOLTGT_EW,2026-02-18,1770.4140454205722
0.0,C4_VOLTGT_EW,2026-02-19,1778.1931194929648
0.0,C4_VOLTGT_EW,2026-02-20,1776.1124765645654
0.0,C4_VOLTGT_EW,2026-02-23,1770.2381294486781
0.0,C4_VOLTGT_EW,2026-02-24,1774.3437354230132
0.0,C4_VOLTGT_EW,2026-02-25,1789.5488663886563
0.0,C4_VOLTGT_EW,2026-02-26,1778.2273197689115
0.0,C4_VOLTGT_EW,2026-02-27,1771.5038241979082
0.0,C4_VOLTGT_EW,2026-03-02,1792.6146890835112
0.0,C4_VOLTGT_EW,2026-03-03,1783.3415672228914
0.0,C4_VOLTGT_EW,2026-03-04,1816.7250676638207
0.0,C4_VOLTGT_EW,2026-03-05,1803.9397733725195
0.0,C4_VOLTGT_EW,2026-03-06,1795.444202947479
0.0,C4_VOLTGT_EW,2026-03-09,1807.541364011831
0.0,C4_VOLTGT_EW,2026-03-10,1806.3166279367088
0.0,C4_VOLTGT_EW,2026-03-11,1807.650969480808
0.0,C4_VOLTGT_EW,2026-03-12,1803.1422073868353
0.0,C4_VOLTGT_EW,2026-03-13,1796.238230585657
0.0,C4_VOLTGT_EW,2026-03-16,1809.6812739800748
0.0,C4_VOLTGT_EW,2026-03-17,1815.7692901513576
0.0,C4_VOLTGT_EW,2026-03-18,1797.8256522372385
0.0,C4_VOLTGT_EW,2026-03-19,1790.242632349775
0.0,C4_VOLTGT_EW,2026-03-20,1761.967587617945
0.0,C4_VOLTGT_EW,2026-03-23,1769.516426874134
0.0,C4_VOLTGT_EW,2026-03-24,1764.66129935929
0.0,C4_VOLTGT_EW,2026-03-25,1781.0000313651162
0.0,C4_VOLTGT_EW,2026-03-26,1748.2354014635857
0.0,C4_VOLTGT_EW,2026-03-27,1729.8002096134328
0.0,C4_VOLTGT_EW,2026-03-30,1716.148983667988
0.0,C4_VOLTGT_EW,2026-03-31,1754.4315703319028
0.0,C4_VOLTGT_EW,2026-04-01,1765.25624485578
0.0,C4_VOLTGT_EW,2026-04-02,1774.171661421377
0.0,C4_VOLTGT_EW,2026-04-06,1783.809200969709
0.0,C4_VOLTGT_EW,2026-04-07,1782.4853336856963
0.0,C4_VOLTGT_EW,2026-04-08,1799.9839506958858
0.0,C4_VOLTGT_EW,2026-04-09,1799.191987785521
0.0,C4_VOLTGT_EW,2026-04-10,1805.4969460387247
0.0,C4_VOLTGT_EW,2026-04-13,1818.9461959156843
0.0,C4_VOLTGT_EW,2026-04-14,1827.1580563916018
0.0,C4_VOLTGT_EW,2026-04-15,1840.1997848657627
0.0,C4_VOLTGT_EW,2026-04-16,1849.9224675039075
0.0,C4_VOLTGT_EW,2026-04-17,1864.2509395611971
0.0,C4_VOLTGT_EW,2026-04-20,1855.9346441565392
0.0,C4_VOLTGT_EW,2026-04-21,1847.1445618976195
0.0,C4_VOLTGT_EW,2026-04-22,1875.7231165950232
0.0,C4_VOLTGT_EW,2026-04-23,1857.8226909193454
0.0,C4_VOLTGT_EW,2026-04-24,1864.464819972443
0.0,C4_VOLTGT_EW,2026-04-27,1864.3931192465557
0.0,C4_VOLTGT_EW,2026-04-28,1846.131072694197
0.0,C4_VOLTGT_EW,2026-04-29,1839.454664312693
0.0,C4_VOLTGT_EW,2026-04-30,1855.3894293780365
0.0,C4_VOLTGT_EW,2026-05-01,1864.1221138358028
0.0,C4_VOLTGT_EW,2026-05-04,1869.8004253979916
0.0,C4_VOLTGT_EW,2026-05-05,1866.0196665336935
0.0,C4_VOLTGT_EW,2026-05-06,1879.5765253790028
0.0,C4_VOLTGT_EW,2026-05-07,1869.3193786848783
0.0,C4_VOLTGT_EW,2026-05-08,1888.5464779805093
0.0,C4_VOLTGT_EW,2026-05-11,1909.7597961094139
0.0,C4_VOLTGT_EW,2026-05-12,1893.3116559134364
0.0,C4_VOLTGT_EW,2026-05-13,1895.2241741039616
0.0,C4_VOLTGT_EW,2026-05-14,1916.895714325638
0.0,C4_VOLTGT_EW,2026-05-15,1896.3296458366185
0.0,C4_VOLTGT_EW,2026-05-18,1888.3058966956223
0.0,C4_VOLTGT_EW,2026-05-19,1886.5676970840018
0.0,C4_VOLTGT_EW,2026-05-20,1897.745640856916
0.0,C4_VOLTGT_EW,2026-05-21,1901.1821752916476
0.0,C4_VOLTGT_EW,2026-05-22,1913.4025278414251
0.0,C4_VOLTGT_EW,2026-05-26,1936.141764755076
0.0,C4_VOLTGT_EW,2026-05-27,1938.1369587356608
0.0,C4_VOLTGT_EW,2026-05-28,1952.1036942567225
0.0,C4_VOLTGT_EW,2026-05-29,1938.874160630914
0.0,C4_VOLTGT_EW,2026-06-01,1924.468654464999
0.0,C4_VOLTGT_EW,2026-06-02,1928.7373098311937
0.0,C4_VOLTGT_EW,2026-06-03,1911.1190256618215
0.0,C4_VOLTGT_EW,2026-06-04,1901.732500136165
0.0,C4_VOLTGT_EW,2026-06-05,1836.1631632335534
0.0,C4_VOLTGT_EW,2026-06-08,1857.5171542286685
0.0,C4_VOLTGT_EW,2026-06-09,1834.8257955674367
0.0,C4_VOLTGT_EW,2026-06-10,1809.0269368375525
0.0,C4_VOLTGT_EW,2026-06-11,1849.3268702096075
0.0,C4_VOLTGT_EW,2026-06-12,1835.8177931046453
0.0,C4_VOLTGT_EW,2026-06-15,1869.4068870401916
0.0,C4_VOLTGT_EW,2026-06-16,1845.2542006930003
0.0,C4_VOLTGT_EW,2026-06-17,1830.0489768754137
0.0,C4_VOLTGT_EW,2026-06-18,1833.9004704965641
0.0,C4_VOLTGT_EW,2026-06-22,1817.4986581809335
0.0,C4_VOLTGT_EW,2026-06-23,1787.1320937036403
0.0,C4_VOLTGT_EW,2026-06-24,1762.707234809102
0.0,C4_VOLTGT_EW,2026-06-25,1757.4288343116636
0.0,C4_VOLTGT_EW,2026-06-26,1758.9334650448595
0.0,C4_VOLTGT_EW,2026-06-29,1795.47125326785
0.0,C4_VOLTGT_EW,2026-06-30,1797.2384888362144
0.0,C4_VOLTGT_EW,2026-07-01,1797.2845158482078
0.0,C4_VOLTGT_EW,2026-07-02,1797.3776843385035
0.0,C4_VOLTGT_EW,2026-07-06,1810.707747372236
0.0,C4_VOLTGT_EW,2026-07-07,1802.2586958172114
0.0,C4_VOLTGT_EW,2026-07-08,1801.8019970181886
0.0,C4_VOLTGT_EW,2026-07-09,1809.2450841767209
0.0,C4_VOLTGT_EW,2026-07-10,1816.7302744441158
0.0,C4_VOLTGT_EW,2026-07-13,1799.7505714784893
0.0,C4_VOLTGT_EW,2026-07-14,1816.0789958333644
0.0,C4_VOLTGT_EW,2026-07-15,1817.158287158899
0.0,C4_VOLTGT_EW,2026-07-16,1788.8263409862561
0.0,C4_VOLTGT_EW,2026-07-17,1786.9640042334863
0.0,C4_VOLTGT_EW,2026-07-20,1790.131578980337
0.0,C4_VOLTGT_EW,2026-07-21,1812.5637188374312
0.0,C4_VOLTGT_EW,2026-07-22,1810.258037063812
0.0,C4_VOLTGT_EW,2026-07-23,1798.9771594702647
0.0,C4_VOLTGT_EW,2026-07-24,1784.5116289053158
0.0,C4_VOLTGT_EW,2026-07-27,1781.615505500527
0.0,C4_VOLTGT_EW,2026-07-28,1763.3630570694913
0.0,C4_VOLTGT_EW,2026-07-29,1748.9646402969402
0.0,C4_VOLTGT_EW,2026-07-30,1765.365569723328
0.0,C4_VOLTGT_EW,2026-07-31,1767.0364732660519
0.0,C4_VOLTGT_EW,2026-08-03,1782.3851464865097
0.0,C4_VOLTGT_EW,2026-08-04,1813.8618735265225
0.0,C4_VOLTGT_EW,2026-08-05,1813.8433905494528
0.0,C4_VOLTGT_EW,2026-08-06,1814.2349861072394
0.0,C4_VOLTGT_EW,2026-08-07,1837.3989249827487
0.0,C4_VOLTGT_EW,2026-08-10,1839.2861121780732
0.0,C4_VOLTGT_EW,2026-08-11,1841.0651480608433
0.0,C4_VOLTGT_EW,2026-08-12,1845.8414306486004
0.0,C4_VOLTGT_EW,2026-08-13,1850.5279742563498
0.0,C4_VOLTGT_EW,2026-08-14,1841.3210863436084
0.0,C4_VOLTGT_EW,2026-08-17,1843.2078163166948
0.0,C4_VOLTGT_EW,2026-08-18,1824.5643382801136
0.0,C4_VOLTGT_EW,2026-08-19,1841.2669412141938
0.0,C4_VOLTGT_EW,2026-08-20,1837.9475160600666
0.0,C4_VOLTGT_EW,2026-08-21,1858.2094421347933
0.0,C4_VOLTGT_EW,2026-08-24,1846.6104574330277
0.0,C4_VOLTGT_EW,2026-08-25,1847.9068448878259
0.0,C4_VOLTGT_EW,2026-08-26,1841.2034799545054
0.0,C4_VOLTGT_EW,2026-08-27,1870.2271121593133
0.0,C4_VOLTGT_EW,2026-08-28,1846.1980321575302
0.0,C5_TREND_XMOM,2024-11-22,1500.0
0.0,C5_TREND_XMOM,2024-11-25,1420.0209637161
0.0,C5_TREND_XMOM,2024-11-26,1396.1491708766296
0.0,C5_TREND_XMOM,2024-11-27,1401.0873657236175
0.0,C5_TREND_XMOM,2024-11-29,1430.9428614918427
0.0,C5_TREND_XMOM,2024-12-02,1415.3643562940001
0.0,C5_TREND_XMOM,2024-12-03,1422.1340606941626
0.0,C5_TREND_XMOM,2024-12-04,1457.1717264272982
0.0,C5_TREND_XMOM,2024-12-05,1457.6313731167006
0.0,C5_TREND_XMOM,2024-12-06,1531.2718705206225
0.0,C5_TREND_XMOM,2024-12-09,1479.6025561810475
0.0,C5_TREND_XMOM,2024-12-10,1459.134535073134
0.0,C5_TREND_XMOM,2024-12-11,1509.4448052203047
0.0,C5_TREND_XMOM,2024-12-12,1487.9120831575578
0.0,C5_TREND_XMOM,2024-12-13,1528.6109959828225
0.0,C5_TREND_XMOM,2024-12-16,1559.2491003420237
0.0,C5_TREND_XMOM,2024-12-17,1545.84222269272
0.0,C5_TREND_XMOM,2024-12-18,1444.1939164027228
0.0,C5_TREND_XMOM,2024-12-19,1438.1729815002375
0.0,C5_TREND_XMOM,2024-12-20,1485.698281863452
0.0,C5_TREND_XMOM,2024-12-23,1475.4802466916028
0.0,C5_TREND_XMOM,2024-12-24,1535.3289126709942
0.0,C5_TREND_XMOM,2024-12-26,1530.4674620053725
0.0,C5_TREND_XMOM,2024-12-27,1461.807475328854
0.0,C5_TREND_XMOM,2024-12-30,1409.0271448103829
0.0,C5_TREND_XMOM,2024-12-31,1368.822995386943
0.0,C5_TREND_XMOM,2025-01-02,1383.1383878971385
0.0,C5_TREND_XMOM,2025-01-03,1512.6772700261602
0.0,C5_TREND_XMOM,2025-01-06,1539.8416802176039
0.0,C5_TREND_XMOM,2025-01-07,1455.1705349080685
0.0,C5_TREND_XMOM,2025-01-08,1429.1530860978792
0.0,C5_TREND_XMOM,2025-01-10,1430.83012465691
0.0,C5_TREND_XMOM,2025-01-13,1404.0394871272947
0.0,C5_TREND_XMOM,2025-01-14,1422.6684678146285
0.0,C5_TREND_XMOM,2025-01-15,1482.51411000782
0.0,C5_TREND_XMOM,2025-01-16,1483.7171063855942
0.0,C5_TREND_XMOM,2025-01-17,1521.0733940993962
0.0,C5_TREND_XMOM,2025-01-21,1573.396450410035
0.0,C5_TREND_XMOM,2025-01-22,1564.922956755126
0.0,C5_TREND_XMOM,2025-01-23,1541.3445350689583
0.0,C5_TREND_XMOM,2025-01-24,1524.8282011032732
0.0,C5_TREND_XMOM,2025-01-27,1386.3554412808817
0.0,C5_TREND_XMOM,2025-01-28,1429.0999534487828
0.0,C5_TREND_XMOM,2025-01-29,1404.5980241134996
0.0,C5_TREND_XMOM,2025-01-30,1461.621063561427
0.0,C5_TREND_XMOM,2025-01-31,1475.7755101324656
0.0,C5_TREND_XMOM,2025-02-03,1493.173107666572
0.0,C5_TREND_XMOM,2025-02-04,1578.8113247892925
0.0,C5_TREND_XMOM,2025-02-05,1550.838121186531
0.0,C5_TREND_XMOM,2025-02-06,1563.195583570851
0.0,C5_TREND_XMOM,2025-02-07,1544.3034167331075
0.0,C5_TREND_XMOM,2025-02-10,1567.3211493252395
0.0,C5_TREND_XMOM,2025-02-11,1514.5170887095098
0.0,C5_TREND_XMOM,2025-02-12,1546.2783784034943
0.0,C5_TREND_XMOM,2025-02-13,1557.8944443203131
0.0,C5_TREND_XMOM,2025-02-14,1580.35356135313
0.0,C5_TREND_XMOM,2025-02-18,1585.038030279462
0.0,C5_TREND_XMOM,2025-02-19,1544.5125549348415
0.0,C5_TREND_XMOM,2025-02-20,1522.9164928156451
0.0,C5_TREND_XMOM,2025-02-21,1436.7916642047694
0.0,C5_TREND_XMOM,2025-02-24,1365.7923739452553
0.0,C5_TREND_XMOM,2025-02-25,1277.2348877759305
0.0,C5_TREND_XMOM,2025-02-26,1291.198471426313
0.0,C5_TREND_XMOM,2025-02-27,1211.7514424732633
0.0,C5_TREND_XMOM,2025-02-28,1245.1395263386967
0.0,C5_TREND_XMOM,2025-03-03,1217.1467652825352
0.0,C5_TREND_XMOM,2025-03-04,1240.9168629723358
0.0,C5_TREND_XMOM,2025-03-05,1306.564897208652
0.0,C5_TREND_XMOM,2025-03-06,1232.5480359807743
0.0,C5_TREND_XMOM,2025-03-07,1222.1490622176093
0.0,C5_TREND_XMOM,2025-03-10,1081.5190535134216
0.0,C5_TREND_XMOM,2025-03-11,1137.3955850750506
0.0,C5_TREND_XMOM,2025-03-12,1182.2143783228482
0.0,C5_TREND_XMOM,2025-03-13,1182.2143783228482
0.0,C5_TREND_XMOM,2025-03-14,1182.2143783228482
0.0,C5_TREND_XMOM,2025-03-17,1182.2143783228482
0.0,C5_TREND_XMOM,2025-03-18,1182.2143783228482
0.0,C5_TREND_XMOM,2025-03-19,1182.2143783228482
0.0,C5_TREND_XMOM,2025-03-20,1182.2143783228482
0.0,C5_TREND_XMOM,2025-03-21,1182.2143783228482
0.0,C5_TREND_XMOM,2025-03-24,1182.2143783228482
0.0,C5_TREND_XMOM,2025-03-25,1182.2143783228482
0.0,C5_TREND_XMOM,2025-03-26,1145.6063546658427
0.0,C5_TREND_XMOM,2025-03-27,1130.069943632268
0.0,C5_TREND_XMOM,2025-03-28,1119.1398931337162
0.0,C5_TREND_XMOM,2025-03-31,1119.1398931337162
0.0,C5_TREND_XMOM,2025-04-01,1119.1398931337162
0.0,C5_TREND_XMOM,2025-04-02,1119.1398931337162
0.0,C5_TREND_XMOM,2025-04-03,1119.1398931337162
0.0,C5_TREND_XMOM,2025-04-04,1119.1398931337162
0.0,C5_TREND_XMOM,2025-04-07,1119.1398931337162
0.0,C5_TREND_XMOM,2025-04-08,1119.1398931337162
0.0,C5_TREND_XMOM,2025-04-09,1119.1398931337162
0.0,C5_TREND_XMOM,2025-04-10,1119.1398931337162
0.0,C5_TREND_XMOM,2025-04-11,1119.1398931337162
0.0,C5_TREND_XMOM,2025-04-14,1119.1398931337162
0.0,C5_TREND_XMOM,2025-04-15,1119.1398931337162
0.0,C5_TREND_XMOM,2025-04-16,1119.1398931337162
0.0,C5_TREND_XMOM,2025-04-17,1119.1398931337162
0.0,C5_TREND_XMOM,2025-04-21,1119.1398931337162
0.0,C5_TREND_XMOM,2025-04-22,1119.1398931337162
0.0,C5_TREND_XMOM,2025-04-23,1119.1398931337162
0.0,C5_TREND_XMOM,2025-04-24,1119.1398931337162
0.0,C5_TREND_XMOM,2025-04-25,1119.1398931337162
0.0,C5_TREND_XMOM,2025-04-28,1119.1398931337162
0.0,C5_TREND_XMOM,2025-04-29,1119.1398931337162
0.0,C5_TREND_XMOM,2025-04-30,1119.1398931337162
0.0,C5_TREND_XMOM,2025-05-01,1119.1398931337162
0.0,C5_TREND_XMOM,2025-05-02,1119.1398931337162
0.0,C5_TREND_XMOM,2025-05-05,1119.1398931337162
0.0,C5_TREND_XMOM,2025-05-06,1119.1398931337162
0.0,C5_TREND_XMOM,2025-05-07,1119.1398931337162
0.0,C5_TREND_XMOM,2025-05-08,1119.1398931337162
0.0,C5_TREND_XMOM,2025-05-09,1119.1398931337162
0.0,C5_TREND_XMOM,2025-05-12,1119.1398931337162
0.0,C5_TREND_XMOM,2025-05-13,1119.1398931337162
0.0,C5_TREND_XMOM,2025-05-14,1118.9042103926292
0.0,C5_TREND_XMOM,2025-05-15,1106.502090470008
0.0,C5_TREND_XMOM,2025-05-16,1114.1346949094109
0.0,C5_TREND_XMOM,2025-05-19,1121.4519075491576
0.0,C5_TREND_XMOM,2025-05-20,1128.9934020084092
0.0,C5_TREND_XMOM,2025-05-21,1114.284252117254
0.0,C5_TREND_XMOM,2025-05-22,1118.1659885251893
0.0,C5_TREND_XMOM,2025-05-23,1103.8708704754995
0.0,C5_TREND_XMOM,2025-05-27,1107.005250009183
0.0,C5_TREND_XMOM,2025-05-28,1095.3630891868072
0.0,C5_TREND_XMOM,2025-05-29,1094.1316750335193
0.0,C5_TREND_XMOM,2025-05-30,1110.2879989078865
0.0,C5_TREND_XMOM,2025-06-02,1120.312758731489
0.0,C5_TREND_XMOM,2025-06-03,1131.6975748813643
0.0,C5_TREND_XMOM,2025-06-04,1137.2610970376159
0.0,C5_TREND_XMOM,2025-06-05,1113.7192641920833
0.0,C5_TREND_XMOM,2025-06-06,1115.493599669387
0.0,C5_TREND_XMOM,2025-06-09,1120.2323187666902
0.0,C5_TREND_XMOM,2025-06-10,1124.3873337983339
0.0,C5_TREND_XMOM,2025-06-11,1132.905519840016
0.0,C5_TREND_XMOM,2025-06-12,1134.0516892328035
0.0,C5_TREND_XMOM,2025-06-13,1129.7280585538274
0.0,C5_TREND_XMOM,2025-06-16,1142.5992929867987
0.0,C5_TREND_XMOM,2025-06-17,1133.0886168112966
0.0,C5_TREND_XMOM,2025-06-18,1137.9590111822517
0.0,C5_TREND_XMOM,2025-06-20,1130.570824903324
0.0,C5_TREND_XMOM,2025-06-23,1148.504881523124
0.0,C5_TREND_XMOM,2025-06-24,1164.4651206620879
0.0,C5_TREND_XMOM,2025-06-25,1162.5215227372223
0.0,C5_TREND_XMOM,2025-06-26,1172.585140688878
0.0,C5_TREND_XMOM,2025-06-27,1150.2843646686329
0.0,C5_TREND_XMOM,2025-06-30,1170.7002334313477
0.0,C5_TREND_XMOM,2025-07-01,1147.9826775593322
0.0,C5_TREND_XMOM,2025-07-02,1154.5419412778954
0.0,C5_TREND_XMOM,2025-07-03,1164.5025747314291
0.0,C5_TREND_XMOM,2025-07-07,1175.0919886642407
0.0,C5_TREND_XMOM,2025-07-08,1168.93264246353
0.0,C5_TREND_XMOM,2025-07-09,1173.2485221686097
0.0,C5_TREND_XMOM,2025-07-10,1176.818258461008
0.0,C5_TREND_XMOM,2025-07-11,1184.3624919983117
0.0,C5_TREND_XMOM,2025-07-14,1206.3052678900717
0.0,C5_TREND_XMOM,2025-07-15,1213.266970187405
0.0,C5_TREND_XMOM,2025-07-16,1214.7502588089083
0.0,C5_TREND_XMOM,2025-07-17,1240.9879710605098
0.0,C5_TREND_XMOM,2025-07-18,1258.0569175827145
0.0,C5_TREND_XMOM,2025-07-21,1248.7615655920422
0.0,C5_TREND_XMOM,2025-07-22,1246.810841094051
0.0,C5_TREND_XMOM,2025-07-23,1279.4114604659233
0.0,C5_TREND_XMOM,2025-07-24,1279.7523250758761
0.0,C5_TREND_XMOM,2025-07-25,1249.7057014709105
0.0,C5_TREND_XMOM,2025-07-28,1252.1934015342486
0.0,C5_TREND_XMOM,2025-07-29,1241.1935733495811
0.0,C5_TREND_XMOM,2025-07-30,1257.194059865155
0.0,C5_TREND_XMOM,2025-07-31,1279.488657022266
0.0,C5_TREND_XMOM,2025-08-01,1265.2157948505037
0.0,C5_TREND_XMOM,2025-08-04,1294.243817744539
0.0,C5_TREND_XMOM,2025-08-05,1308.3244542591317
0.0,C5_TREND_XMOM,2025-08-06,1313.242246032385
0.0,C5_TREND_XMOM,2025-08-07,1306.7477022817395
0.0,C5_TREND_XMOM,2025-08-08,1308.6900912773258
0.0,C5_TREND_XMOM,2025-08-11,1293.947219018112
0.0,C5_TREND_XMOM,2025-08-12,1340.7997294087259
0.0,C5_TREND_XMOM,2025-08-13,1327.3388375285867
0.0,C5_TREND_XMOM,2025-08-14,1313.1915006017587
0.0,C5_TREND_XMOM,2025-08-15,1292.2920867370824
0.0,C5_TREND_XMOM,2025-08-18,1291.3792351758386
0.0,C5_TREND_XMOM,2025-08-19,1223.9381651001468
0.0,C5_TREND_XMOM,2025-08-20,1217.4396327361067
0.0,C5_TREND_XMOM,2025-08-21,1212.0528257604956
0.0,C5_TREND_XMOM,2025-08-22,1234.9951251404518
0.0,C5_TREND_XMOM,2025-08-25,1249.4820803950508
0.0,C5_TREND_XMOM,2025-08-26,1269.7640145037558
0.0,C5_TREND_XMOM,2025-08-27,1253.3284127778516
0.0,C5_TREND_XMOM,2025-08-28,1266.8458450223031
0.0,C5_TREND_XMOM,2025-08-29,1236.813113657766
0.0,C5_TREND_XMOM,2025-09-02,1228.3305656223583
0.0,C5_TREND_XMOM,2025-09-03,1213.5307855789865
0.0,C5_TREND_XMOM,2025-09-04,1205.2239906485056
0.0,C5_TREND_XMOM,2025-09-05,1217.7878286801454
0.0,C5_TREND_XMOM,2025-09-08,1224.8777144852934
0.0,C5_TREND_XMOM,2025-09-09,1219.0942169123723
0.0,C5_TREND_XMOM,2025-09-10,1286.2008683551162
0.0,C5_TREND_XMOM,2025-09-11,1271.2598401466557
0.0,C5_TREND_XMOM,2025-09-12,1292.7204638099047
0.0,C5_TREND_XMOM,2025-09-15,1312.1299793948278
0.0,C5_TREND_XMOM,2025-09-16,1295.0021197631722
0.0,C5_TREND_XMOM,2025-09-17,1276.3871971077788
0.0,C5_TREND_XMOM,2025-09-18,1301.54130480447
0.0,C5_TREND_XMOM,2025-09-19,1330.5244507608766
0.0,C5_TREND_XMOM,2025-09-22,1358.9262614225604
0.0,C5_TREND_XMOM,2025-09-23,1368.3707293962798
0.0,C5_TREND_XMOM,2025-09-24,1357.4784455369986
0.0,C5_TREND_XMOM,2025-09-25,1328.8845301835972
0.0,C5_TREND_XMOM,2025-09-26,1331.8341072766907
0.0,C5_TREND_XMOM,2025-09-29,1320.109319824676
0.0,C5_TREND_XMOM,2025-09-30,1332.67783421378
0.0,C5_TREND_XMOM,2025-10-01,1387.4523156734617
0.0,C5_TREND_XMOM,2025-10-02,1424.5346040246902
0.0,C5_TREND_XMOM,2025-10-03,1405.6065067633324
0.0,C5_TREND_XMOM,2025-10-06,1448.936794971416
0.0,C5_TREND_XMOM,2025-10-07,1449.7621461485717
0.0,C5_TREND_XMOM,2025-10-08,1499.9563364503474
0.0,C5_TREND_XMOM,2025-10-09,1532.7964629313067
0.0,C5_TREND_XMOM,2025-10-10,1450.5767604726798
0.0,C5_TREND_XMOM,2025-10-13,1541.6062454389153
0.0,C5_TREND_XMOM,2025-10-14,1538.1647975408919
0.0,C5_TREND_XMOM,2025-10-15,1552.8711540521267
0.0,C5_TREND_XMOM,2025-10-16,1522.034945659874
0.0,C5_TREND_XMOM,2025-10-17,1497.5250083975066
0.0,C5_TREND_XMOM,2025-10-20,1503.4028251862023
0.0,C5_TREND_XMOM,2025-10-21,1472.4678574524023
0.0,C5_TREND_XMOM,2025-10-22,1422.765004062464
0.0,C5_TREND_XMOM,2025-10-23,1444.2171813940206
0.0,C5_TREND_XMOM,2025-10-24,1465.0578721865054
0.0,C5_TREND_XMOM,2025-10-27,1525.3265738163318
0.0,C5_TREND_XMOM,2025-10-28,1545.8831706208366
0.0,C5_TREND_XMOM,2025-10-29,1591.107487159252
0.0,C5_TREND_XMOM,2025-10-30,1541.4373877839475
0.0,C5_TREND_XMOM,2025-10-31,1571.4404469607334
0.0,C5_TREND_XMOM,2025-11-03,1545.4494789521318
0.0,C5_TREND_XMOM,2025-11-04,1480.8598100574295
0.0,C5_TREND_XMOM,2025-11-05,1487.7799470009088
0.0,C5_TREND_XMOM,2025-11-06,1424.284143193209
0.0,C5_TREND_XMOM,2025-11-07,1437.8125712357491
0.0,C5_TREND_XMOM,2025-11-10,1490.9575727727936
0.0,C5_TREND_XMOM,2025-11-11,1462.5194013414798
0.0,C5_TREND_XMOM,2025-11-12,1445.189402668936
0.0,C5_TREND_XMOM,2025-11-13,1380.1033311991837
0.0,C5_TREND_XMOM,2025-11-14,1388.8895009158093
0.0,C5_TREND_XMOM,2025-11-17,1353.534693990739
0.0,C5_TREND_XMOM,2025-11-18,1338.57492179329
0.0,C5_TREND_XMOM,2025-11-19,1358.413141845198
0.0,C5_TREND_XMOM,2025-11-20,1282.9787314867667
0.0,C5_TREND_XMOM,2025-11-21,1279.159893109766
0.0,C5_TREND_XMOM,2025-11-24,1355.0893625717185
0.0,C5_TREND_XMOM,2025-11-25,1359.1507980772349
0.0,C5_TREND_XMOM,2025-11-26,1384.375008692287
0.0,C5_TREND_XMOM,2025-11-28,1396.5154107942683
0.0,C5_TREND_XMOM,2025-12-01,1369.7032995818918
0.0,C5_TREND_XMOM,2025-12-02,1398.0237742056854
0.0,C5_TREND_XMOM,2025-12-03,1420.8569736915404
0.0,C5_TREND_XMOM,2025-12-04,1477.3868327935302
0.0,C5_TREND_XMOM,2025-12-05,1490.8526003249176
0.0,C5_TREND_XMOM,2025-12-08,1503.5396954099886
0.0,C5_TREND_XMOM,2025-12-09,1495.7477372546873
0.0,C5_TREND_XMOM,2025-12-10,1537.8150768337136
0.0,C5_TREND_XMOM,2025-12-11,1560.8848234129719
0.0,C5_TREND_XMOM,2025-12-12,1467.8417486630524
0.0,C5_TREND_XMOM,2025-12-15,1416.9699088476634
0.0,C5_TREND_XMOM,2025-12-16,1419.7768925898854
0.0,C5_TREND_XMOM,2025-12-17,1351.3050065297098
0.0,C5_TREND_XMOM,2025-12-18,1390.3423942146646
0.0,C5_TREND_XMOM,2025-12-19,1470.7708904522965
0.0,C5_TREND_XMOM,2025-12-22,1536.4978737743
0.0,C5_TREND_XMOM,2025-12-23,1546.0704026056205
0.0,C5_TREND_XMOM,2025-12-24,1508.6656707997029
0.0,C5_TREND_XMOM,2025-12-26,1481.341254388386
0.0,C5_TREND_XMOM,2025-12-29,1472.9650389912715
0.0,C5_TREND_XMOM,2025-12-30,1488.850238202501
0.0,C5_TREND_XMOM,2025-12-31,1469.1180598081996
0.0,C5_TREND_XMOM,2026-01-02,1543.2130646878604
0.0,C5_TREND_XMOM,2026-01-05,1565.4905936472776
0.0,C5_TREND_XMOM,2026-01-06,1594.2385577753525
0.0,C5_TREND_XMOM,2026-01-07,1564.7744182993222
0.0,C5_TREND_XMOM,2026-01-08,1561.254385615081
0.0,C5_TREND_XMOM,2026-01-09,1600.2266656313868
0.0,C5_TREND_XMOM,2026-01-12,1620.4516908407563
0.0,C5_TREND_XMOM,2026-01-13,1598.018948825557
0.0,C5_TREND_XMOM,2026-01-14,1586.952754576875
0.0,C5_TREND_XMOM,2026-01-15,1597.9837545179853
0.0,C5_TREND_XMOM,2026-01-16,1650.412153550584
0.0,C5_TREND_XMOM,2026-01-20,1605.065355190099
0.0,C5_TREND_XMOM,2026-01-21,1581.5347515606488
0.0,C5_TREND_XMOM,2026-01-22,1643.2101070290273
0.0,C5_TREND_XMOM,2026-01-23,1627.543833191882
0.0,C5_TREND_XMOM,2026-01-26,1584.7407584310927
0.0,C5_TREND_XMOM,2026-01-27,1603.6043923732227
0.0,C5_TREND_XMOM,2026-01-28,1622.3893694106291
0.0,C5_TREND_XMOM,2026-01-29,1603.51709403186
0.0,C5_TREND_XMOM,2026-01-30,1566.9413981996852
0.0,C5_TREND_XMOM,2026-02-02,1539.7746380085118
0.0,C5_TREND_XMOM,2026-02-03,1586.6782028044634
0.0,C5_TREND_XMOM,2026-02-04,1555.740945754519
0.0,C5_TREND_XMOM,2026-02-05,1494.3906580067605
0.0,C5_TREND_XMOM,2026-02-06,1563.3385673887262
0.0,C5_TREND_XMOM,2026-02-09,1579.4167016553515
0.0,C5_TREND_XMOM,2026-02-10,1547.41252887292
0.0,C5_TREND_XMOM,2026-02-11,1557.4121778770775
0.0,C5_TREND_XMOM,2026-02-12,1506.3596512448637
0.0,C5_TREND_XMOM,2026-02-13,1526.5014492307266
0.0,C5_TREND_XMOM,2026-02-17,1514.7086992310037
0.0,C5_TREND_XMOM,2026-02-18,1524.6934262603677
0.0,C5_TREND_XMOM,2026-02-19,1538.6384857882879
0.0,C5_TREND_XMOM,2026-02-20,1521.6734603185691
0.0,C5_TREND_XMOM,2026-02-23,1555.2923367366598
0.0,C5_TREND_XMOM,2026-02-24,1557.7928023381796
0.0,C5_TREND_XMOM,2026-02-25,1539.6160015177643
0.0,C5_TREND_XMOM,2026-02-26,1537.4728256681922
0.0,C5_TREND_XMOM,2026-02-27,1535.8503988446755
0.0,C5_TREND_XMOM,2026-03-02,1563.3829936383966
0.0,C5_TREND_XMOM,2026-03-03,1545.4731747458786
0.0,C5_TREND_XMOM,2026-03-04,1594.094919003457
0.0,C5_TREND_XMOM,2026-03-05,1537.7741369962982
0.0,C5_TREND_XMOM,2026-03-06,1523.9387823993754
0.0,C5_TREND_XMOM,2026-03-09,1538.0871082662534
0.0,C5_TREND_XMOM,2026-03-10,1527.9771789255915
0.0,C5_TREND_XMOM,2026-03-11,1531.048781748366
0.0,C5_TREND_XMOM,2026-03-12,1504.7890530729062
0.0,C5_TREND_XMOM,2026-03-13,1498.5353691889168
0.0,C5_TREND_XMOM,2026-03-16,1514.7975652014147
0.0,C5_TREND_XMOM,2026-03-17,1517.6675098248875
0.0,C5_TREND_XMOM,2026-03-18,1487.9394455508302
0.0,C5_TREND_XMOM,2026-03-19,1487.1410558717275
0.0,C5_TREND_XMOM,2026-03-20,1449.1619642478086
0.0,C5_TREND_XMOM,2026-03-23,1437.603396476159
0.0,C5_TREND_XMOM,2026-03-24,1425.8847358907467
0.0,C5_TREND_XMOM,2026-03-25,1425.8847358907467
0.0,C5_TREND_XMOM,2026-03-26,1425.8847358907467
0.0,C5_TREND_XMOM,2026-03-27,1425.8847358907467
0.0,C5_TREND_XMOM,2026-03-30,1425.8847358907467
0.0,C5_TREND_XMOM,2026-03-31,1425.8847358907467
0.0,C5_TREND_XMOM,2026-04-01,1425.8847358907467
0.0,C5_TREND_XMOM,2026-04-02,1425.8847358907467
0.0,C5_TREND_XMOM,2026-04-06,1425.8847358907467
0.0,C5_TREND_XMOM,2026-04-07,1425.8847358907467
0.0,C5_TREND_XMOM,2026-04-08,1425.8847358907467
0.0,C5_TREND_XMOM,2026-04-09,1425.8847358907467
0.0,C5_TREND_XMOM,2026-04-10,1425.1465028816021
0.0,C5_TREND_XMOM,2026-04-13,1451.4789007934517
0.0,C5_TREND_XMOM,2026-04-14,1408.151984069751
0.0,C5_TREND_XMOM,2026-04-15,1395.3876347077676
0.0,C5_TREND_XMOM,2026-04-16,1416.8900591825836
0.0,C5_TREND_XMOM,2026-04-17,1387.1416187808848
0.0,C5_TREND_XMOM,2026-04-20,1376.8817793077033
0.0,C5_TREND_XMOM,2026-04-21,1380.843649477264
0.0,C5_TREND_XMOM,2026-04-22,1405.897561447779
0.0,C5_TREND_XMOM,2026-04-23,1391.564785543921
0.0,C5_TREND_XMOM,2026-04-24,1379.2340258732581
0.0,C5_TREND_XMOM,2026-04-27,1376.8856309862242
0.0,C5_TREND_XMOM,2026-04-28,1355.8840877340303
0.0,C5_TREND_XMOM,2026-04-29,1372.4714806641246
0.0,C5_TREND_XMOM,2026-04-30,1415.9924890921052
0.0,C5_TREND_XMOM,2026-05-01,1406.8013738116738
0.0,C5_TREND_XMOM,2026-05-04,1411.7236645450494
0.0,C5_TREND_XMOM,2026-05-05,1426.9635170032282
0.0,C5_TREND_XMOM,2026-05-06,1427.9496209640101
0.0,C5_TREND_XMOM,2026-05-07,1418.4075440553383
0.0,C5_TREND_XMOM,2026-05-08,1427.1865813241998
0.0,C5_TREND_XMOM,2026-05-11,1444.5022308627322
0.0,C5_TREND_XMOM,2026-05-12,1456.981696577791
0.0,C5_TREND_XMOM,2026-05-13,1468.344578782408
0.0,C5_TREND_XMOM,2026-05-14,1468.5463221668792
0.0,C5_TREND_XMOM,2026-05-15,1456.9662045565221
0.0,C5_TREND_XMOM,2026-05-18,1451.3365386458775
0.0,C5_TREND_XMOM,2026-05-19,1466.0418802917804
0.0,C5_TREND_XMOM,2026-05-20,1459.1850953335866
0.0,C5_TREND_XMOM,2026-05-21,1444.2843484662478
0.0,C5_TREND_XMOM,2026-05-22,1451.1251964873838
0.0,C5_TREND_XMOM,2026-05-26,1459.536193698422
0.0,C5_TREND_XMOM,2026-05-27,1445.7397673348837
0.0,C5_TREND_XMOM,2026-05-28,1465.1114361808009
0.0,C5_TREND_XMOM,2026-05-29,1451.2673945506103
0.0,C5_TREND_XMOM,2026-06-01,1452.4036978541449
0.0,C5_TREND_XMOM,2026-06-02,1492.8514808808436
0.0,C5_TREND_XMOM,2026-06-03,1476.6842838903285
0.0,C5_TREND_XMOM,2026-06-04,1462.7528230148241
0.0,C5_TREND_XMOM,2026-06-05,1375.8880491490288
0.0,C5_TREND_XMOM,2026-06-08,1394.3885974231364
0.0,C5_TREND_XMOM,2026-06-09,1375.0482914800696
0.0,C5_TREND_XMOM,2026-06-10,1359.1342522990553
0.0,C5_TREND_XMOM,2026-06-11,1419.634353336789
0.0,C5_TREND_XMOM,2026-06-12,1373.7485245694254
0.0,C5_TREND_XMOM,2026-06-15,1397.7308418233763
0.0,C5_TREND_XMOM,2026-06-16,1350.369284081169
0.0,C5_TREND_XMOM,2026-06-17,1355.408808948995
0.0,C5_TREND_XMOM,2026-06-18,1358.9333072272836
0.0,C5_TREND_XMOM,2026-06-22,1331.6494313854826
0.0,C5_TREND_XMOM,2026-06-23,1298.1879034875888
0.0,C5_TREND_XMOM,2026-06-24,1265.6684918627589
0.0,C5_TREND_XMOM,2026-06-25,1287.473751642837
0.0,C5_TREND_XMOM,2026-06-26,1274.5877546582553
0.0,C5_TREND_XMOM,2026-06-29,1334.6372123661374
0.0,C5_TREND_XMOM,2026-06-30,1360.9546519720725
0.0,C5_TREND_XMOM,2026-07-01,1328.962478999949
0.0,C5_TREND_XMOM,2026-07-02,1316.8534458413808
0.0,C5_TREND_XMOM,2026-07-06,1311.5010676349768
0.0,C5_TREND_XMOM,2026-07-07,1293.4806223990909
0.0,C5_TREND_XMOM,2026-07-08,1305.2109616821144
0.0,C5_TREND_XMOM,2026-07-09,1306.9804162410787
0.0,C5_TREND_XMOM,2026-07-10,1298.7672040160778
0.0,C5_TREND_XMOM,2026-07-13,1285.9357062144159
0.0,C5_TREND_XMOM,2026-07-14,1298.6322243432971
0.0,C5_TREND_XMOM,2026-07-15,1288.6759575292565
0.0,C5_TREND_XMOM,2026-07-16,1236.167349076551
0.0,C5_TREND_XMOM,2026-07-17,1251.2647008788326
0.0,C5_TREND_XMOM,2026-07-20,1248.2190493756348
0.0,C5_TREND_XMOM,2026-07-21,1298.8390063171214
0.0,C5_TREND_XMOM,2026-07-22,1299.0901031845792
0.0,C5_TREND_XMOM,2026-07-23,1309.2046948527773
0.0,C5_TREND_XMOM,2026-07-24,1281.4714917279869
0.0,C5_TREND_XMOM,2026-07-27,1251.6219470543895
0.0,C5_TREND_XMOM,2026-07-28,1226.931053588397
0.0,C5_TREND_XMOM,2026-07-29,1219.8737782225667
0.0,C5_TREND_XMOM,2026-07-30,1244.9388802594044
0.0,C5_TREND_XMOM,2026-07-31,1251.4046787160694
0.0,C5_TREND_XMOM,2026-08-03,1246.4973735297347
0.0,C5_TREND_XMOM,2026-08-04,1278.3380423199758
0.0,C5_TREND_XMOM,2026-08-05,1280.8832944037954
0.0,C5_TREND_XMOM,2026-08-06,1295.8138148878313
0.0,C5_TREND_XMOM,2026-08-07,1305.0891072798013
0.0,C5_TREND_XMOM,2026-08-10,1321.8896840988928
0.0,C5_TREND_XMOM,2026-08-11,1319.1900918245196
0.0,C5_TREND_XMOM,2026-08-12,1327.4672547553673
0.0,C5_TREND_XMOM,2026-08-13,1326.08554753734
0.0,C5_TREND_XMOM,2026-08-14,1307.3066153245202
0.0,C5_TREND_XMOM,2026-08-17,1319.2977989240103
0.0,C5_TREND_XMOM,2026-08-18,1304.3342236760845
0.0,C5_TREND_XMOM,2026-08-19,1300.1610667258192
0.0,C5_TREND_XMOM,2026-08-20,1300.2750261738859
0.0,C5_TREND_XMOM,2026-08-21,1305.5375688239155
0.0,C5_TREND_XMOM,2026-08-24,1283.191845156187
0.0,C5_TREND_XMOM,2026-08-25,1271.195414598275
0.0,C5_TREND_XMOM,2026-08-26,1263.935549194275
0.0,C5_TREND_XMOM,2026-08-27,1284.8763564208361
0.0,C5_TREND_XMOM,2026-08-28,1272.4827295916932
5.0,C1_EW_MONTHLY,2024-11-22,1500.0
5.0,C1_EW_MONTHLY,2024-11-25,1465.071386379799
5.0,C1_EW_MONTHLY,2024-11-26,1461.4223085770343
5.0,C1_EW_MONTHLY,2024-11-27,1464.5880378641295
5.0,C1_EW_MONTHLY,2024-11-29,1482.9875459641933
5.0,C1_EW_MONTHLY,2024-12-02,1484.2947829101438
5.0,C1_EW_MONTHLY,2024-12-03,1495.6018517168075
5.0,C1_EW_MONTHLY,2024-12-04,1517.2546221297337
5.0,C1_EW_MONTHLY,2024-12-05,1514.0983970371126
5.0,C1_EW_MONTHLY,2024-12-06,1544.1967024970686
5.0,C1_EW_MONTHLY,2024-12-09,1514.5213684558385
5.0,C1_EW_MONTHLY,2024-12-10,1502.564733638994
5.0,C1_EW_MONTHLY,2024-12-11,1538.4162334486432
5.0,C1_EW_MONTHLY,2024-12-12,1521.2741964566335
5.0,C1_EW_MONTHLY,2024-12-13,1558.7964886373234
5.0,C1_EW_MONTHLY,2024-12-16,1585.906406777146
5.0,C1_EW_MONTHLY,2024-12-17,1573.8321036693799
5.0,C1_EW_MONTHLY,2024-12-18,1509.721481706073
5.0,C1_EW_MONTHLY,2024-12-19,1496.922707520629
5.0,C1_EW_MONTHLY,2024-12-20,1519.619564307812
5.0,C1_EW_MONTHLY,2024-12-23,1528.4937660866012
5.0,C1_EW_MONTHLY,2024-12-24,1563.1787193723474
5.0,C1_EW_MONTHLY,2024-12-26,1560.4563041162203
5.0,C1_EW_MONTHLY,2024-12-27,1529.8852239775902
5.0,C1_EW_MONTHLY,2024-12-30,1504.5878082109723
5.0,C1_EW_MONTHLY,2024-12-31,1486.1902048371242
5.0,C1_EW_MONTHLY,2025-01-02,1501.8227395991837
5.0,C1_EW_MONTHLY,2025-01-03,1554.4604096800795
5.0,C1_EW_MONTHLY,2025-01-06,1573.4367258302075
5.0,C1_EW_MONTHLY,2025-01-07,1528.8879990759199
5.0,C1_EW_MONTHLY,2025-01-08,1519.236583094216
5.0,C1_EW_MONTHLY,2025-01-10,1520.6170533937054
5.0,C1_EW_MONTHLY,2025-01-13,1510.196008342969
5.0,C1_EW_MONTHLY,2025-01-14,1509.1651709862037
5.0,C1_EW_MONTHLY,2025-01-15,1547.5135473814657
5.0,C1_EW_MONTHLY,2025-01-16,1547.6082607659682
5.0,C1_EW_MONTHLY,2025-01-17,1569.6375839162947
5.0,C1_EW_MONTHLY,2025-01-21,1598.9199793952205
5.0,C1_EW_MONTHLY,2025-01-22,1601.5986118678998
5.0,C1_EW_MONTHLY,2025-01-23,1595.3474123849903
5.0,C1_EW_MONTHLY,2025-01-24,1593.5444255121774
5.0,C1_EW_MONTHLY,2025-01-27,1510.8019434082114
5.0,C1_EW_MONTHLY,2025-01-28,1529.125282132097
5.0,C1_EW_MONTHLY,2025-01-29,1518.9453913124848
5.0,C1_EW_MONTHLY,2025-01-30,1551.7654664258519
5.0,C1_EW_MONTHLY,2025-01-31,1550.9498500418258
5.0,C1_EW_MONTHLY,2025-02-03,1552.0497018770648
5.0,C1_EW_MONTHLY,2025-02-04,1592.0571296083285
5.0,C1_EW_MONTHLY,2025-02-05,1604.3217680692378
5.0,C1_EW_MONTHLY,2025-02-06,1625.1960104116433
5.0,C1_EW_MONTHLY,2025-02-07,1612.1899210085385
5.0,C1_EW_MONTHLY,2025-02-10,1652.8780830854755
5.0,C1_EW_MONTHLY,2025-02-11,1625.0013181769207
5.0,C1_EW_MONTHLY,2025-02-12,1628.2381591143612
5.0,C1_EW_MONTHLY,2025-02-13,1649.6747626525573
5.0,C1_EW_MONTHLY,2025-02-14,1660.0904177447683
5.0,C1_EW_MONTHLY,2025-02-18,1659.6046455324026
5.0,C1_EW_MONTHLY,2025-02-19,1651.9120912842964
5.0,C1_EW_MONTHLY,2025-02-20,1642.6093741032514
5.0,C1_EW_MONTHLY,2025-02-21,1586.154457623254
5.0,C1_EW_MONTHLY,2025-02-24,1552.2923160383007
5.0,C1_EW_MONTHLY,2025-02-25,1511.0091443562435
5.0,C1_EW_MONTHLY,2025-02-26,1530.1321028698385
5.0,C1_EW_MONTHLY,2025-02-27,1476.7333734399444
5.0,C1_EW_MONTHLY,2025-02-28,1502.6648475376608
5.0,C1_EW_MONTHLY,2025-03-03,1468.1651822658139
5.0,C1_EW_MONTHLY,2025-03-04,1484.8898545509871
5.0,C1_EW_MONTHLY,2025-03-05,1537.4802100381687
5.0,C1_EW_MONTHLY,2025-03-06,1481.984538729094
5.0,C1_EW_MONTHLY,2025-03-07,1490.6393258583255
5.0,C1_EW_MONTHLY,2025-03-10,1397.1172151034757
5.0,C1_EW_MONTHLY,2025-03-11,1417.962688595313
5.0,C1_EW_MONTHLY,2025-03-12,1441.001821037697
5.0,C1_EW_MONTHLY,2025-03-13,1416.1489146071383
5.0,C1_EW_MONTHLY,2025-03-14,1469.541013283154
5.0,C1_EW_MONTHLY,2025-03-17,1469.8500602748184
5.0,C1_EW_MONTHLY,2025-03-18,1436.1470794396223
5.0,C1_EW_MONTHLY,2025-03-19,1463.8886438097559
5.0,C1_EW_MONTHLY,2025-03-20,1460.3183058541708
5.0,C1_EW_MONTHLY,2025-03-21,1465.5215843555297
5.0,C1_EW_MONTHLY,2025-03-24,1525.2036950553047
5.0,C1_EW_MONTHLY,2025-03-25,1522.8835747691974
5.0,C1_EW_MONTHLY,2025-03-26,1480.9315157222377
5.0,C1_EW_MONTHLY,2025-03-27,1461.3529489103348
5.0,C1_EW_MONTHLY,2025-03-28,1421.130761224801
5.0,C1_EW_MONTHLY,2025-03-31,1416.5768000673888
5.0,C1_EW_MONTHLY,2025-04-01,1431.8904742678096
5.0,C1_EW_MONTHLY,2025-04-02,1455.3190337470448
5.0,C1_EW_MONTHLY,2025-04-03,1371.0185570229314
5.0,C1_EW_MONTHLY,2025-04-04,1300.0744529939627
5.0,C1_EW_MONTHLY,2025-04-07,1301.2950424402688
5.0,C1_EW_MONTHLY,2025-04-08,1277.2581606031285
5.0,C1_EW_MONTHLY,2025-04-09,1437.6279896780952
5.0,C1_EW_MONTHLY,2025-04-10,1379.8007470853024
5.0,C1_EW_MONTHLY,2025-04-11,1412.899681119243
5.0,C1_EW_MONTHLY,2025-04-14,1422.1124128442282
5.0,C1_EW_MONTHLY,2025-04-15,1428.5837708107654
5.0,C1_EW_MONTHLY,2025-04-16,1402.392318540532
5.0,C1_EW_MONTHLY,2025-04-17,1416.1359731649522
5.0,C1_EW_MONTHLY,2025-04-21,1381.9495882996146
5.0,C1_EW_MONTHLY,2025-04-22,1417.8947206482458
5.0,C1_EW_MONTHLY,2025-04-23,1450.9663145406505
5.0,C1_EW_MONTHLY,2025-04-24,1495.4212646949652
5.0,C1_EW_MONTHLY,2025-04-25,1528.3744598632761
5.0,C1_EW_MONTHLY,2025-04-28,1532.4592218834564
5.0,C1_EW_MONTHLY,2025-04-29,1536.648984835183
5.0,C1_EW_MONTHLY,2025-04-30,1531.6362694327936
5.0,C1_EW_MONTHLY,2025-05-01,1531.9577215799854
5.0,C1_EW_MONTHLY,2025-05-02,1575.668004254179
5.0,C1_EW_MONTHLY,2025-05-05,1561.2693828521717
5.0,C1_EW_MONTHLY,2025-05-06,1548.9843017972669
5.0,C1_EW_MONTHLY,2025-05-07,1556.2143845790508
5.0,C1_EW_MONTHLY,2025-05-08,1576.1261578812544
5.0,C1_EW_MONTHLY,2025-05-09,1579.4462380735715
5.0,C1_EW_MONTHLY,2025-05-12,1623.2640180360884
5.0,C1_EW_MONTHLY,2025-05-13,1662.9904933260743
5.0,C1_EW_MONTHLY,2025-05-14,1663.6601450485832
5.0,C1_EW_MONTHLY,2025-05-15,1655.8933354643239
5.0,C1_EW_MONTHLY,2025-05-16,1668.3948647050584
5.0,C1_EW_MONTHLY,2025-05-19,1664.1519280183195
5.0,C1_EW_MONTHLY,2025-05-20,1667.7651807107652
5.0,C1_EW_MONTHLY,2025-05-21,1639.7694880108775
5.0,C1_EW_MONTHLY,2025-05-22,1646.0682758634148
5.0,C1_EW_MONTHLY,2025-05-23,1636.2515741775842
5.0,C1_EW_MONTHLY,2025-05-27,1666.837766466951
5.0,C1_EW_MONTHLY,2025-05-28,1657.7354555401207
5.0,C1_EW_MONTHLY,2025-05-29,1657.3556405473632
5.0,C1_EW_MONTHLY,2025-05-30,1657.588593137858
5.0,C1_EW_MONTHLY,2025-06-02,1685.2438678207382
5.0,C1_EW_MONTHLY,2025-06-03,1710.6895490909847
5.0,C1_EW_MONTHLY,2025-06-04,1723.097770322825
5.0,C1_EW_MONTHLY,2025-06-05,1698.2954793089996
5.0,C1_EW_MONTHLY,2025-06-06,1714.4755611866894
5.0,C1_EW_MONTHLY,2025-06-09,1746.446467576648
5.0,C1_EW_MONTHLY,2025-06-10,1761.5460702669684
5.0,C1_EW_MONTHLY,2025-06-11,1767.1998242647055
5.0,C1_EW_MONTHLY,2025-06-12,1773.7562126417233
5.0,C1_EW_MONTHLY,2025-06-13,1784.2036444814096
5.0,C1_EW_MONTHLY,2025-06-16,1808.8173044836044
5.0,C1_EW_MONTHLY,2025-06-17,1791.3519363080102
5.0,C1_EW_MONTHLY,2025-06-18,1810.4155020277335
5.0,C1_EW_MONTHLY,2025-06-20,1811.351968764667
5.0,C1_EW_MONTHLY,2025-06-23,1838.352497479988
5.0,C1_EW_MONTHLY,2025-06-24,1862.9405832162372
5.0,C1_EW_MONTHLY,2025-06-25,1857.7463801994597
5.0,C1_EW_MONTHLY,2025-06-26,1869.4981431505169
5.0,C1_EW_MONTHLY,2025-06-27,1854.1053773615718
5.0,C1_EW_MONTHLY,2025-06-30,1858.673526258337
5.0,C1_EW_MONTHLY,2025-07-01,1818.3525831280037
5.0,C1_EW_MONTHLY,2025-07-02,1847.8301955908728
5.0,C1_EW_MONTHLY,2025-07-03,1857.0934297726246
5.0,C1_EW_MONTHLY,2025-07-07,1849.5757410327817
5.0,C1_EW_MONTHLY,2025-07-08,1848.5282291732776
5.0,C1_EW_MONTHLY,2025-07-09,1864.90823202304
5.0,C1_EW_MONTHLY,2025-07-10,1872.0369803517187
5.0,C1_EW_MONTHLY,2025-07-11,1887.405918085321
5.0,C1_EW_MONTHLY,2025-07-14,1905.5220117524236
5.0,C1_EW_MONTHLY,2025-07-15,1902.3676967288004
5.0,C1_EW_MONTHLY,2025-07-16,1916.9564165219597
5.0,C1_EW_MONTHLY,2025-07-17,1927.9462648813242
5.0,C1_EW_MONTHLY,2025-07-18,1927.9355508312651
5.0,C1_EW_MONTHLY,2025-07-21,1924.394642118062
5.0,C1_EW_MONTHLY,2025-07-22,1909.1896852088432
5.0,C1_EW_MONTHLY,2025-07-23,1929.245770473313
5.0,C1_EW_MONTHLY,2025-07-24,1928.464155886688
5.0,C1_EW_MONTHLY,2025-07-25,1913.8575313138542
5.0,C1_EW_MONTHLY,2025-07-28,1927.4149175232835
5.0,C1_EW_MONTHLY,2025-07-29,1916.0332399688173
5.0,C1_EW_MONTHLY,2025-07-30,1927.588024976932
5.0,C1_EW_MONTHLY,2025-07-31,1922.5729969872525
5.0,C1_EW_MONTHLY,2025-08-01,1894.7996400457464
5.0,C1_EW_MONTHLY,2025-08-04,1928.2655797059283
5.0,C1_EW_MONTHLY,2025-08-05,1923.9398176931468
5.0,C1_EW_MONTHLY,2025-08-06,1937.8656468715994
5.0,C1_EW_MONTHLY,2025-08-07,1927.9694459523473
5.0,C1_EW_MONTHLY,2025-08-08,1927.7401005469933
5.0,C1_EW_MONTHLY,2025-08-11,1928.2592509126646
5.0,C1_EW_MONTHLY,2025-08-12,1957.6090969493978
5.0,C1_EW_MONTHLY,2025-08-13,1956.343434808627
5.0,C1_EW_MONTHLY,2025-08-14,1942.0299631764506
5.0,C1_EW_MONTHLY,2025-08-15,1926.39121750049
5.0,C1_EW_MONTHLY,2025-08-18,1924.8729795258166
5.0,C1_EW_MONTHLY,2025-08-19,1875.8930873541256
5.0,C1_EW_MONTHLY,2025-08-20,1878.935777614046
5.0,C1_EW_MONTHLY,2025-08-21,1863.9881386009233
5.0,C1_EW_MONTHLY,2025-08-22,1900.891961138324
5.0,C1_EW_MONTHLY,2025-08-25,1896.3996076437147
5.0,C1_EW_MONTHLY,2025-08-26,1918.2455784780375
5.0,C1_EW_MONTHLY,2025-08-27,1908.4769816995044
5.0,C1_EW_MONTHLY,2025-08-28,1916.0986547394223
5.0,C1_EW_MONTHLY,2025-08-29,1888.3161510160871
5.0,C1_EW_MONTHLY,2025-09-02,1891.0874278771564
5.0,C1_EW_MONTHLY,2025-09-03,1883.9508596379494
5.0,C1_EW_MONTHLY,2025-09-04,1884.8364193341786
5.0,C1_EW_MONTHLY,2025-09-05,1900.0755177783958
5.0,C1_EW_MONTHLY,2025-09-08,1906.1945737426436
5.0,C1_EW_MONTHLY,2025-09-09,1906.5145981944997
5.0,C1_EW_MONTHLY,2025-09-10,1941.2004399251905
5.0,C1_EW_MONTHLY,2025-09-11,1945.5498921607973
5.0,C1_EW_MONTHLY,2025-09-12,1971.082774563591
5.0,C1_EW_MONTHLY,2025-09-15,1987.4626253919096
5.0,C1_EW_MONTHLY,2025-09-16,1995.69008957007
5.0,C1_EW_MONTHLY,2025-09-17,1982.8111965913304
5.0,C1_EW_MONTHLY,2025-09-18,2003.2629366111921
5.0,C1_EW_MONTHLY,2025-09-19,2011.4760422691359
5.0,C1_EW_MONTHLY,2025-09-22,2026.6119451263553
5.0,C1_EW_MONTHLY,2025-09-23,2025.489365669582
5.0,C1_EW_MONTHLY,2025-09-24,2026.1258426016088
5.0,C1_EW_MONTHLY,2025-09-25,1989.0269305024285
5.0,C1_EW_MONTHLY,2025-09-26,2001.7935000921161
5.0,C1_EW_MONTHLY,2025-09-29,2009.247180250492
5.0,C1_EW_MONTHLY,2025-09-30,2021.728745357474
5.0,C1_EW_MONTHLY,2025-10-01,2068.139258850148
5.0,C1_EW_MONTHLY,2025-10-02,2096.1754048140597
5.0,C1_EW_MONTHLY,2025-10-03,2091.026549459975
5.0,C1_EW_MONTHLY,2025-10-06,2125.7726228051124
5.0,C1_EW_MONTHLY,2025-10-07,2106.372070116396
5.0,C1_EW_MONTHLY,2025-10-08,2143.9387464560514
5.0,C1_EW_MONTHLY,2025-10-09,2150.2125423646853
5.0,C1_EW_MONTHLY,2025-10-10,2072.690553739971
5.0,C1_EW_MONTHLY,2025-10-13,2134.815139396589
5.0,C1_EW_MONTHLY,2025-10-14,2122.308153092767
5.0,C1_EW_MONTHLY,2025-10-15,2140.8196656257724
5.0,C1_EW_MONTHLY,2025-10-16,2114.6853778360623
5.0,C1_EW_MONTHLY,2025-10-17,2097.505693104816
5.0,C1_EW_MONTHLY,2025-10-20,2115.9728512392276
5.0,C1_EW_MONTHLY,2025-10-21,2084.6935327807532
5.0,C1_EW_MONTHLY,2025-10-22,2053.184138441963
5.0,C1_EW_MONTHLY,2025-10-23,2079.718036686073
5.0,C1_EW_MONTHLY,2025-10-24,2099.3344725450893
5.0,C1_EW_MONTHLY,2025-10-27,2133.5774474335713
5.0,C1_EW_MONTHLY,2025-10-28,2127.0777875603126
5.0,C1_EW_MONTHLY,2025-10-29,2146.2108486544284
5.0,C1_EW_MONTHLY,2025-10-30,2095.6845889884344
5.0,C1_EW_MONTHLY,2025-10-31,2117.338655702266
5.0,C1_EW_MONTHLY,2025-11-03,2108.694274207479
5.0,C1_EW_MONTHLY,2025-11-04,2050.196448759618
5.0,C1_EW_MONTHLY,2025-11-05,2068.123170694739
5.0,C1_EW_MONTHLY,2025-11-06,2018.7015217067765
5.0,C1_EW_MONTHLY,2025-11-07,2027.405661572736
5.0,C1_EW_MONTHLY,2025-11-10,2064.973819228754
5.0,C1_EW_MONTHLY,2025-11-11,2044.991225904071
5.0,C1_EW_MONTHLY,2025-11-12,2027.092144752868
5.0,C1_EW_MONTHLY,2025-11-13,1973.074093632796
5.0,C1_EW_MONTHLY,2025-11-14,1974.053647936831
5.0,C1_EW_MONTHLY,2025-11-17,1952.8733325864353
5.0,C1_EW_MONTHLY,2025-11-18,1951.670294250575
5.0,C1_EW_MONTHLY,2025-11-19,1946.0750369658228
5.0,C1_EW_MONTHLY,2025-11-20,1903.0389016790562
5.0,C1_EW_MONTHLY,2025-11-21,1891.1849380269512
5.0,C1_EW_MONTHLY,2025-11-24,1950.6242013786957
5.0,C1_EW_MONTHLY,2025-11-25,1957.5525157656193
5.0,C1_EW_MONTHLY,2025-11-26,1983.1170134837812
5.0,C1_EW_MONTHLY,2025-11-28,1998.1413265907167
5.0,C1_EW_MONTHLY,2025-12-01,1969.1733409013873
5.0,C1_EW_MONTHLY,2025-12-02,1993.1539899497425
5.0,C1_EW_MONTHLY,2025-12-03,2021.2406920908716
5.0,C1_EW_MONTHLY,2025-12-04,2055.300277350628
5.0,C1_EW_MONTHLY,2025-12-05,2053.511231695227
5.0,C1_EW_MONTHLY,2025-12-08,2056.0575768268163
5.0,C1_EW_MONTHLY,2025-12-09,2059.3622421786386
5.0,C1_EW_MONTHLY,2025-12-10,2079.469071083162
5.0,C1_EW_MONTHLY,2025-12-11,2095.8336695871544
5.0,C1_EW_MONTHLY,2025-12-12,2046.418850839099
5.0,C1_EW_MONTHLY,2025-12-15,2013.0872110682985
5.0,C1_EW_MONTHLY,2025-12-16,2026.9046994745916
5.0,C1_EW_MONTHLY,2025-12-17,1968.1955311526697
5.0,C1_EW_MONTHLY,2025-12-18,1996.5632509158884
5.0,C1_EW_MONTHLY,2025-12-19,2042.8523092247178
5.0,C1_EW_MONTHLY,2025-12-22,2080.0639256760496
5.0,C1_EW_MONTHLY,2025-12-23,2080.3632652057718
5.0,C1_EW_MONTHLY,2025-12-24,2066.914129114036
5.0,C1_EW_MONTHLY,2025-12-26,2045.869943755494
5.0,C1_EW_MONTHLY,2025-12-29,2029.2607048852924
5.0,C1_EW_MONTHLY,2025-12-30,2034.8469561588495
5.0,C1_EW_MONTHLY,2025-12-31,2013.962063649248
5.0,C1_EW_MONTHLY,2026-01-02,2047.2992543678981
5.0,C1_EW_MONTHLY,2026-01-05,2081.121838061135
5.0,C1_EW_MONTHLY,2026-01-06,2096.951766952483
5.0,C1_EW_MONTHLY,2026-01-07,2062.7134780502674
5.0,C1_EW_MONTHLY,2026-01-08,2067.360498337244
5.0,C1_EW_MONTHLY,2026-01-09,2100.1798514467673
5.0,C1_EW_MONTHLY,2026-01-12,2125.940538640964
5.0,C1_EW_MONTHLY,2026-01-13,2134.287885731308
5.0,C1_EW_MONTHLY,2026-01-14,2134.1369335399427
5.0,C1_EW_MONTHLY,2026-01-15,2139.8068007617967
5.0,C1_EW_MONTHLY,2026-01-16,2156.9921143907823
5.0,C1_EW_MONTHLY,2026-01-20,2103.6229298316694
5.0,C1_EW_MONTHLY,2026-01-21,2118.3984420671773
5.0,C1_EW_MONTHLY,2026-01-22,2148.239323638441
5.0,C1_EW_MONTHLY,2026-01-23,2153.160520743065
5.0,C1_EW_MONTHLY,2026-01-26,2132.997902907152
5.0,C1_EW_MONTHLY,2026-01-27,2164.0571531351766
5.0,C1_EW_MONTHLY,2026-01-28,2181.464343418724
5.0,C1_EW_MONTHLY,2026-01-29,2178.8601053583507
5.0,C1_EW_MONTHLY,2026-01-30,2142.7169801337336
5.0,C1_EW_MONTHLY,2026-02-02,2104.1821132026203
5.0,C1_EW_MONTHLY,2026-02-03,2109.5787083073155
5.0,C1_EW_MONTHLY,2026-02-04,2046.6298167179582
5.0,C1_EW_MONTHLY,2026-02-05,1972.2256923370635
5.0,C1_EW_MONTHLY,2026-02-06,2071.871357612587
5.0,C1_EW_MONTHLY,2026-02-09,2103.910249464318
5.0,C1_EW_MONTHLY,2026-02-10,2083.1518611281404
5.0,C1_EW_MONTHLY,2026-02-11,2083.721334886732
5.0,C1_EW_MONTHLY,2026-02-12,2040.283019087336
5.0,C1_EW_MONTHLY,2026-02-13,2065.428166133321
5.0,C1_EW_MONTHLY,2026-02-17,2053.0394009112506
5.0,C1_EW_MONTHLY,2026-02-18,2057.4956311871383
5.0,C1_EW_MONTHLY,2026-02-19,2070.4443635007733
5.0,C1_EW_MONTHLY,2026-02-20,2066.9810093702717
5.0,C1_EW_MONTHLY,2026-02-23,2057.2028085698776
5.0,C1_EW_MONTHLY,2026-02-24,2064.0368343488053
5.0,C1_EW_MONTHLY,2026-02-25,2089.3466808466815
5.0,C1_EW_MONTHLY,2026-02-26,2070.501291897927
5.0,C1_EW_MONTHLY,2026-02-27,2059.3096328970446
5.0,C1_EW_MONTHLY,2026-03-02,2094.449925400893
5.0,C1_EW_MONTHLY,2026-03-03,2079.476148007126
5.0,C1_EW_MONTHLY,2026-03-04,2140.4680958015983
5.0,C1_EW_MONTHLY,2026-03-05,2117.109251113282
5.0,C1_EW_MONTHLY,2026-03-06,2101.5877695129566
5.0,C1_EW_MONTHLY,2026-03-09,2123.689388766571
5.0,C1_EW_MONTHLY,2026-03-10,2121.4517852268214
5.0,C1_EW_MONTHLY,2026-03-11,2123.8896389186984
5.0,C1_EW_MONTHLY,2026-03-12,2115.6520910695776
5.0,C1_EW_MONTHLY,2026-03-13,2103.038464964766
5.0,C1_EW_MONTHLY,2026-03-16,2127.5990230273324
5.0,C1_EW_MONTHLY,2026-03-17,2138.721881912302
5.0,C1_EW_MONTHLY,2026-03-18,2105.9386982303695
5.0,C1_EW_MONTHLY,2026-03-19,2092.084454457491
5.0,C1_EW_MONTHLY,2026-03-20,2040.4257000011792
5.0,C1_EW_MONTHLY,2026-03-23,2054.217495461246
5.0,C1_EW_MONTHLY,2026-03-24,2045.3471349535205
5.0,C1_EW_MONTHLY,2026-03-25,2075.198141479649
5.0,C1_EW_MONTHLY,2026-03-26,2015.3368755828812
5.0,C1_EW_MONTHLY,2026-03-27,1981.6556185530744
5.0,C1_EW_MONTHLY,2026-03-30,1956.7147091457944
5.0,C1_EW_MONTHLY,2026-03-31,2026.6573303929106
5.0,C1_EW_MONTHLY,2026-04-01,2046.4341055882112
5.0,C1_EW_MONTHLY,2026-04-02,2065.160203493452
5.0,C1_EW_MONTHLY,2026-04-06,2083.8602324933236
5.0,C1_EW_MONTHLY,2026-04-07,2081.291490079467
5.0,C1_EW_MONTHLY,2026-04-08,2115.2446213643934
5.0,C1_EW_MONTHLY,2026-04-09,2113.7079501718786
5.0,C1_EW_MONTHLY,2026-04-10,2125.9416641386647
5.0,C1_EW_MONTHLY,2026-04-13,2152.0376776973526
5.0,C1_EW_MONTHLY,2026-04-14,2167.9714155847505
5.0,C1_EW_MONTHLY,2026-04-15,2193.276702214414
5.0,C1_EW_MONTHLY,2026-04-16,2212.141937099112
5.0,C1_EW_MONTHLY,2026-04-17,2239.943933827783
5.0,C1_EW_MONTHLY,2026-04-20,2223.8075574779177
5.0,C1_EW_MONTHLY,2026-04-21,2206.751877205093
5.0,C1_EW_MONTHLY,2026-04-22,2262.203769146574
5.0,C1_EW_MONTHLY,2026-04-23,2227.4709955411836
5.0,C1_EW_MONTHLY,2026-04-24,2240.3589328918847
5.0,C1_EW_MONTHLY,2026-04-27,2240.2198096595826
5.0,C1_EW_MONTHLY,2026-04-28,2204.7853713972554
5.0,C1_EW_MONTHLY,2026-04-29,2191.8309207594143
5.0,C1_EW_MONTHLY,2026-04-30,2222.7496596484943
5.0,C1_EW_MONTHLY,2026-05-01,2239.6939691154494
5.0,C1_EW_MONTHLY,2026-05-04,2250.575088638281
5.0,C1_EW_MONTHLY,2026-05-05,2243.231274752937
5.0,C1_EW_MONTHLY,2026-05-06,2269.5643607294014
5.0,C1_EW_MONTHLY,2026-05-07,2249.640694867597
5.0,C1_EW_MONTHLY,2026-05-08,2286.9877576796475
5.0,C1_EW_MONTHLY,2026-05-11,2328.192887607501
5.0,C1_EW_MONTHLY,2026-05-12,2296.243724834925
5.0,C1_EW_MONTHLY,2026-05-13,2299.958634499274
5.0,C1_EW_MONTHLY,2026-05-14,2342.053823245543
5.0,C1_EW_MONTHLY,2026-05-15,2302.1059226367975
5.0,C1_EW_MONTHLY,2026-05-18,2286.520448273276
5.0,C1_EW_MONTHLY,2026-05-19,2283.1441381457353
5.0,C1_EW_MONTHLY,2026-05-20,2304.856376782349
5.0,C1_EW_MONTHLY,2026-05-21,2311.531562956628
5.0,C1_EW_MONTHLY,2026-05-22,2335.268595113405
5.0,C1_EW_MONTHLY,2026-05-26,2379.4376970800863
5.0,C1_EW_MONTHLY,2026-05-27,2383.3131976831364
5.0,C1_EW_MONTHLY,2026-05-28,2410.4424354721627
5.0,C1_EW_MONTHLY,2026-05-29,2384.7451518777784
5.0,C1_EW_MONTHLY,2026-06-01,2356.7636381119423
5.0,C1_EW_MONTHLY,2026-06-02,2365.03853079003
5.0,C1_EW_MONTHLY,2026-06-03,2336.920332912166
5.0,C1_EW_MONTHLY,2026-06-04,2321.939749128937
5.0,C1_EW_MONTHLY,2026-06-05,2217.293259605682
5.0,C1_EW_MONTHLY,2026-06-08,2251.3735218213724
5.0,C1_EW_MONTHLY,2026-06-09,2215.1588651147185
5.0,C1_EW_MONTHLY,2026-06-10,2173.984741243394
5.0,C1_EW_MONTHLY,2026-06-11,2238.3020998537218
5.0,C1_EW_MONTHLY,2026-06-12,2216.742060321326
5.0,C1_EW_MONTHLY,2026-06-15,2270.3491415068875
5.0,C1_EW_MONTHLY,2026-06-16,2231.8022542241347
5.0,C1_EW_MONTHLY,2026-06-17,2207.5352207281403
5.0,C1_EW_MONTHLY,2026-06-18,2213.682076955667
5.0,C1_EW_MONTHLY,2026-06-22,2187.505327857238
5.0,C1_EW_MONTHLY,2026-06-23,2139.0412969314693
5.0,C1_EW_MONTHLY,2026-06-24,2100.060031279651
5.0,C1_EW_MONTHLY,2026-06-25,2091.635878947973
5.0,C1_EW_MONTHLY,2026-06-26,2094.037219752923
5.0,C1_EW_MONTHLY,2026-06-29,2152.3503193372467
5.0,C1_EW_MONTHLY,2026-06-30,2155.170768759583
5.0,C1_EW_MONTHLY,2026-07-01,2155.2442263459475
5.0,C1_EW_MONTHLY,2026-07-02,2152.5185866543593
5.0,C1_EW_MONTHLY,2026-07-06,2176.816717534072
5.0,C1_EW_MONTHLY,2026-07-07,2161.4157280583345
5.0,C1_EW_MONTHLY,2026-07-08,2160.5832543361034
5.0,C1_EW_MONTHLY,2026-07-09,2174.150564968429
5.0,C1_EW_MONTHLY,2026-07-10,2187.794621438114
5.0,C1_EW_MONTHLY,2026-07-13,2156.8439017068276
5.0,C1_EW_MONTHLY,2026-07-14,2186.6074662923993
5.0,C1_EW_MONTHLY,2026-07-15,2188.5748059680495
5.0,C1_EW_MONTHLY,2026-07-16,2136.931138984797
5.0,C1_EW_MONTHLY,2026-07-17,2133.5364587011113
5.0,C1_EW_MONTHLY,2026-07-20,2139.3103358069798
5.0,C1_EW_MONTHLY,2026-07-21,2180.199795127644
5.0,C1_EW_MONTHLY,2026-07-22,2175.996982480727
5.0,C1_EW_MONTHLY,2026-07-23,2155.4341209614386
5.0,C1_EW_MONTHLY,2026-07-24,2129.066252030725
5.0,C1_EW_MONTHLY,2026-07-27,2123.7871783042706
5.0,C1_EW_MONTHLY,2026-07-28,2090.5164893562733
5.0,C1_EW_MONTHLY,2026-07-29,2064.27095590945
5.0,C1_EW_MONTHLY,2026-07-30,2094.1666832396836
5.0,C1_EW_MONTHLY,2026-07-31,2097.2124177471455
5.0,C1_EW_MONTHLY,2026-08-03,2125.190085204296
5.0,C1_EW_MONTHLY,2026-08-04,2183.3274269603658
5.0,C1_EW_MONTHLY,2026-08-05,2183.2927480573258
5.0,C1_EW_MONTHLY,2026-08-06,2184.0274838267933
5.0,C1_EW_MONTHLY,2026-08-07,2227.4890964911388
5.0,C1_EW_MONTHLY,2026-08-10,2231.0299536549014
5.0,C1_EW_MONTHLY,2026-08-11,2234.3678906468986
5.0,C1_EW_MONTHLY,2026-08-12,2243.329447009147
5.0,C1_EW_MONTHLY,2026-08-13,2252.122629555053
5.0,C1_EW_MONTHLY,2026-08-14,2234.848097859122
5.0,C1_EW_MONTHLY,2026-08-17,2238.388097154284
5.0,C1_EW_MONTHLY,2026-08-18,2203.408052288132
5.0,C1_EW_MONTHLY,2026-08-19,2234.746507423448
5.0,C1_EW_MONTHLY,2026-08-20,2228.5183969499963
5.0,C1_EW_MONTHLY,2026-08-21,2266.5350739765627
5.0,C1_EW_MONTHLY,2026-08-24,2244.772342555233
5.0,C1_EW_MONTHLY,2026-08-25,2247.2047047595265
5.0,C1_EW_MONTHLY,2026-08-26,2234.627437488814
5.0,C1_EW_MONTHLY,2026-08-27,2289.0833686573874
5.0,C1_EW_MONTHLY,2026-08-28,2243.9985247830055
5.0,C2_TREND_SPY200,2024-11-22,1500.0
5.0,C2_TREND_SPY200,2024-11-25,1465.071386379799
5.0,C2_TREND_SPY200,2024-11-26,1461.4223085770343
5.0,C2_TREND_SPY200,2024-11-27,1464.5880378641295
5.0,C2_TREND_SPY200,2024-11-29,1482.9875459641933
5.0,C2_TREND_SPY200,2024-12-02,1484.2947829101438
5.0,C2_TREND_SPY200,2024-12-03,1495.6018517168075
5.0,C2_TREND_SPY200,2024-12-04,1517.2546221297337
5.0,C2_TREND_SPY200,2024-12-05,1514.0983970371126
5.0,C2_TREND_SPY200,2024-12-06,1544.1967024970686
5.0,C2_TREND_SPY200,2024-12-09,1514.5213684558385
5.0,C2_TREND_SPY200,2024-12-10,1502.564733638994
5.0,C2_TREND_SPY200,2024-12-11,1538.4162334486432
5.0,C2_TREND_SPY200,2024-12-12,1521.2741964566335
5.0,C2_TREND_SPY200,2024-12-13,1558.7964886373234
5.0,C2_TREND_SPY200,2024-12-16,1585.906406777146
5.0,C2_TREND_SPY200,2024-12-17,1573.8321036693799
5.0,C2_TREND_SPY200,2024-12-18,1509.721481706073
5.0,C2_TREND_SPY200,2024-12-19,1496.922707520629
5.0,C2_TREND_SPY200,2024-12-20,1519.619564307812
5.0,C2_TREND_SPY200,2024-12-23,1528.4937660866012
5.0,C2_TREND_SPY200,2024-12-24,1563.1787193723474
5.0,C2_TREND_SPY200,2024-12-26,1560.4563041162203
5.0,C2_TREND_SPY200,2024-12-27,1529.8852239775902
5.0,C2_TREND_SPY200,2024-12-30,1504.5878082109723
5.0,C2_TREND_SPY200,2024-12-31,1486.1902048371242
5.0,C2_TREND_SPY200,2025-01-02,1501.8227395991837
5.0,C2_TREND_SPY200,2025-01-03,1554.4604096800795
5.0,C2_TREND_SPY200,2025-01-06,1573.4367258302075
5.0,C2_TREND_SPY200,2025-01-07,1528.8879990759199
5.0,C2_TREND_SPY200,2025-01-08,1519.236583094216
5.0,C2_TREND_SPY200,2025-01-10,1520.6170533937054
5.0,C2_TREND_SPY200,2025-01-13,1510.196008342969
5.0,C2_TREND_SPY200,2025-01-14,1509.1651709862037
5.0,C2_TREND_SPY200,2025-01-15,1547.5135473814657
5.0,C2_TREND_SPY200,2025-01-16,1547.6082607659682
5.0,C2_TREND_SPY200,2025-01-17,1569.6375839162947
5.0,C2_TREND_SPY200,2025-01-21,1598.9199793952205
5.0,C2_TREND_SPY200,2025-01-22,1601.5986118678998
5.0,C2_TREND_SPY200,2025-01-23,1595.3474123849903
5.0,C2_TREND_SPY200,2025-01-24,1593.5444255121774
5.0,C2_TREND_SPY200,2025-01-27,1510.8019434082114
5.0,C2_TREND_SPY200,2025-01-28,1529.125282132097
5.0,C2_TREND_SPY200,2025-01-29,1518.9453913124848
5.0,C2_TREND_SPY200,2025-01-30,1551.7654664258519
5.0,C2_TREND_SPY200,2025-01-31,1550.9498500418258
5.0,C2_TREND_SPY200,2025-02-03,1552.0497018770648
5.0,C2_TREND_SPY200,2025-02-04,1592.0571296083285
5.0,C2_TREND_SPY200,2025-02-05,1604.3217680692378
5.0,C2_TREND_SPY200,2025-02-06,1625.1960104116433
5.0,C2_TREND_SPY200,2025-02-07,1612.1899210085385
5.0,C2_TREND_SPY200,2025-02-10,1652.8780830854755
5.0,C2_TREND_SPY200,2025-02-11,1625.0013181769207
5.0,C2_TREND_SPY200,2025-02-12,1628.2381591143612
5.0,C2_TREND_SPY200,2025-02-13,1649.6747626525573
5.0,C2_TREND_SPY200,2025-02-14,1660.0904177447683
5.0,C2_TREND_SPY200,2025-02-18,1659.6046455324026
5.0,C2_TREND_SPY200,2025-02-19,1651.9120912842964
5.0,C2_TREND_SPY200,2025-02-20,1642.6093741032514
5.0,C2_TREND_SPY200,2025-02-21,1586.154457623254
5.0,C2_TREND_SPY200,2025-02-24,1552.2923160383007
5.0,C2_TREND_SPY200,2025-02-25,1511.0091443562435
5.0,C2_TREND_SPY200,2025-02-26,1530.1321028698385
5.0,C2_TREND_SPY200,2025-02-27,1476.7333734399444
5.0,C2_TREND_SPY200,2025-02-28,1502.6648475376608
5.0,C2_TREND_SPY200,2025-03-03,1468.1651822658139
5.0,C2_TREND_SPY200,2025-03-04,1484.8898545509871
5.0,C2_TREND_SPY200,2025-03-05,1537.4802100381687
5.0,C2_TREND_SPY200,2025-03-06,1481.984538729094
5.0,C2_TREND_SPY200,2025-03-07,1490.6393258583255
5.0,C2_TREND_SPY200,2025-03-10,1397.1172151034757
5.0,C2_TREND_SPY200,2025-03-11,1417.962688595313
5.0,C2_TREND_SPY200,2025-03-12,1450.3859039238687
5.0,C2_TREND_SPY200,2025-03-13,1450.3859039238687
5.0,C2_TREND_SPY200,2025-03-14,1450.3859039238687
5.0,C2_TREND_SPY200,2025-03-17,1450.3859039238687
5.0,C2_TREND_SPY200,2025-03-18,1450.3859039238687
5.0,C2_TREND_SPY200,2025-03-19,1450.3859039238687
5.0,C2_TREND_SPY200,2025-03-20,1450.3859039238687
5.0,C2_TREND_SPY200,2025-03-21,1450.3859039238687
5.0,C2_TREND_SPY200,2025-03-24,1450.3859039238687
5.0,C2_TREND_SPY200,2025-03-25,1450.3859039238687
5.0,C2_TREND_SPY200,2025-03-26,1417.2164699023342
5.0,C2_TREND_SPY200,2025-03-27,1398.4444990031495
5.0,C2_TREND_SPY200,2025-03-28,1392.350309452354
5.0,C2_TREND_SPY200,2025-03-31,1392.350309452354
5.0,C2_TREND_SPY200,2025-04-01,1392.350309452354
5.0,C2_TREND_SPY200,2025-04-02,1392.350309452354
5.0,C2_TREND_SPY200,2025-04-03,1392.350309452354
5.0,C2_TREND_SPY200,2025-04-04,1392.350309452354
5.0,C2_TREND_SPY200,2025-04-07,1392.350309452354
5.0,C2_TREND_SPY200,2025-04-08,1392.350309452354
5.0,C2_TREND_SPY200,2025-04-09,1392.350309452354
5.0,C2_TREND_SPY200,2025-04-10,1392.350309452354
5.0,C2_TREND_SPY200,2025-04-11,1392.350309452354
5.0,C2_TREND_SPY200,2025-04-14,1392.350309452354
5.0,C2_TREND_SPY200,2025-04-15,1392.350309452354
5.0,C2_TREND_SPY200,2025-04-16,1392.350309452354
5.0,C2_TREND_SPY200,2025-04-17,1392.350309452354
5.0,C2_TREND_SPY200,2025-04-21,1392.350309452354
5.0,C2_TREND_SPY200,2025-04-22,1392.350309452354
5.0,C2_TREND_SPY200,2025-04-23,1392.350309452354
5.0,C2_TREND_SPY200,2025-04-24,1392.350309452354
5.0,C2_TREND_SPY200,2025-04-25,1392.350309452354
5.0,C2_TREND_SPY200,2025-04-28,1392.350309452354
5.0,C2_TREND_SPY200,2025-04-29,1392.350309452354
5.0,C2_TREND_SPY200,2025-04-30,1392.350309452354
5.0,C2_TREND_SPY200,2025-05-01,1392.350309452354
5.0,C2_TREND_SPY200,2025-05-02,1392.350309452354
5.0,C2_TREND_SPY200,2025-05-05,1392.350309452354
5.0,C2_TREND_SPY200,2025-05-06,1392.350309452354
5.0,C2_TREND_SPY200,2025-05-07,1392.350309452354
5.0,C2_TREND_SPY200,2025-05-08,1392.350309452354
5.0,C2_TREND_SPY200,2025-05-09,1392.350309452354
5.0,C2_TREND_SPY200,2025-05-12,1392.350309452354
5.0,C2_TREND_SPY200,2025-05-13,1392.350309452354
5.0,C2_TREND_SPY200,2025-05-14,1385.7091782698596
5.0,C2_TREND_SPY200,2025-05-15,1379.2839580104155
5.0,C2_TREND_SPY200,2025-05-16,1389.6056657393533
5.0,C2_TREND_SPY200,2025-05-19,1386.2623670334297
5.0,C2_TREND_SPY200,2025-05-20,1389.3281111077488
5.0,C2_TREND_SPY200,2025-05-21,1366.1372834320046
5.0,C2_TREND_SPY200,2025-05-22,1371.307297416452
5.0,C2_TREND_SPY200,2025-05-23,1363.1357053914865
5.0,C2_TREND_SPY200,2025-05-27,1388.4012047895449
5.0,C2_TREND_SPY200,2025-05-28,1380.8457160828234
5.0,C2_TREND_SPY200,2025-05-29,1380.528190923904
5.0,C2_TREND_SPY200,2025-05-30,1380.8282274721441
5.0,C2_TREND_SPY200,2025-06-02,1403.89860276254
5.0,C2_TREND_SPY200,2025-06-03,1425.0452917303053
5.0,C2_TREND_SPY200,2025-06-04,1435.381636658921
5.0,C2_TREND_SPY200,2025-06-05,1414.720735297737
5.0,C2_TREND_SPY200,2025-06-06,1428.1991303179584
5.0,C2_TREND_SPY200,2025-06-09,1454.8316596670563
5.0,C2_TREND_SPY200,2025-06-10,1467.4099896932576
5.0,C2_TREND_SPY200,2025-06-11,1472.119701937281
5.0,C2_TREND_SPY200,2025-06-12,1477.581330198463
5.0,C2_TREND_SPY200,2025-06-13,1486.2842906869569
5.0,C2_TREND_SPY200,2025-06-16,1506.7880579058638
5.0,C2_TREND_SPY200,2025-06-17,1492.238988672237
5.0,C2_TREND_SPY200,2025-06-18,1508.1193946681221
5.0,C2_TREND_SPY200,2025-06-20,1508.8994938480337
5.0,C2_TREND_SPY200,2025-06-23,1531.3915797676812
5.0,C2_TREND_SPY200,2025-06-24,1551.874043011653
5.0,C2_TREND_SPY200,2025-06-25,1547.5471477212227
5.0,C2_TREND_SPY200,2025-06-26,1557.336647208043
5.0,C2_TREND_SPY200,2025-06-27,1544.5141053120574
5.0,C2_TREND_SPY200,2025-06-30,1548.3194825534845
5.0,C2_TREND_SPY200,2025-07-01,1514.7311729758999
5.0,C2_TREND_SPY200,2025-07-02,1539.2867288767256
5.0,C2_TREND_SPY200,2025-07-03,1547.003224405628
5.0,C2_TREND_SPY200,2025-07-07,1540.7408099604706
5.0,C2_TREND_SPY200,2025-07-08,1539.8682075387096
5.0,C2_TREND_SPY200,2025-07-09,1553.5131415081646
5.0,C2_TREND_SPY200,2025-07-10,1559.4515592924504
5.0,C2_TREND_SPY200,2025-07-11,1572.2542518486794
5.0,C2_TREND_SPY200,2025-07-14,1587.3453909735827
5.0,C2_TREND_SPY200,2025-07-15,1584.7177711489119
5.0,C2_TREND_SPY200,2025-07-16,1596.8705235081354
5.0,C2_TREND_SPY200,2025-07-17,1606.0253299250355
5.0,C2_TREND_SPY200,2025-07-18,1606.0164048651964
5.0,C2_TREND_SPY200,2025-07-21,1603.0667432548369
5.0,C2_TREND_SPY200,2025-07-22,1590.4006506455976
5.0,C2_TREND_SPY200,2025-07-23,1607.1078491503533
5.0,C2_TREND_SPY200,2025-07-24,1606.4567455136885
5.0,C2_TREND_SPY200,2025-07-25,1594.2890780449477
5.0,C2_TREND_SPY200,2025-07-28,1605.5827048729032
5.0,C2_TREND_SPY200,2025-07-29,1596.1014953690492
5.0,C2_TREND_SPY200,2025-07-30,1605.72690752026
5.0,C2_TREND_SPY200,2025-07-31,1601.5492693109275
5.0,C2_TREND_SPY200,2025-08-01,1578.4133990029168
5.0,C2_TREND_SPY200,2025-08-04,1606.2913268077682
5.0,C2_TREND_SPY200,2025-08-05,1602.6878636354259
5.0,C2_TREND_SPY200,2025-08-06,1614.2884122649184
5.0,C2_TREND_SPY200,2025-08-07,1606.044640311386
5.0,C2_TREND_SPY200,2025-08-08,1605.853590105781
5.0,C2_TREND_SPY200,2025-08-11,1606.2860547716775
5.0,C2_TREND_SPY200,2025-08-12,1630.7351781850289
5.0,C2_TREND_SPY200,2025-08-13,1629.680851363669
5.0,C2_TREND_SPY200,2025-08-14,1617.7573873028832
5.0,C2_TREND_SPY200,2025-08-15,1604.7299382803897
5.0,C2_TREND_SPY200,2025-08-18,1603.4652097510757
5.0,C2_TREND_SPY200,2025-08-19,1562.6637886131402
5.0,C2_TREND_SPY200,2025-08-20,1565.198422341041
5.0,C2_TREND_SPY200,2025-08-21,1552.746681690931
5.0,C2_TREND_SPY200,2025-08-22,1583.4884481217352
5.0,C2_TREND_SPY200,2025-08-25,1579.7462102623394
5.0,C2_TREND_SPY200,2025-08-26,1597.944426237454
5.0,C2_TREND_SPY200,2025-08-27,1589.806951583764
5.0,C2_TREND_SPY200,2025-08-28,1596.1559874368295
5.0,C2_TREND_SPY200,2025-08-29,1573.0124976408836
5.0,C2_TREND_SPY200,2025-09-02,1575.3210375188798
5.0,C2_TREND_SPY200,2025-09-03,1569.376105562174
5.0,C2_TREND_SPY200,2025-09-04,1570.1137979601476
5.0,C2_TREND_SPY200,2025-09-05,1582.8083312842602
5.0,C2_TREND_SPY200,2025-09-08,1587.905651190329
5.0,C2_TREND_SPY200,2025-09-09,1588.1722392095276
5.0,C2_TREND_SPY200,2025-09-10,1617.0663746032283
5.0,C2_TREND_SPY200,2025-09-11,1620.6895722975446
5.0,C2_TREND_SPY200,2025-09-12,1641.959073751937
5.0,C2_TREND_SPY200,2025-09-15,1655.6038810838947
5.0,C2_TREND_SPY200,2025-09-16,1662.4575554377232
5.0,C2_TREND_SPY200,2025-09-17,1651.7291296916235
5.0,C2_TREND_SPY200,2025-09-18,1668.7659180665119
5.0,C2_TREND_SPY200,2025-09-19,1675.6076314297316
5.0,C2_TREND_SPY200,2025-09-22,1688.2162003627852
5.0,C2_TREND_SPY200,2025-09-23,1687.281064837863
5.0,C2_TREND_SPY200,2025-09-24,1687.8112653384517
5.0,C2_TREND_SPY200,2025-09-25,1656.9069846386917
5.0,C2_TREND_SPY200,2025-09-26,1667.5418423164037
5.0,C2_TREND_SPY200,2025-09-29,1673.7509360829501
5.0,C2_TREND_SPY200,2025-09-30,1684.1483782129858
5.0,C2_TREND_SPY200,2025-10-01,1722.8094454853403
5.0,C2_TREND_SPY200,2025-10-02,1746.164225331494
5.0,C2_TREND_SPY200,2025-10-03,1741.8751057282102
5.0,C2_TREND_SPY200,2025-10-06,1770.8194154966982
5.0,C2_TREND_SPY200,2025-10-07,1754.6582912993172
5.0,C2_TREND_SPY200,2025-10-08,1785.9522307942
5.0,C2_TREND_SPY200,2025-10-09,1791.1784527732998
5.0,C2_TREND_SPY200,2025-10-10,1726.6007829360572
5.0,C2_TREND_SPY200,2025-10-13,1778.352047996221
5.0,C2_TREND_SPY200,2025-10-14,1767.9334294014748
5.0,C2_TREND_SPY200,2025-10-15,1783.3539618949267
5.0,C2_TREND_SPY200,2025-10-16,1761.5834753754755
5.0,C2_TREND_SPY200,2025-10-17,1747.272387280805
5.0,C2_TREND_SPY200,2025-10-20,1762.6559714998505
5.0,C2_TREND_SPY200,2025-10-21,1736.5995514314238
5.0,C2_TREND_SPY200,2025-10-22,1710.3514726542862
5.0,C2_TREND_SPY200,2025-10-23,1732.454844235712
5.0,C2_TREND_SPY200,2025-10-24,1748.7958042750568
5.0,C2_TREND_SPY200,2025-10-27,1777.3210210016105
5.0,C2_TREND_SPY200,2025-10-28,1771.9066489402637
5.0,C2_TREND_SPY200,2025-10-29,1787.8449462444394
5.0,C2_TREND_SPY200,2025-10-30,1745.7553640148478
5.0,C2_TREND_SPY200,2025-10-31,1763.7937192697548
5.0,C2_TREND_SPY200,2025-11-03,1756.592742823963
5.0,C2_TREND_SPY200,2025-11-04,1707.8626557224006
5.0,C2_TREND_SPY200,2025-11-05,1722.7960436672663
5.0,C2_TREND_SPY200,2025-11-06,1681.6266285403267
5.0,C2_TREND_SPY200,2025-11-07,1688.8773851379447
5.0,C2_TREND_SPY200,2025-11-10,1720.1725586047714
5.0,C2_TREND_SPY200,2025-11-11,1703.526580642825
5.0,C2_TREND_SPY200,2025-11-12,1688.6162181317698
5.0,C2_TREND_SPY200,2025-11-13,1643.6178901429128
5.0,C2_TREND_SPY200,2025-11-14,1644.4338822963116
5.0,C2_TREND_SPY200,2025-11-17,1626.790173253088
5.0,C2_TREND_SPY200,2025-11-18,1625.7880135583614
5.0,C2_TREND_SPY200,2025-11-19,1621.1270304747316
5.0,C2_TREND_SPY200,2025-11-20,1585.2769009189253
5.0,C2_TREND_SPY200,2025-11-21,1575.4022658048273
5.0,C2_TREND_SPY200,2025-11-24,1624.9165931872155
5.0,C2_TREND_SPY200,2025-11-25,1630.688044706259
5.0,C2_TREND_SPY200,2025-11-26,1651.9838824741782
5.0,C2_TREND_SPY200,2025-11-28,1664.499494477477
5.0,C2_TREND_SPY200,2025-12-01,1640.3684698626219
5.0,C2_TREND_SPY200,2025-12-02,1660.344923823631
5.0,C2_TREND_SPY200,2025-12-03,1683.7418181740497
5.0,C2_TREND_SPY200,2025-12-04,1712.1142669555918
5.0,C2_TREND_SPY200,2025-12-05,1710.6239491540507
5.0,C2_TREND_SPY200,2025-12-08,1712.745115523963
5.0,C2_TREND_SPY200,2025-12-09,1715.4979807664386
5.0,C2_TREND_SPY200,2025-12-10,1732.2474499364837
5.0,C2_TREND_SPY200,2025-12-11,1745.8795517176416
5.0,C2_TREND_SPY200,2025-12-12,1704.7158263438346
5.0,C2_TREND_SPY200,2025-12-15,1676.9497735575358
5.0,C2_TREND_SPY200,2025-12-16,1688.460071733724
5.0,C2_TREND_SPY200,2025-12-17,1639.5539309655096
5.0,C2_TREND_SPY200,2025-12-18,1663.1849197133981
5.0,C2_TREND_SPY200,2025-12-19,1701.74481191399
5.0,C2_TREND_SPY200,2025-12-22,1732.742978033507
5.0,C2_TREND_SPY200,2025-12-23,1732.992335018055
5.0,C2_TREND_SPY200,2025-12-24,1721.7888831260664
5.0,C2_TREND_SPY200,2025-12-26,1704.2585736205076
5.0,C2_TREND_SPY200,2025-12-29,1690.4226805656972
5.0,C2_TREND_SPY200,2025-12-30,1695.0761614266955
5.0,C2_TREND_SPY200,2025-12-31,1677.6785466725073
5.0,C2_TREND_SPY200,2026-01-02,1705.4492235310709
5.0,C2_TREND_SPY200,2026-01-05,1733.6242443417218
5.0,C2_TREND_SPY200,2026-01-06,1746.8109535532371
5.0,C2_TREND_SPY200,2026-01-07,1718.2896403652712
5.0,C2_TREND_SPY200,2026-01-08,1722.1607193603174
5.0,C2_TREND_SPY200,2026-01-09,1749.50002511057
5.0,C2_TREND_SPY200,2026-01-12,1770.9592934023149
5.0,C2_TREND_SPY200,2026-01-13,1777.9128330880249
5.0,C2_TREND_SPY200,2026-01-14,1777.7870863038138
5.0,C2_TREND_SPY200,2026-01-15,1782.5102212487443
5.0,C2_TREND_SPY200,2026-01-16,1796.8259983498012
5.0,C2_TREND_SPY200,2026-01-20,1752.368191718632
5.0,C2_TREND_SPY200,2026-01-21,1764.6765466479658
5.0,C2_TREND_SPY200,2026-01-22,1789.534714400734
5.0,C2_TREND_SPY200,2026-01-23,1793.6341892396067
5.0,C2_TREND_SPY200,2026-01-26,1776.838246555972
5.0,C2_TREND_SPY200,2026-01-27,1802.7113445272776
5.0,C2_TREND_SPY200,2026-01-28,1817.2119501859752
5.0,C2_TREND_SPY200,2026-01-29,1815.0425576223438
5.0,C2_TREND_SPY200,2026-01-30,1784.934470239026
5.0,C2_TREND_SPY200,2026-02-02,1752.8340048349926
5.0,C2_TREND_SPY200,2026-02-03,1757.3294975732326
5.0,C2_TREND_SPY200,2026-02-04,1704.8915659644715
5.0,C2_TREND_SPY200,2026-02-05,1642.9111515808968
5.0,C2_TREND_SPY200,2026-02-06,1725.9183729774813
5.0,C2_TREND_SPY200,2026-02-09,1752.6075358415592
5.0,C2_TREND_SPY200,2026-02-10,1735.3153020881596
5.0,C2_TREND_SPY200,2026-02-11,1735.7896873434368
5.0,C2_TREND_SPY200,2026-02-12,1699.6045318057083
5.0,C2_TREND_SPY200,2026-02-13,1720.5510404383167
5.0,C2_TREND_SPY200,2026-02-17,1710.230902830973
5.0,C2_TREND_SPY200,2026-02-18,1713.9430491855785
5.0,C2_TREND_SPY200,2026-02-19,1724.7296527672902
5.0,C2_TREND_SPY200,2026-02-20,1721.844595978413
5.0,C2_TREND_SPY200,2026-02-23,1713.6991209449102
5.0,C2_TREND_SPY200,2026-02-24,1719.3920277993418
5.0,C2_TREND_SPY200,2026-02-25,1740.4757350128339
5.0,C2_TREND_SPY200,2026-02-26,1724.7770754831026
5.0,C2_TREND_SPY200,2026-02-27,1715.4541559771449
5.0,C2_TREND_SPY200,2026-03-02,1744.7268597294087
5.0,C2_TREND_SPY200,2026-03-03,1732.2533451833335
5.0,C2_TREND_SPY200,2026-03-04,1783.0610958264344
5.0,C2_TREND_SPY200,2026-03-05,1763.602619762772
5.0,C2_TREND_SPY200,2026-03-06,1750.6728545187066
5.0,C2_TREND_SPY200,2026-03-09,1769.0840317388604
5.0,C2_TREND_SPY200,2026-03-10,1767.2200544960147
5.0,C2_TREND_SPY200,2026-03-11,1769.250844902949
5.0,C2_TREND_SPY200,2026-03-12,1762.3887706101411
5.0,C2_TREND_SPY200,2026-03-13,1751.8813185117401
5.0,C2_TREND_SPY200,2026-03-16,1772.3408505454322
5.0,C2_TREND_SPY200,2026-03-17,1781.6064579100348
5.0,C2_TREND_SPY200,2026-03-18,1754.2972821576652
5.0,C2_TREND_SPY200,2026-03-19,1742.7563658824038
5.0,C2_TREND_SPY200,2026-03-20,1699.7233884180025
5.0,C2_TREND_SPY200,2026-03-23,1711.2122837557445
5.0,C2_TREND_SPY200,2026-03-24,1706.7088730875619
5.0,C2_TREND_SPY200,2026-03-25,1706.7088730875619
5.0,C2_TREND_SPY200,2026-03-26,1706.7088730875619
5.0,C2_TREND_SPY200,2026-03-27,1706.7088730875619
5.0,C2_TREND_SPY200,2026-03-30,1706.7088730875619
5.0,C2_TREND_SPY200,2026-03-31,1706.7088730875619
5.0,C2_TREND_SPY200,2026-04-01,1706.7088730875619
5.0,C2_TREND_SPY200,2026-04-02,1706.7088730875619
5.0,C2_TREND_SPY200,2026-04-06,1706.7088730875619
5.0,C2_TREND_SPY200,2026-04-07,1706.7088730875619
5.0,C2_TREND_SPY200,2026-04-08,1706.7088730875619
5.0,C2_TREND_SPY200,2026-04-09,1706.7088730875619
5.0,C2_TREND_SPY200,2026-04-10,1709.9553655514687
5.0,C2_TREND_SPY200,2026-04-13,1730.9178532387123
5.0,C2_TREND_SPY200,2026-04-14,1743.7875368796729
5.0,C2_TREND_SPY200,2026-04-15,1764.1452833291478
5.0,C2_TREND_SPY200,2026-04-16,1779.2542849329354
5.0,C2_TREND_SPY200,2026-04-17,1801.4758967886228
5.0,C2_TREND_SPY200,2026-04-20,1788.604856977813
5.0,C2_TREND_SPY200,2026-04-21,1774.977125749161
5.0,C2_TREND_SPY200,2026-04-22,1819.4067359731919
5.0,C2_TREND_SPY200,2026-04-23,1791.449745779569
5.0,C2_TREND_SPY200,2026-04-24,1801.7583210866205
5.0,C2_TREND_SPY200,2026-04-27,1801.6948557645146
5.0,C2_TREND_SPY200,2026-04-28,1773.4096631840096
5.0,C2_TREND_SPY200,2026-04-29,1763.080211115374
5.0,C2_TREND_SPY200,2026-04-30,1787.8248258234944
5.0,C2_TREND_SPY200,2026-05-01,1801.4168516712687
5.0,C2_TREND_SPY200,2026-05-04,1810.2204219388448
5.0,C2_TREND_SPY200,2026-05-05,1804.3135219925687
5.0,C2_TREND_SPY200,2026-05-06,1825.4941927677478
5.0,C2_TREND_SPY200,2026-05-07,1809.4688546197342
5.0,C2_TREND_SPY200,2026-05-08,1839.5084725569932
5.0,C2_TREND_SPY200,2026-05-11,1872.6512759500472
5.0,C2_TREND_SPY200,2026-05-12,1846.953387793932
5.0,C2_TREND_SPY200,2026-05-13,1849.941426439704
5.0,C2_TREND_SPY200,2026-05-14,1883.80013691711
5.0,C2_TREND_SPY200,2026-05-15,1851.6685693632862
5.0,C2_TREND_SPY200,2026-05-18,1839.1325983926304
5.0,C2_TREND_SPY200,2026-05-19,1836.4169078233497
5.0,C2_TREND_SPY200,2026-05-20,1853.8808609189064
5.0,C2_TREND_SPY200,2026-05-21,1859.2499589747435
5.0,C2_TREND_SPY200,2026-05-22,1878.3425280622366
5.0,C2_TREND_SPY200,2026-05-26,1913.8693633153378
5.0,C2_TREND_SPY200,2026-05-27,1916.9865711669195
5.0,C2_TREND_SPY200,2026-05-28,1938.8076161634872
5.0,C2_TREND_SPY200,2026-05-29,1918.1383446578413
5.0,C2_TREND_SPY200,2026-06-01,1895.6317827077899
5.0,C2_TREND_SPY200,2026-06-02,1902.2875836143437
5.0,C2_TREND_SPY200,2026-06-03,1879.6710815995525
5.0,C2_TREND_SPY200,2026-06-04,1867.621646397915
5.0,C2_TREND_SPY200,2026-06-05,1783.450621233932
5.0,C2_TREND_SPY200,2026-06-08,1810.8626311505623
5.0,C2_TREND_SPY200,2026-06-09,1781.7338491450907
5.0,C2_TREND_SPY200,2026-06-10,1748.6159850651109
5.0,C2_TREND_SPY200,2026-06-11,1800.3488051026882
5.0,C2_TREND_SPY200,2026-06-12,1783.0072713514346
5.0,C2_TREND_SPY200,2026-06-15,1826.125420846883
5.0,C2_TREND_SPY200,2026-06-16,1795.1207399039183
5.0,C2_TREND_SPY200,2026-06-17,1775.6018712218242
5.0,C2_TREND_SPY200,2026-06-18,1780.5460140455696
5.0,C2_TREND_SPY200,2026-06-22,1759.4910907785495
5.0,C2_TREND_SPY200,2026-06-23,1720.5096860015226
5.0,C2_TREND_SPY200,2026-06-24,1689.1556185401962
5.0,C2_TREND_SPY200,2026-06-25,1682.3797625977256
5.0,C2_TREND_SPY200,2026-06-26,1684.3112494372892
5.0,C2_TREND_SPY200,2026-06-29,1731.214622831494
5.0,C2_TREND_SPY200,2026-06-30,1733.4832141658308
5.0,C2_TREND_SPY200,2026-07-01,1733.5422988076425
5.0,C2_TREND_SPY200,2026-07-02,1731.3499664311453
5.0,C2_TREND_SPY200,2026-07-06,1750.8938478841349
5.0,C2_TREND_SPY200,2026-07-07,1738.5062649024387
5.0,C2_TREND_SPY200,2026-07-08,1737.8366756315374
5.0,C2_TREND_SPY200,2026-07-09,1748.749363193668
5.0,C2_TREND_SPY200,2026-07-10,1759.7237802589766
5.0,C2_TREND_SPY200,2026-07-13,1734.828976608955
5.0,C2_TREND_SPY200,2026-07-14,1758.7689076579106
5.0,C2_TREND_SPY200,2026-07-15,1760.3513114069485
5.0,C2_TREND_SPY200,2026-07-16,1718.812408257773
5.0,C2_TREND_SPY200,2026-07-17,1716.0819418954181
5.0,C2_TREND_SPY200,2026-07-20,1720.7260838765383
5.0,C2_TREND_SPY200,2026-07-21,1753.6149817755588
5.0,C2_TREND_SPY200,2026-07-22,1750.2345047937245
5.0,C2_TREND_SPY200,2026-07-23,1733.695038039812
5.0,C2_TREND_SPY200,2026-07-24,1712.4863900536368
5.0,C2_TREND_SPY200,2026-07-27,1708.2402366518718
5.0,C2_TREND_SPY200,2026-07-28,1681.4793963272416
5.0,C2_TREND_SPY200,2026-07-29,1660.3691472758026
5.0,C2_TREND_SPY200,2026-07-30,1684.4153816872251
5.0,C2_TREND_SPY200,2026-07-31,1686.8651781117237
5.0,C2_TREND_SPY200,2026-08-03,1709.3686463340573
5.0,C2_TREND_SPY200,2026-08-04,1756.130651234659
5.0,C2_TREND_SPY200,2026-08-05,1756.1027577158825
5.0,C2_TREND_SPY200,2026-08-06,1756.6937327521446
5.0,C2_TREND_SPY200,2026-08-07,1791.651508305857
5.0,C2_TREND_SPY200,2026-08-10,1794.4995501158685
5.0,C2_TREND_SPY200,2026-08-11,1797.1843757591287
5.0,C2_TREND_SPY200,2026-08-12,1804.3924855534626
5.0,C2_TREND_SPY200,2026-08-13,1811.4651660868933
5.0,C2_TREND_SPY200,2026-08-14,1797.570624103704
5.0,C2_TREND_SPY200,2026-08-17,1800.4179758984085
5.0,C2_TREND_SPY200,2026-08-18,1772.282237661228
5.0,C2_TREND_SPY200,2026-08-19,1797.488911175191
5.0,C2_TREND_SPY200,2026-08-20,1792.4794125692347
5.0,C2_TREND_SPY200,2026-08-21,1823.0576258779865
5.0,C2_TREND_SPY200,2026-08-24,1805.5530595762696
5.0,C2_TREND_SPY200,2026-08-25,1807.5094980696986
5.0,C2_TREND_SPY200,2026-08-26,1797.3931388419767
5.0,C2_TREND_SPY200,2026-08-27,1841.1940496379334
5.0,C2_TREND_SPY200,2026-08-28,1804.9306494459802
5.0,C3_XMOM_TOP5,2024-11-22,1500.0
5.0,C3_XMOM_TOP5,2024-11-25,1419.311308062069
5.0,C3_XMOM_TOP5,2024-11-26,1395.4514451540526
5.0,C3_XMOM_TOP5,2024-11-27,1400.3871721375488
5.0,C3_XMOM_TOP5,2024-11-29,1430.2277476180338
5.0,C3_XMOM_TOP5,2024-12-02,1414.6570277801102
5.0,C3_XMOM_TOP5,2024-12-03,1421.3922788854668
5.0,C3_XMOM_TOP5,2024-12-04,1456.411669053887
5.0,C3_XMOM_TOP5,2024-12-05,1456.8710759926487
5.0,C3_XMOM_TOP5,2024-12-06,1530.4731626849034
5.0,C3_XMOM_TOP5,2024-12-09,1478.8307989391606
5.0,C3_XMOM_TOP5,2024-12-10,1458.3734539033119
5.0,C3_XMOM_TOP5,2024-12-11,1508.6574823309306
5.0,C3_XMOM_TOP5,2024-12-12,1487.1359916857832
5.0,C3_XMOM_TOP5,2024-12-13,1527.8136760530551
5.0,C3_XMOM_TOP5,2024-12-16,1558.4357996484912
5.0,C3_XMOM_TOP5,2024-12-17,1545.0359149952956
5.0,C3_XMOM_TOP5,2024-12-18,1443.4406282247478
5.0,C3_XMOM_TOP5,2024-12-19,1437.4228338278626
5.0,C3_XMOM_TOP5,2024-12-20,1484.9233451052685
5.0,C3_XMOM_TOP5,2024-12-23,1474.7106396367296
5.0,C3_XMOM_TOP5,2024-12-24,1534.528088691553
5.0,C3_XMOM_TOP5,2024-12-26,1529.6691737472584
5.0,C3_XMOM_TOP5,2024-12-27,1461.0449999596296
5.0,C3_XMOM_TOP5,2024-12-30,1408.292199538438
5.0,C3_XMOM_TOP5,2024-12-31,1368.1090205055546
5.0,C3_XMOM_TOP5,2025-01-02,1382.41694614041
5.0,C3_XMOM_TOP5,2025-01-03,1511.8179291025942
5.0,C3_XMOM_TOP5,2025-01-06,1538.9669073907467
5.0,C3_XMOM_TOP5,2025-01-07,1454.3438631412664
5.0,C3_XMOM_TOP5,2025-01-08,1428.3411946539736
5.0,C3_XMOM_TOP5,2025-01-10,1430.0172804996314
5.0,C3_XMOM_TOP5,2025-01-13,1403.2418625357845
5.0,C3_XMOM_TOP5,2025-01-14,1421.8602602350704
5.0,C3_XMOM_TOP5,2025-01-15,1481.671904555449
5.0,C3_XMOM_TOP5,2025-01-16,1482.8742175197558
5.0,C3_XMOM_TOP5,2025-01-17,1520.209283398986
5.0,C3_XMOM_TOP5,2025-01-21,1572.5026153629815
5.0,C3_XMOM_TOP5,2025-01-22,1564.0339354380117
5.0,C3_XMOM_TOP5,2025-01-23,1540.4689084812217
5.0,C3_XMOM_TOP5,2025-01-24,1523.9619573243917
5.0,C3_XMOM_TOP5,2025-01-27,1385.5678628668286
5.0,C3_XMOM_TOP5,2025-01-28,1428.2880921891478
5.0,C3_XMOM_TOP5,2025-01-29,1403.8000822212018
5.0,C3_XMOM_TOP5,2025-01-30,1460.7907272963473
5.0,C3_XMOM_TOP5,2025-01-31,1474.937132829532
5.0,C3_XMOM_TOP5,2025-02-03,1492.324846915378
5.0,C3_XMOM_TOP5,2025-02-04,1577.5583692520108
5.0,C3_XMOM_TOP5,2025-02-05,1549.6073653762205
5.0,C3_XMOM_TOP5,2025-02-06,1561.9550207933128
5.0,C3_XMOM_TOP5,2025-02-07,1543.077846909242
5.0,C3_XMOM_TOP5,2025-02-10,1566.0773124703146
5.0,C3_XMOM_TOP5,2025-02-11,1513.3151575206393
5.0,C3_XMOM_TOP5,2025-02-12,1545.0512412364499
5.0,C3_XMOM_TOP5,2025-02-13,1556.6580885633816
5.0,C3_XMOM_TOP5,2025-02-14,1579.099381886293
5.0,C3_XMOM_TOP5,2025-02-18,1583.7801331858334
5.0,C3_XMOM_TOP5,2025-02-19,1543.2868191374594
5.0,C3_XMOM_TOP5,2025-02-20,1521.707895801847
5.0,C3_XMOM_TOP5,2025-02-21,1435.651416447916
5.0,C3_XMOM_TOP5,2025-02-24,1364.7084717139737
5.0,C3_XMOM_TOP5,2025-02-25,1276.2212653753804
5.0,C3_XMOM_TOP5,2025-02-26,1290.1737674296407
5.0,C3_XMOM_TOP5,2025-02-27,1210.7897881857514
5.0,C3_XMOM_TOP5,2025-02-28,1244.151375037956
5.0,C3_XMOM_TOP5,2025-03-03,1216.1808292296955
5.0,C3_XMOM_TOP5,2025-03-04,1239.8956084137767
5.0,C3_XMOM_TOP5,2025-03-05,1305.4896153770137
5.0,C3_XMOM_TOP5,2025-03-06,1231.5336688318152
5.0,C3_XMOM_TOP5,2025-03-07,1221.143253256291
5.0,C3_XMOM_TOP5,2025-03-10,1080.6289807804878
5.0,C3_XMOM_TOP5,2025-03-11,1136.4595268580958
5.0,C3_XMOM_TOP5,2025-03-12,1183.9029844825243
5.0,C3_XMOM_TOP5,2025-03-13,1150.772543999882
5.0,C3_XMOM_TOP5,2025-03-14,1237.0239533210208
5.0,C3_XMOM_TOP5,2025-03-17,1229.8547675818459
5.0,C3_XMOM_TOP5,2025-03-18,1188.1820116350345
5.0,C3_XMOM_TOP5,2025-03-19,1243.595784447711
5.0,C3_XMOM_TOP5,2025-03-20,1246.1631649935337
5.0,C3_XMOM_TOP5,2025-03-21,1266.0080384009595
5.0,C3_XMOM_TOP5,2025-03-24,1360.3378727110255
5.0,C3_XMOM_TOP5,2025-03-25,1367.8150273065141
5.0,C3_XMOM_TOP5,2025-03-26,1309.6351192420461
5.0,C3_XMOM_TOP5,2025-03-27,1291.8572571561422
5.0,C3_XMOM_TOP5,2025-03-28,1226.9216669115945
5.0,C3_XMOM_TOP5,2025-03-31,1210.9438530307775
5.0,C3_XMOM_TOP5,2025-04-01,1253.7569168857808
5.0,C3_XMOM_TOP5,2025-04-02,1255.8806403300914
5.0,C3_XMOM_TOP5,2025-04-03,1186.4014935754683
5.0,C3_XMOM_TOP5,2025-04-04,1153.6415813008277
5.0,C3_XMOM_TOP5,2025-04-07,1115.4443793743283
5.0,C3_XMOM_TOP5,2025-04-08,1078.6126024288844
5.0,C3_XMOM_TOP5,2025-04-09,1208.8208533458228
5.0,C3_XMOM_TOP5,2025-04-10,1168.9267854333702
5.0,C3_XMOM_TOP5,2025-04-11,1212.447665827322
5.0,C3_XMOM_TOP5,2025-04-14,1236.1714620117912
5.0,C3_XMOM_TOP5,2025-04-15,1250.6824114358274
5.0,C3_XMOM_TOP5,2025-04-16,1247.9609897499297
5.0,C3_XMOM_TOP5,2025-04-17,1261.5401148231151
5.0,C3_XMOM_TOP5,2025-04-21,1265.8539795947574
5.0,C3_XMOM_TOP5,2025-04-22,1306.5346999197843
5.0,C3_XMOM_TOP5,2025-04-23,1324.126716317331
5.0,C3_XMOM_TOP5,2025-04-24,1353.8447445573095
5.0,C3_XMOM_TOP5,2025-04-25,1387.7852720468559
5.0,C3_XMOM_TOP5,2025-04-28,1391.42004307268
5.0,C3_XMOM_TOP5,2025-04-29,1398.745644708024
5.0,C3_XMOM_TOP5,2025-04-30,1391.8195117637665
5.0,C3_XMOM_TOP5,2025-05-01,1391.4199370556116
5.0,C3_XMOM_TOP5,2025-05-02,1425.952572344503
5.0,C3_XMOM_TOP5,2025-05-05,1421.1770501588994
5.0,C3_XMOM_TOP5,2025-05-06,1392.6120966415983
5.0,C3_XMOM_TOP5,2025-05-07,1401.3914111899294
5.0,C3_XMOM_TOP5,2025-05-08,1442.97953641784
5.0,C3_XMOM_TOP5,2025-05-09,1445.7901466832097
5.0,C3_XMOM_TOP5,2025-05-12,1428.5285156171285
5.0,C3_XMOM_TOP5,2025-05-13,1471.0348634512716
5.0,C3_XMOM_TOP5,2025-05-14,1464.814597808659
5.0,C3_XMOM_TOP5,2025-05-15,1448.4326491350398
5.0,C3_XMOM_TOP5,2025-05-16,1458.5381097981763
5.0,C3_XMOM_TOP5,2025-05-19,1467.9735518706705
5.0,C3_XMOM_TOP5,2025-05-20,1477.7273096350068
5.0,C3_XMOM_TOP5,2025-05-21,1458.2571594863907
5.0,C3_XMOM_TOP5,2025-05-22,1463.3880091160001
5.0,C3_XMOM_TOP5,2025-05-23,1444.6089304430925
5.0,C3_XMOM_TOP5,2025-05-27,1448.8021223234216
5.0,C3_XMOM_TOP5,2025-05-28,1433.5982354259909
5.0,C3_XMOM_TOP5,2025-05-29,1431.9387213717935
5.0,C3_XMOM_TOP5,2025-05-30,1453.401920181251
5.0,C3_XMOM_TOP5,2025-06-02,1466.435414999813
5.0,C3_XMOM_TOP5,2025-06-03,1480.7857112065278
5.0,C3_XMOM_TOP5,2025-06-04,1488.0653805243862
5.0,C3_XMOM_TOP5,2025-06-05,1457.2617360993888
5.0,C3_XMOM_TOP5,2025-06-06,1459.5833904706583
5.0,C3_XMOM_TOP5,2025-06-09,1465.7838345508212
5.0,C3_XMOM_TOP5,2025-06-10,1471.2205227838513
5.0,C3_XMOM_TOP5,2025-06-11,1482.3662638863225
5.0,C3_XMOM_TOP5,2025-06-12,1483.8659854525188
5.0,C3_XMOM_TOP5,2025-06-13,1478.208669688956
5.0,C3_XMOM_TOP5,2025-06-16,1495.0502185770779
5.0,C3_XMOM_TOP5,2025-06-17,1482.6058397101601
5.0,C3_XMOM_TOP5,2025-06-18,1488.9785761660166
5.0,C3_XMOM_TOP5,2025-06-20,1479.311399248442
5.0,C3_XMOM_TOP5,2025-06-23,1502.7774694919453
5.0,C3_XMOM_TOP5,2025-06-24,1523.6608703129596
5.0,C3_XMOM_TOP5,2025-06-25,1521.117742096242
5.0,C3_XMOM_TOP5,2025-06-26,1534.2856254571439
5.0,C3_XMOM_TOP5,2025-06-27,1505.105859402544
5.0,C3_XMOM_TOP5,2025-06-30,1531.8192918748764
5.0,C3_XMOM_TOP5,2025-07-01,1502.0941843236449
5.0,C3_XMOM_TOP5,2025-07-02,1510.056617680263
5.0,C3_XMOM_TOP5,2025-07-03,1523.0843994567724
5.0,C3_XMOM_TOP5,2025-07-07,1536.9345802210144
5.0,C3_XMOM_TOP5,2025-07-08,1528.8786048090928
5.0,C3_XMOM_TOP5,2025-07-09,1534.5234605538344
5.0,C3_XMOM_TOP5,2025-07-10,1539.1924151573742
5.0,C3_XMOM_TOP5,2025-07-11,1549.0597221568248
5.0,C3_XMOM_TOP5,2025-07-14,1577.759271961791
5.0,C3_XMOM_TOP5,2025-07-15,1586.864670603933
5.0,C3_XMOM_TOP5,2025-07-16,1588.8047038922448
5.0,C3_XMOM_TOP5,2025-07-17,1623.1217170745185
5.0,C3_XMOM_TOP5,2025-07-18,1645.4466536845791
5.0,C3_XMOM_TOP5,2025-07-21,1633.289011519024
5.0,C3_XMOM_TOP5,2025-07-22,1630.7376062108704
5.0,C3_XMOM_TOP5,2025-07-23,1673.3768376349644
5.0,C3_XMOM_TOP5,2025-07-24,1673.8226636734908
5.0,C3_XMOM_TOP5,2025-07-25,1634.5238723594166
5.0,C3_XMOM_TOP5,2025-07-28,1637.777602526455
5.0,C3_XMOM_TOP5,2025-07-29,1623.3906298667887
5.0,C3_XMOM_TOP5,2025-07-30,1644.3180987486926
5.0,C3_XMOM_TOP5,2025-07-31,1673.4778050979899
5.0,C3_XMOM_TOP5,2025-08-01,1654.809942801145
5.0,C3_XMOM_TOP5,2025-08-04,1692.0993003985252
5.0,C3_XMOM_TOP5,2025-08-05,1710.5083782468005
5.0,C3_XMOM_TOP5,2025-08-06,1716.9379179555774
5.0,C3_XMOM_TOP5,2025-08-07,1708.4469267016837
5.0,C3_XMOM_TOP5,2025-08-08,1710.9864134780325
5.0,C3_XMOM_TOP5,2025-08-11,1691.7115260930927
5.0,C3_XMOM_TOP5,2025-08-12,1752.9666767586227
5.0,C3_XMOM_TOP5,2025-08-13,1735.3678554076214
5.0,C3_XMOM_TOP5,2025-08-14,1716.8715731861575
5.0,C3_XMOM_TOP5,2025-08-15,1689.5475998402496
5.0,C3_XMOM_TOP5,2025-08-18,1688.3541342296971
5.0,C3_XMOM_TOP5,2025-08-19,1600.1814221575032
5.0,C3_XMOM_TOP5,2025-08-20,1591.6852161752547
5.0,C3_XMOM_TOP5,2025-08-21,1584.6424842032388
5.0,C3_XMOM_TOP5,2025-08-22,1614.637333858391
5.0,C3_XMOM_TOP5,2025-08-25,1633.5776343760558
5.0,C3_XMOM_TOP5,2025-08-26,1660.0943123354502
5.0,C3_XMOM_TOP5,2025-08-27,1638.6063439938307
5.0,C3_XMOM_TOP5,2025-08-28,1656.2790864326403
5.0,C3_XMOM_TOP5,2025-08-29,1617.0141789752877
5.0,C3_XMOM_TOP5,2025-09-02,1605.9240633421114
5.0,C3_XMOM_TOP5,2025-09-03,1586.542585238402
5.0,C3_XMOM_TOP5,2025-09-04,1575.6824702247045
5.0,C3_XMOM_TOP5,2025-09-05,1592.10814669547
5.0,C3_XMOM_TOP5,2025-09-08,1601.3773023592692
5.0,C3_XMOM_TOP5,2025-09-09,1593.8160889973153
5.0,C3_XMOM_TOP5,2025-09-10,1681.5498008502593
5.0,C3_XMOM_TOP5,2025-09-11,1662.0162399372073
5.0,C3_XMOM_TOP5,2025-09-12,1690.0733718634276
5.0,C3_XMOM_TOP5,2025-09-15,1715.4489316763888
5.0,C3_XMOM_TOP5,2025-09-16,1693.0563570317806
5.0,C3_XMOM_TOP5,2025-09-17,1668.7196299667066
5.0,C3_XMOM_TOP5,2025-09-18,1701.6055390253985
5.0,C3_XMOM_TOP5,2025-09-19,1739.497445733048
5.0,C3_XMOM_TOP5,2025-09-22,1776.6293278806775
5.0,C3_XMOM_TOP5,2025-09-23,1788.9768107902908
5.0,C3_XMOM_TOP5,2025-09-24,1774.7364862772135
5.0,C3_XMOM_TOP5,2025-09-25,1737.353450819049
5.0,C3_XMOM_TOP5,2025-09-26,1741.2096609146204
5.0,C3_XMOM_TOP5,2025-09-29,1725.8809401136766
5.0,C3_XMOM_TOP5,2025-09-30,1742.3127303479732
5.0,C3_XMOM_TOP5,2025-10-01,1813.923643274813
5.0,C3_XMOM_TOP5,2025-10-02,1862.0192745242707
5.0,C3_XMOM_TOP5,2025-10-03,1837.2782244780708
5.0,C3_XMOM_TOP5,2025-10-06,1893.9155512135505
5.0,C3_XMOM_TOP5,2025-10-07,1894.994373585273
5.0,C3_XMOM_TOP5,2025-10-08,1960.6035553819029
5.0,C3_XMOM_TOP5,2025-10-09,2003.5291173953485
5.0,C3_XMOM_TOP5,2025-10-10,1896.059161740301
5.0,C3_XMOM_TOP5,2025-10-13,2015.0444465331511
5.0,C3_XMOM_TOP5,2025-10-14,2010.5461056011118
5.0,C3_XMOM_TOP5,2025-10-15,2029.7688883994936
5.0,C3_XMOM_TOP5,2025-10-16,1989.4626619186474
5.0,C3_XMOM_TOP5,2025-10-17,1957.4255492567509
5.0,C3_XMOM_TOP5,2025-10-20,1965.1084852287886
5.0,C3_XMOM_TOP5,2025-10-21,1924.6731697128423
5.0,C3_XMOM_TOP5,2025-10-22,1859.706217875065
5.0,C3_XMOM_TOP5,2025-10-23,1887.746510865504
5.0,C3_XMOM_TOP5,2025-10-24,1914.9875254680069
5.0,C3_XMOM_TOP5,2025-10-27,1993.7651724049315
5.0,C3_XMOM_TOP5,2025-10-28,2020.6348457427853
5.0,C3_XMOM_TOP5,2025-10-29,2079.747870329064
5.0,C3_XMOM_TOP5,2025-10-30,2014.8237314958944
5.0,C3_XMOM_TOP5,2025-10-31,2054.040942733888
5.0,C3_XMOM_TOP5,2025-11-03,2020.0679642896794
5.0,C3_XMOM_TOP5,2025-11-04,1935.2398174650696
5.0,C3_XMOM_TOP5,2025-11-05,1944.283296438824
5.0,C3_XMOM_TOP5,2025-11-06,1861.3047410508932
5.0,C3_XMOM_TOP5,2025-11-07,1878.9841678526911
5.0,C3_XMOM_TOP5,2025-11-10,1948.4359298461118
5.0,C3_XMOM_TOP5,2025-11-11,1911.2719246404863
5.0,C3_XMOM_TOP5,2025-11-12,1888.6244712894343
5.0,C3_XMOM_TOP5,2025-11-13,1803.567698045141
5.0,C3_XMOM_TOP5,2025-11-14,1815.0497744463908
5.0,C3_XMOM_TOP5,2025-11-17,1768.8468660849755
5.0,C3_XMOM_TOP5,2025-11-18,1749.2969082698687
5.0,C3_XMOM_TOP5,2025-11-19,1775.2221937637041
5.0,C3_XMOM_TOP5,2025-11-20,1676.6418463593309
5.0,C3_XMOM_TOP5,2025-11-21,1671.6512537094106
5.0,C3_XMOM_TOP5,2025-11-24,1770.8785618069069
5.0,C3_XMOM_TOP5,2025-11-25,1776.1861889387665
5.0,C3_XMOM_TOP5,2025-11-26,1809.150076819876
5.0,C3_XMOM_TOP5,2025-11-28,1825.0155823783525
5.0,C3_XMOM_TOP5,2025-12-01,1789.9765700045343
5.0,C3_XMOM_TOP5,2025-12-02,1826.551232044719
5.0,C3_XMOM_TOP5,2025-12-03,1856.3833489385158
5.0,C3_XMOM_TOP5,2025-12-04,1930.2409511446872
5.0,C3_XMOM_TOP5,2025-12-05,1947.8342959280108
5.0,C3_XMOM_TOP5,2025-12-08,1964.4102866845851
5.0,C3_XMOM_TOP5,2025-12-09,1954.229908474141
5.0,C3_XMOM_TOP5,2025-12-10,2009.1918857699643
5.0,C3_XMOM_TOP5,2025-12-11,2039.3330570538685
5.0,C3_XMOM_TOP5,2025-12-12,1917.7700722510858
5.0,C3_XMOM_TOP5,2025-12-15,1851.3048064912282
5.0,C3_XMOM_TOP5,2025-12-16,1854.972197352015
5.0,C3_XMOM_TOP5,2025-12-17,1765.5120535753483
5.0,C3_XMOM_TOP5,2025-12-18,1816.515326829606
5.0,C3_XMOM_TOP5,2025-12-19,1921.5970654987632
5.0,C3_XMOM_TOP5,2025-12-22,2007.4709287194364
5.0,C3_XMOM_TOP5,2025-12-23,2019.9776647658719
5.0,C3_XMOM_TOP5,2025-12-24,1971.1074951557598
5.0,C3_XMOM_TOP5,2025-12-26,1935.4074967853091
5.0,C3_XMOM_TOP5,2025-12-29,1924.463772625708
5.0,C3_XMOM_TOP5,2025-12-30,1945.2181623048339
5.0,C3_XMOM_TOP5,2025-12-31,1919.4376030453786
5.0,C3_XMOM_TOP5,2026-01-02,2016.2444849799858
5.0,C3_XMOM_TOP5,2026-01-05,2044.4203525208504
5.0,C3_XMOM_TOP5,2026-01-06,2081.9631670196886
5.0,C3_XMOM_TOP5,2026-01-07,2043.4850780048134
5.0,C3_XMOM_TOP5,2026-01-08,2038.8881634718202
5.0,C3_XMOM_TOP5,2026-01-09,2089.78321373453
5.0,C3_XMOM_TOP5,2026-01-12,2116.1956708492985
5.0,C3_XMOM_TOP5,2026-01-13,2086.900091224081
5.0,C3_XMOM_TOP5,2026-01-14,2072.4484216715696
5.0,C3_XMOM_TOP5,2026-01-15,2086.854129939494
5.0,C3_XMOM_TOP5,2026-01-16,2155.3219230180894
5.0,C3_XMOM_TOP5,2026-01-20,2096.102201183898
5.0,C3_XMOM_TOP5,2026-01-21,2065.3728916866944
5.0,C3_XMOM_TOP5,2026-01-22,2145.916557985414
5.0,C3_XMOM_TOP5,2026-01-23,2125.4575087833327
5.0,C3_XMOM_TOP5,2026-01-26,2069.559710644824
5.0,C3_XMOM_TOP5,2026-01-27,2094.1942867389193
5.0,C3_XMOM_TOP5,2026-01-28,2118.7261424605413
5.0,C3_XMOM_TOP5,2026-01-29,2094.080281259393
5.0,C3_XMOM_TOP5,2026-01-30,2046.3150009885628
5.0,C3_XMOM_TOP5,2026-02-02,2010.8371273607881
5.0,C3_XMOM_TOP5,2026-02-03,2070.825736912469
5.0,C3_XMOM_TOP5,2026-02-04,2030.4485085524493
5.0,C3_XMOM_TOP5,2026-02-05,1950.3782368297461
5.0,C3_XMOM_TOP5,2026-02-06,2040.364413612234
5.0,C3_XMOM_TOP5,2026-02-09,2061.3485137164726
5.0,C3_XMOM_TOP5,2026-02-10,2019.5788186583873
5.0,C3_XMOM_TOP5,2026-02-11,2032.6296883818766
5.0,C3_XMOM_TOP5,2026-02-12,1965.9993622719348
5.0,C3_XMOM_TOP5,2026-02-13,1992.2870831110397
5.0,C3_XMOM_TOP5,2026-02-17,1976.895978496861
5.0,C3_XMOM_TOP5,2026-02-18,1989.9273730618752
5.0,C3_XMOM_TOP5,2026-02-19,2008.1275273982442
5.0,C3_XMOM_TOP5,2026-02-20,1985.9859165108103
5.0,C3_XMOM_TOP5,2026-02-23,2029.863014216955
5.0,C3_XMOM_TOP5,2026-02-24,2033.1264538436794
5.0,C3_XMOM_TOP5,2026-02-25,2009.403315221672
5.0,C3_XMOM_TOP5,2026-02-26,2006.6061861628755
5.0,C3_XMOM_TOP5,2026-02-27,2004.4887037291614
5.0,C3_XMOM_TOP5,2026-03-02,2040.4223957670588
5.0,C3_XMOM_TOP5,2026-03-03,2016.9737020418556
5.0,C3_XMOM_TOP5,2026-03-04,2080.429206231416
5.0,C3_XMOM_TOP5,2026-03-05,2006.9258041386877
5.0,C3_XMOM_TOP5,2026-03-06,1988.8694917830849
5.0,C3_XMOM_TOP5,2026-03-09,2007.334258216901
5.0,C3_XMOM_TOP5,2026-03-10,1994.1399421052874
5.0,C3_XMOM_TOP5,2026-03-11,1998.1486445647608
5.0,C3_XMOM_TOP5,2026-03-12,1963.8774692207653
5.0,C3_XMOM_TOP5,2026-03-13,1955.7158808211716
5.0,C3_XMOM_TOP5,2026-03-16,1976.9394272603076
5.0,C3_XMOM_TOP5,2026-03-17,1980.6849486491292
5.0,C3_XMOM_TOP5,2026-03-18,1941.887300891029
5.0,C3_XMOM_TOP5,2026-03-19,1940.845334577381
5.0,C3_XMOM_TOP5,2026-03-20,1891.2793956244268
5.0,C3_XMOM_TOP5,2026-03-23,1876.1944833725408
5.0,C3_XMOM_TOP5,2026-03-24,1868.3794862400557
5.0,C3_XMOM_TOP5,2026-03-25,1938.9265158332769
5.0,C3_XMOM_TOP5,2026-03-26,1862.6693484222703
5.0,C3_XMOM_TOP5,2026-03-27,1811.9337335605871
5.0,C3_XMOM_TOP5,2026-03-30,1766.425524125614
5.0,C3_XMOM_TOP5,2026-03-31,1860.3500598971368
5.0,C3_XMOM_TOP5,2026-04-01,1905.3029505443442
5.0,C3_XMOM_TOP5,2026-04-02,1924.9531265600986
5.0,C3_XMOM_TOP5,2026-04-06,1948.725992057946
5.0,C3_XMOM_TOP5,2026-04-07,1935.604379379596
5.0,C3_XMOM_TOP5,2026-04-08,1952.8482000025597
5.0,C3_XMOM_TOP5,2026-04-09,1943.8447586371024
5.0,C3_XMOM_TOP5,2026-04-10,1950.3531279319877
5.0,C3_XMOM_TOP5,2026-04-13,1986.420736135244
5.0,C3_XMOM_TOP5,2026-04-14,1926.944919814798
5.0,C3_XMOM_TOP5,2026-04-15,1909.4255543713894
5.0,C3_XMOM_TOP5,2026-04-16,1938.9590125405402
5.0,C3_XMOM_TOP5,2026-04-17,1898.6113911595303
5.0,C3_XMOM_TOP5,2026-04-20,1884.237348998828
5.0,C3_XMOM_TOP5,2026-04-21,1889.3998693831581
5.0,C3_XMOM_TOP5,2026-04-22,1924.08207190722
5.0,C3_XMOM_TOP5,2026-04-23,1904.2340014228894
5.0,C3_XMOM_TOP5,2026-04-24,1887.5474423187911
5.0,C3_XMOM_TOP5,2026-04-27,1884.2015824827135
5.0,C3_XMOM_TOP5,2026-04-28,1854.9239233786152
5.0,C3_XMOM_TOP5,2026-04-29,1877.1631555132517
5.0,C3_XMOM_TOP5,2026-04-30,1937.2361848512821
5.0,C3_XMOM_TOP5,2026-05-01,1924.815138445073
5.0,C3_XMOM_TOP5,2026-05-04,1930.7102622377977
5.0,C3_XMOM_TOP5,2026-05-05,1951.5526836513948
5.0,C3_XMOM_TOP5,2026-05-06,1952.9013052581092
5.0,C3_XMOM_TOP5,2026-05-07,1939.8513109332123
5.0,C3_XMOM_TOP5,2026-05-08,1951.857752259689
5.0,C3_XMOM_TOP5,2026-05-11,1975.5390881336834
5.0,C3_XMOM_TOP5,2026-05-12,1992.6063323319834
5.0,C3_XMOM_TOP5,2026-05-13,2008.1465076736804
5.0,C3_XMOM_TOP5,2026-05-14,2008.4224172107376
5.0,C3_XMOM_TOP5,2026-05-15,1992.585145037899
5.0,C3_XMOM_TOP5,2026-05-18,1984.8858664753661
5.0,C3_XMOM_TOP5,2026-05-19,2004.9972769011504
5.0,C3_XMOM_TOP5,2026-05-20,1995.6197581861059
5.0,C3_XMOM_TOP5,2026-05-21,1975.241106461053
5.0,C3_XMOM_TOP5,2026-05-22,1984.5968294035263
5.0,C3_XMOM_TOP5,2026-05-26,1996.0999295065044
5.0,C3_XMOM_TOP5,2026-05-27,1977.2315754289552
5.0,C3_XMOM_TOP5,2026-05-28,2003.724777162977
5.0,C3_XMOM_TOP5,2026-05-29,1984.7913031995226
5.0,C3_XMOM_TOP5,2026-06-01,1986.3453413616978
5.0,C3_XMOM_TOP5,2026-06-02,2040.4008733811459
5.0,C3_XMOM_TOP5,2026-06-03,2018.3038575144988
5.0,C3_XMOM_TOP5,2026-06-04,1999.2626030414935
5.0,C3_XMOM_TOP5,2026-06-05,1880.5374902410922
5.0,C3_XMOM_TOP5,2026-06-08,1905.8236860482236
5.0,C3_XMOM_TOP5,2026-06-09,1879.3897255082188
5.0,C3_XMOM_TOP5,2026-06-10,1857.638720897362
5.0,C3_XMOM_TOP5,2026-06-11,1940.3291027457976
5.0,C3_XMOM_TOP5,2026-06-12,1877.6132289352943
5.0,C3_XMOM_TOP5,2026-06-15,1910.391801819043
5.0,C3_XMOM_TOP5,2026-06-16,1845.6589298491726
5.0,C3_XMOM_TOP5,2026-06-17,1852.5468561254495
5.0,C3_XMOM_TOP5,2026-06-18,1857.364073013634
5.0,C3_XMOM_TOP5,2026-06-22,1820.0729929498716
5.0,C3_XMOM_TOP5,2026-06-23,1774.3384161202698
5.0,C3_XMOM_TOP5,2026-06-24,1729.891505807401
5.0,C3_XMOM_TOP5,2026-06-25,1759.6945181427757
5.0,C3_XMOM_TOP5,2026-06-26,1742.082183735462
5.0,C3_XMOM_TOP5,2026-06-29,1824.156634893143
5.0,C3_XMOM_TOP5,2026-06-30,1860.1268083798059
5.0,C3_XMOM_TOP5,2026-07-01,1816.4005177811152
5.0,C3_XMOM_TOP5,2026-07-02,1799.380548030615
5.0,C3_XMOM_TOP5,2026-07-06,1792.0669283862112
5.0,C3_XMOM_TOP5,2026-07-07,1767.443354117788
5.0,C3_XMOM_TOP5,2026-07-08,1783.4719747621955
5.0,C3_XMOM_TOP5,2026-07-09,1785.8898004694368
5.0,C3_XMOM_TOP5,2026-07-10,1774.6670677035504
5.0,C3_XMOM_TOP5,2026-07-13,1757.133797301045
5.0,C3_XMOM_TOP5,2026-07-14,1774.4826281986475
5.0,C3_XMOM_TOP5,2026-07-15,1760.8781432859462
5.0,C3_XMOM_TOP5,2026-07-16,1689.1291047332275
5.0,C3_XMOM_TOP5,2026-07-17,1709.7584931025938
5.0,C3_XMOM_TOP5,2026-07-20,1705.596840879075
5.0,C3_XMOM_TOP5,2026-07-21,1774.7651801124975
5.0,C3_XMOM_TOP5,2026-07-22,1775.1082849738639
5.0,C3_XMOM_TOP5,2026-07-23,1788.9291088145908
5.0,C3_XMOM_TOP5,2026-07-24,1751.0337861460569
5.0,C3_XMOM_TOP5,2026-07-27,1710.2466429579822
5.0,C3_XMOM_TOP5,2026-07-28,1676.5084061355722
5.0,C3_XMOM_TOP5,2026-07-29,1666.8651735834053
5.0,C3_XMOM_TOP5,2026-07-30,1701.1147380903135
5.0,C3_XMOM_TOP5,2026-07-31,1709.9497622208655
5.0,C3_XMOM_TOP5,2026-08-03,1703.2443011663909
5.0,C3_XMOM_TOP5,2026-08-04,1746.3774048571577
5.0,C3_XMOM_TOP5,2026-08-05,1749.8545529836279
5.0,C3_XMOM_TOP5,2026-08-06,1770.2516019275492
5.0,C3_XMOM_TOP5,2026-08-07,1782.9228676808418
5.0,C3_XMOM_TOP5,2026-08-10,1805.8746588144143
5.0,C3_XMOM_TOP5,2026-08-11,1802.1866617477417
5.0,C3_XMOM_TOP5,2026-08-12,1813.4943517641632
5.0,C3_XMOM_TOP5,2026-08-13,1811.6067585096346
5.0,C3_XMOM_TOP5,2026-08-14,1785.9522744701114
5.0,C3_XMOM_TOP5,2026-08-17,1802.3338037701697
5.0,C3_XMOM_TOP5,2026-08-18,1781.8915976840294
5.0,C3_XMOM_TOP5,2026-08-19,1776.1905180293559
5.0,C3_XMOM_TOP5,2026-08-20,1776.3462015798605
5.0,C3_XMOM_TOP5,2026-08-21,1783.535524960576
5.0,C3_XMOM_TOP5,2026-08-24,1753.0083360507622
5.0,C3_XMOM_TOP5,2026-08-25,1736.6196387174232
5.0,C3_XMOM_TOP5,2026-08-26,1726.70171052932
5.0,C3_XMOM_TOP5,2026-08-27,1755.3095993421775
5.0,C3_XMOM_TOP5,2026-08-28,1738.3782798147026
5.0,C4_VOLTGT_EW,2024-11-22,1500.0
5.0,C4_VOLTGT_EW,2024-11-25,1477.0843201181694
5.0,C4_VOLTGT_EW,2024-11-26,1474.6902629219317
5.0,C4_VOLTGT_EW,2024-11-27,1476.7672087670899
5.0,C4_VOLTGT_EW,2024-11-29,1488.8386079410996
5.0,C4_VOLTGT_EW,2024-12-02,1489.6962492923662
5.0,C4_VOLTGT_EW,2024-12-03,1498.3461348687867
5.0,C4_VOLTGT_EW,2024-12-04,1514.4430637471373
5.0,C4_VOLTGT_EW,2024-12-05,1512.096688208529
5.0,C4_VOLTGT_EW,2024-12-06,1534.4721290000941
5.0,C4_VOLTGT_EW,2024-12-09,1512.4111302274932
5.0,C4_VOLTGT_EW,2024-12-10,1503.5224246900134
5.0,C4_VOLTGT_EW,2024-12-11,1530.1748590719717
5.0,C4_VOLTGT_EW,2024-12-12,1517.4312634475657
5.0,C4_VOLTGT_EW,2024-12-13,1545.3257848906362
5.0,C4_VOLTGT_EW,2024-12-16,1565.4796227539941
5.0,C4_VOLTGT_EW,2024-12-17,1556.5034411996314
5.0,C4_VOLTGT_EW,2024-12-18,1508.8428369254507
5.0,C4_VOLTGT_EW,2024-12-19,1499.3280748943448
5.0,C4_VOLTGT_EW,2024-12-20,1516.2011900892155
5.0,C4_VOLTGT_EW,2024-12-23,1522.7983779853207
5.0,C4_VOLTGT_EW,2024-12-24,1548.5835877087038
5.0,C4_VOLTGT_EW,2024-12-26,1546.5597115986493
5.0,C4_VOLTGT_EW,2024-12-27,1523.8328044481393
5.0,C4_VOLTGT_EW,2024-12-30,1505.026402558882
5.0,C4_VOLTGT_EW,2024-12-31,1491.3494038472463
5.0,C4_VOLTGT_EW,2025-01-02,1502.970817433334
5.0,C4_VOLTGT_EW,2025-01-03,1537.7409938643118
5.0,C4_VOLTGT_EW,2025-01-06,1549.9919107048345
5.0,C4_VOLTGT_EW,2025-01-07,1521.2317054837458
5.0,C4_VOLTGT_EW,2025-01-08,1515.0008494182316
5.0,C4_VOLTGT_EW,2025-01-10,1515.8920670131565
5.0,C4_VOLTGT_EW,2025-01-13,1509.1643462428083
5.0,C4_VOLTGT_EW,2025-01-14,1508.4988481222076
5.0,C4_VOLTGT_EW,2025-01-15,1533.2561701688392
5.0,C4_VOLTGT_EW,2025-01-16,1533.3173161672535
5.0,C4_VOLTGT_EW,2025-01-17,1547.5392232978334
5.0,C4_VOLTGT_EW,2025-01-21,1566.443640207076
5.0,C4_VOLTGT_EW,2025-01-22,1568.1729381071268
5.0,C4_VOLTGT_EW,2025-01-23,1564.1372272550961
5.0,C4_VOLTGT_EW,2025-01-24,1562.973237254685
5.0,C4_VOLTGT_EW,2025-01-27,1509.5555317625012
5.0,C4_VOLTGT_EW,2025-01-28,1521.3848930131849
5.0,C4_VOLTGT_EW,2025-01-29,1514.8128589634766
5.0,C4_VOLTGT_EW,2025-01-30,1536.0011658894682
5.0,C4_VOLTGT_EW,2025-01-31,1535.4746122414672
5.0,C4_VOLTGT_EW,2025-02-03,1536.184665407941
5.0,C4_VOLTGT_EW,2025-02-04,1560.249190263857
5.0,C4_VOLTGT_EW,2025-02-05,1567.086162760486
5.0,C4_VOLTGT_EW,2025-02-06,1578.7225938903457
5.0,C4_VOLTGT_EW,2025-02-07,1571.4722965561723
5.0,C4_VOLTGT_EW,2025-02-10,1594.1540776738998
5.0,C4_VOLTGT_EW,2025-02-11,1578.6140619137734
5.0,C4_VOLTGT_EW,2025-02-12,1580.4184520338554
5.0,C4_VOLTGT_EW,2025-02-13,1592.3683736951357
5.0,C4_VOLTGT_EW,2025-02-14,1598.1746229071928
5.0,C4_VOLTGT_EW,2025-02-18,1597.9038272154849
5.0,C4_VOLTGT_EW,2025-02-19,1593.6155816230232
5.0,C4_VOLTGT_EW,2025-02-20,1588.429744167362
5.0,C4_VOLTGT_EW,2025-02-21,1556.9587218047006
5.0,C4_VOLTGT_EW,2025-02-24,1538.082133519511
5.0,C4_VOLTGT_EW,2025-02-25,1515.0686618820505
5.0,C4_VOLTGT_EW,2025-02-26,1525.7288327324463
5.0,C4_VOLTGT_EW,2025-02-27,1495.9614942470312
5.0,C4_VOLTGT_EW,2025-02-28,1510.4170997480182
5.0,C4_VOLTGT_EW,2025-03-03,1491.185121295631
5.0,C4_VOLTGT_EW,2025-03-04,1499.7670948789146
5.0,C4_VOLTGT_EW,2025-03-05,1528.1155555472092
5.0,C4_VOLTGT_EW,2025-03-06,1498.2010048507536
5.0,C4_VOLTGT_EW,2025-03-07,1502.8663068867
5.0,C4_VOLTGT_EW,2025-03-10,1452.4538718729082
5.0,C4_VOLTGT_EW,2025-03-11,1463.6904775189637
5.0,C4_VOLTGT_EW,2025-03-12,1476.1095595697352
5.0,C4_VOLTGT_EW,2025-03-13,1462.7127754272278
5.0,C4_VOLTGT_EW,2025-03-14,1491.4934101138226
5.0,C4_VOLTGT_EW,2025-03-17,1491.65999971769
5.0,C4_VOLTGT_EW,2025-03-18,1473.492645309072
5.0,C4_VOLTGT_EW,2025-03-19,1488.446540165618
5.0,C4_VOLTGT_EW,2025-03-20,1486.5219746408407
5.0,C4_VOLTGT_EW,2025-03-21,1489.326765264055
5.0,C4_VOLTGT_EW,2025-03-24,1521.4979866239437
5.0,C4_VOLTGT_EW,2025-03-25,1520.247342127113
5.0,C4_VOLTGT_EW,2025-03-26,1497.6333802166143
5.0,C4_VOLTGT_EW,2025-03-27,1487.0796916920315
5.0,C4_VOLTGT_EW,2025-03-28,1465.3982047533468
5.0,C4_VOLTGT_EW,2025-03-31,1462.9434240704645
5.0,C4_VOLTGT_EW,2025-04-01,1471.1981522755918
5.0,C4_VOLTGT_EW,2025-04-02,1480.5900122074243
5.0,C4_VOLTGT_EW,2025-04-03,1440.9775642365635
5.0,C4_VOLTGT_EW,2025-04-04,1407.6412209690884
5.0,C4_VOLTGT_EW,2025-04-07,1408.2147709395567
5.0,C4_VOLTGT_EW,2025-04-08,1396.9199388323605
5.0,C4_VOLTGT_EW,2025-04-09,1472.2770632187144
5.0,C4_VOLTGT_EW,2025-04-10,1445.1042792971957
5.0,C4_VOLTGT_EW,2025-04-11,1460.657332533197
5.0,C4_VOLTGT_EW,2025-04-14,1464.9863573537777
5.0,C4_VOLTGT_EW,2025-04-15,1468.027221898224
5.0,C4_VOLTGT_EW,2025-04-16,1455.7199659887312
5.0,C4_VOLTGT_EW,2025-04-17,1462.1780528809445
5.0,C4_VOLTGT_EW,2025-04-21,1446.114010963105
5.0,C4_VOLTGT_EW,2025-04-22,1463.0044811039288
5.0,C4_VOLTGT_EW,2025-04-23,1478.54468731965
5.0,C4_VOLTGT_EW,2025-04-24,1499.4338859157392
5.0,C4_VOLTGT_EW,2025-04-25,1514.918457057019
5.0,C4_VOLTGT_EW,2025-04-28,1516.8378699629184
5.0,C4_VOLTGT_EW,2025-04-29,1518.8066223755372
5.0,C4_VOLTGT_EW,2025-04-30,1516.4511679844582
5.0,C4_VOLTGT_EW,2025-05-01,1516.6022170289068
5.0,C4_VOLTGT_EW,2025-05-02,1535.1302197740927
5.0,C4_VOLTGT_EW,2025-05-05,1530.421040537508
5.0,C4_VOLTGT_EW,2025-05-06,1526.4031108338038
5.0,C4_VOLTGT_EW,2025-05-07,1528.7677646964312
5.0,C4_VOLTGT_EW,2025-05-08,1535.2800624213537
5.0,C4_VOLTGT_EW,2025-05-09,1536.365920037089
5.0,C4_VOLTGT_EW,2025-05-12,1550.696860050829
5.0,C4_VOLTGT_EW,2025-05-13,1563.6897075849834
5.0,C4_VOLTGT_EW,2025-05-14,1563.9087223016938
5.0,C4_VOLTGT_EW,2025-05-15,1561.3685278339372
5.0,C4_VOLTGT_EW,2025-05-16,1565.4572485720084
5.0,C4_VOLTGT_EW,2025-05-19,1564.0695636826379
5.0,C4_VOLTGT_EW,2025-05-20,1565.2513056064463
5.0,C4_VOLTGT_EW,2025-05-21,1556.09510022433
5.0,C4_VOLTGT_EW,2025-05-22,1558.1551669586831
5.0,C4_VOLTGT_EW,2025-05-23,1554.944539603469
5.0,C4_VOLTGT_EW,2025-05-27,1564.9479876860187
5.0,C4_VOLTGT_EW,2025-05-28,1561.9710072915213
5.0,C4_VOLTGT_EW,2025-05-29,1561.8467858936735
5.0,C4_VOLTGT_EW,2025-05-30,1561.9229748197963
5.0,C4_VOLTGT_EW,2025-06-02,1570.9678438862547
5.0,C4_VOLTGT_EW,2025-06-03,1579.3151031699558
5.0,C4_VOLTGT_EW,2025-06-04,1583.395088578789
5.0,C4_VOLTGT_EW,2025-06-05,1575.2397709429001
5.0,C4_VOLTGT_EW,2025-06-06,1580.5599934583804
5.0,C4_VOLTGT_EW,2025-06-09,1591.0724455770996
5.0,C4_VOLTGT_EW,2025-06-10,1596.037392405868
5.0,C4_VOLTGT_EW,2025-06-11,1597.8964206569688
5.0,C4_VOLTGT_EW,2025-06-12,1600.0522468961265
5.0,C4_VOLTGT_EW,2025-06-13,1603.487499110708
5.0,C4_VOLTGT_EW,2025-06-16,1611.5807924031615
5.0,C4_VOLTGT_EW,2025-06-17,1605.837950944672
5.0,C4_VOLTGT_EW,2025-06-18,1612.106300656008
5.0,C4_VOLTGT_EW,2025-06-20,1612.414223165702
5.0,C4_VOLTGT_EW,2025-06-23,1621.2923501051705
5.0,C4_VOLTGT_EW,2025-06-24,1629.377234244535
5.0,C4_VOLTGT_EW,2025-06-25,1627.6693123657255
5.0,C4_VOLTGT_EW,2025-06-26,1631.5334457070412
5.0,C4_VOLTGT_EW,2025-06-27,1626.4721030176215
5.0,C4_VOLTGT_EW,2025-06-30,1627.9741701145838
5.0,C4_VOLTGT_EW,2025-07-01,1614.7161167185013
5.0,C4_VOLTGT_EW,2025-07-02,1625.3510343725018
5.0,C4_VOLTGT_EW,2025-07-03,1628.812734801687
5.0,C4_VOLTGT_EW,2025-07-07,1626.00335032251
5.0,C4_VOLTGT_EW,2025-07-08,1625.6118917689992
5.0,C4_VOLTGT_EW,2025-07-09,1631.7331515560807
5.0,C4_VOLTGT_EW,2025-07-10,1634.3971877517274
5.0,C4_VOLTGT_EW,2025-07-11,1640.1406092505965
5.0,C4_VOLTGT_EW,2025-07-14,1646.9106517640535
5.0,C4_VOLTGT_EW,2025-07-15,1645.7318740869682
5.0,C4_VOLTGT_EW,2025-07-16,1651.1837256302153
5.0,C4_VOLTGT_EW,2025-07-17,1655.2906673350076
5.0,C4_VOLTGT_EW,2025-07-18,1655.2866634600152
5.0,C4_VOLTGT_EW,2025-07-21,1653.9634144768092
5.0,C4_VOLTGT_EW,2025-07-22,1648.2812731398158
5.0,C4_VOLTGT_EW,2025-07-23,1655.7762967574374
5.0,C4_VOLTGT_EW,2025-07-24,1655.4842048706419
5.0,C4_VOLTGT_EW,2025-07-25,1650.0256622536003
5.0,C4_VOLTGT_EW,2025-07-28,1655.0921011170662
5.0,C4_VOLTGT_EW,2025-07-29,1650.8387315808884
5.0,C4_VOLTGT_EW,2025-07-30,1655.1567919296735
5.0,C4_VOLTGT_EW,2025-07-31,1653.2826598281176
5.0,C4_VOLTGT_EW,2025-08-01,1642.9036669452948
5.0,C4_VOLTGT_EW,2025-08-04,1666.5046691091889
5.0,C4_VOLTGT_EW,2025-08-05,1662.7661267280844
5.0,C4_VOLTGT_EW,2025-08-06,1674.8015328419287
5.0,C4_VOLTGT_EW,2025-08-07,1666.2487353372971
5.0,C4_VOLTGT_EW,2025-08-08,1666.0505234349098
5.0,C4_VOLTGT_EW,2025-08-11,1666.499199445863
5.0,C4_VOLTGT_EW,2025-08-12,1691.8648212630148
5.0,C4_VOLTGT_EW,2025-08-13,1690.770972008375
5.0,C4_VOLTGT_EW,2025-08-14,1678.4005456743523
5.0,C4_VOLTGT_EW,2025-08-15,1664.8847504632104
5.0,C4_VOLTGT_EW,2025-08-18,1663.5726123945537
5.0,C4_VOLTGT_EW,2025-08-19,1621.2417115810692
5.0,C4_VOLTGT_EW,2025-08-20,1623.8713584399752
5.0,C4_VOLTGT_EW,2025-08-21,1610.952852571439
5.0,C4_VOLTGT_EW,2025-08-22,1642.847003052481
5.0,C4_VOLTGT_EW,2025-08-25,1638.964483884558
5.0,C4_VOLTGT_EW,2025-08-26,1657.844877114506
5.0,C4_VOLTGT_EW,2025-08-27,1649.402361564053
5.0,C4_VOLTGT_EW,2025-08-28,1655.9893970020782
5.0,C4_VOLTGT_EW,2025-08-29,1631.9783517074034
5.0,C4_VOLTGT_EW,2025-09-02,1634.3734293756313
5.0,C4_VOLTGT_EW,2025-09-03,1628.205646048882
5.0,C4_VOLTGT_EW,2025-09-04,1628.970991540744
5.0,C4_VOLTGT_EW,2025-09-05,1642.1413913951956
5.0,C4_VOLTGT_EW,2025-09-08,1647.4297891357778
5.0,C4_VOLTGT_EW,2025-09-09,1647.706370457801
5.0,C4_VOLTGT_EW,2025-09-10,1677.6836297132375
5.0,C4_VOLTGT_EW,2025-09-11,1681.442646383447
5.0,C4_VOLTGT_EW,2025-09-12,1703.5094551197005
5.0,C4_VOLTGT_EW,2025-09-15,1717.6657508976234
5.0,C4_VOLTGT_EW,2025-09-16,1724.776341685602
5.0,C4_VOLTGT_EW,2025-09-17,1713.6457508023168
5.0,C4_VOLTGT_EW,2025-09-18,1731.3211792252546
5.0,C4_VOLTGT_EW,2025-09-19,1738.4193606536332
5.0,C4_VOLTGT_EW,2025-09-22,1751.5005736609132
5.0,C4_VOLTGT_EW,2025-09-23,1750.5303837006463
5.0,C4_VOLTGT_EW,2025-09-24,1751.080459266049
5.0,C4_VOLTGT_EW,2025-09-25,1719.0177025157136
5.0,C4_VOLTGT_EW,2025-09-26,1730.0512178434967
5.0,C4_VOLTGT_EW,2025-09-29,1736.4930653341698
5.0,C4_VOLTGT_EW,2025-09-30,1747.2802653690053
5.0,C4_VOLTGT_EW,2025-10-01,1787.3905791376571
5.0,C4_VOLTGT_EW,2025-10-02,1811.6208348889477
5.0,C4_VOLTGT_EW,2025-10-03,1807.1709336002161
5.0,C4_VOLTGT_EW,2025-10-06,1837.200248064105
5.0,C4_VOLTGT_EW,2025-10-07,1820.4333089145844
5.0,C4_VOLTGT_EW,2025-10-08,1852.9003311867427
5.0,C4_VOLTGT_EW,2025-10-09,1858.322463015892
5.0,C4_VOLTGT_EW,2025-10-10,1791.324038441297
5.0,C4_VOLTGT_EW,2025-10-13,1845.0152483829363
5.0,C4_VOLTGT_EW,2025-10-14,1834.206078063678
5.0,C4_VOLTGT_EW,2025-10-15,1850.2046637321685
5.0,C4_VOLTGT_EW,2025-10-16,1827.6180900341424
5.0,C4_VOLTGT_EW,2025-10-17,1812.7705373319823
5.0,C4_VOLTGT_EW,2025-10-20,1828.7307896852228
5.0,C4_VOLTGT_EW,2025-10-21,1801.697620185018
5.0,C4_VOLTGT_EW,2025-10-22,1774.4656074690079
5.0,C4_VOLTGT_EW,2025-10-23,1797.3975447388839
5.0,C4_VOLTGT_EW,2025-10-24,1814.3510610461742
5.0,C4_VOLTGT_EW,2025-10-27,1843.9455723709823
5.0,C4_VOLTGT_EW,2025-10-28,1838.3282374766573
5.0,C4_VOLTGT_EW,2025-10-29,1854.8639968571458
5.0,C4_VOLTGT_EW,2025-10-30,1811.1966470210077
5.0,C4_VOLTGT_EW,2025-10-31,1829.911187001183
5.0,C4_VOLTGT_EW,2025-11-03,1822.440275175427
5.0,C4_VOLTGT_EW,2025-11-04,1774.2965215799866
5.0,C4_VOLTGT_EW,2025-11-05,1786.519149103022
5.0,C4_VOLTGT_EW,2025-11-06,1752.8229491318145
5.0,C4_VOLTGT_EW,2025-11-07,1758.7575232204326
5.0,C4_VOLTGT_EW,2025-11-10,1784.3718881566442
5.0,C4_VOLTGT_EW,2025-11-11,1770.7475459017785
5.0,C4_VOLTGT_EW,2025-11-12,1758.543764155874
5.0,C4_VOLTGT_EW,2025-11-13,1721.713688877726
5.0,C4_VOLTGT_EW,2025-11-14,1722.3815593026784
5.0,C4_VOLTGT_EW,2025-11-17,1707.9405975760876
5.0,C4_VOLTGT_EW,2025-11-18,1707.1203533882003
5.0,C4_VOLTGT_EW,2025-11-19,1703.3054481347701
5.0,C4_VOLTGT_EW,2025-11-20,1673.9629585516316
5.0,C4_VOLTGT_EW,2025-11-21,1665.8808014837837
5.0,C4_VOLTGT_EW,2025-11-24,1706.4071162680086
5.0,C4_VOLTGT_EW,2025-11-25,1711.130913871404
5.0,C4_VOLTGT_EW,2025-11-26,1728.5610572380176
5.0,C4_VOLTGT_EW,2025-11-28,1738.8047919018418
5.0,C4_VOLTGT_EW,2025-12-01,1719.054114647255
5.0,C4_VOLTGT_EW,2025-12-02,1734.2309470699224
5.0,C4_VOLTGT_EW,2025-12-03,1750.6276048100872
5.0,C4_VOLTGT_EW,2025-12-04,1770.5111553768297
5.0,C4_VOLTGT_EW,2025-12-05,1769.4667333885968
5.0,C4_VOLTGT_EW,2025-12-08,1770.9532571321538
5.0,C4_VOLTGT_EW,2025-12-09,1772.8824785283628
5.0,C4_VOLTGT_EW,2025-12-10,1784.620588261963
5.0,C4_VOLTGT_EW,2025-12-11,1794.174031716339
5.0,C4_VOLTGT_EW,2025-12-12,1765.3262920909146
5.0,C4_VOLTGT_EW,2025-12-15,1745.867706796917
5.0,C4_VOLTGT_EW,2025-12-16,1753.9341799302974
5.0,C4_VOLTGT_EW,2025-12-17,1719.6605178126433
5.0,C4_VOLTGT_EW,2025-12-18,1736.2212300489605
5.0,C4_VOLTGT_EW,2025-12-19,1763.2441906796057
5.0,C4_VOLTGT_EW,2025-12-22,1784.9678567705878
5.0,C4_VOLTGT_EW,2025-12-23,1785.1426073622483
5.0,C4_VOLTGT_EW,2025-12-24,1777.2911736022784
5.0,C4_VOLTGT_EW,2025-12-26,1765.0058471509642
5.0,C4_VOLTGT_EW,2025-12-29,1755.3095857774892
5.0,C4_VOLTGT_EW,2025-12-30,1758.5707678743702
5.0,C4_VOLTGT_EW,2025-12-31,1746.3784345523813
5.0,C4_VOLTGT_EW,2026-01-02,1765.8402604187881
5.0,C4_VOLTGT_EW,2026-01-05,1785.346630795782
5.0,C4_VOLTGT_EW,2026-01-06,1794.0118626073074
5.0,C4_VOLTGT_EW,2026-01-07,1775.2699773970821
5.0,C4_VOLTGT_EW,2026-01-08,1777.8137353820923
5.0,C4_VOLTGT_EW,2026-01-09,1795.7789015272012
5.0,C4_VOLTGT_EW,2026-01-12,1809.880185727152
5.0,C4_VOLTGT_EW,2026-01-13,1814.4494859460954
5.0,C4_VOLTGT_EW,2026-01-14,1814.3668553961024
5.0,C4_VOLTGT_EW,2026-01-15,1817.470515188585
5.0,C4_VOLTGT_EW,2026-01-16,1826.8776785037858
5.0,C4_VOLTGT_EW,2026-01-20,1797.6636271349541
5.0,C4_VOLTGT_EW,2026-01-21,1805.7516760158737
5.0,C4_VOLTGT_EW,2026-01-22,1822.0864402495024
5.0,C4_VOLTGT_EW,2026-01-23,1824.7802813901965
5.0,C4_VOLTGT_EW,2026-01-26,1813.7433551554316
5.0,C4_VOLTGT_EW,2026-01-27,1830.7450489068863
5.0,C4_VOLTGT_EW,2026-01-28,1840.2736665039442
5.0,C4_VOLTGT_EW,2026-01-29,1838.8481183135245
5.0,C4_VOLTGT_EW,2026-01-30,1819.0635342756598
5.0,C4_VOLTGT_EW,2026-02-02,1797.9697215948659
5.0,C4_VOLTGT_EW,2026-02-03,1799.472739460496
5.0,C4_VOLTGT_EW,2026-02-04,1761.7024160741971
5.0,C4_VOLTGT_EW,2026-02-05,1717.0587731412384
5.0,C4_VOLTGT_EW,2026-02-06,1776.8477369573338
5.0,C4_VOLTGT_EW,2026-02-09,1796.0715751477292
5.0,C4_VOLTGT_EW,2026-02-10,1783.6162161947786
5.0,C4_VOLTGT_EW,2026-02-11,1783.9579093918942
5.0,C4_VOLTGT_EW,2026-02-12,1757.894237837481
5.0,C4_VOLTGT_EW,2026-02-13,1772.9817208978411
5.0,C4_VOLTGT_EW,2026-02-17,1765.5482672343992
5.0,C4_VOLTGT_EW,2026-02-18,1768.22207537231
5.0,C4_VOLTGT_EW,2026-02-19,1775.991518083376
5.0,C4_VOLTGT_EW,2026-02-20,1773.913451222983
5.0,C4_VOLTGT_EW,2026-02-23,1768.0463772040102
5.0,C4_VOLTGT_EW,2026-02-24,1772.1468999802369
5.0,C4_VOLTGT_EW,2026-02-25,1787.3332052978672
5.0,C4_VOLTGT_EW,2026-02-26,1776.0256760155662
5.0,C4_VOLTGT_EW,2026-02-27,1769.3105048819734
5.0,C4_VOLTGT_EW,2026-03-02,1790.3952321622846
5.0,C4_VOLTGT_EW,2026-03-03,1781.06900681882
5.0,C4_VOLTGT_EW,2026-03-04,1814.40996576201
5.0,C4_VOLTGT_EW,2026-03-05,1801.6409641171063
5.0,C4_VOLTGT_EW,2026-03-06,1793.15621982729
5.0,C4_VOLTGT_EW,2026-03-09,1805.2379651520318
5.0,C4_VOLTGT_EW,2026-03-10,1804.014789791223
5.0,C4_VOLTGT_EW,2026-03-11,1805.3474309477947
5.0,C4_VOLTGT_EW,2026-03-12,1800.8444144913342
5.0,C4_VOLTGT_EW,2026-03-13,1793.949235614568
5.0,C4_VOLTGT_EW,2026-03-16,1807.375148175112
5.0,C4_VOLTGT_EW,2026-03-17,1813.4554062226875
5.0,C4_VOLTGT_EW,2026-03-18,1795.5346343717938
5.0,C4_VOLTGT_EW,2026-03-19,1787.9612777317175
5.0,C4_VOLTGT_EW,2026-03-20,1759.7222646543173
5.0,C4_VOLTGT_EW,2026-03-23,1767.2614842204225
5.0,C4_VOLTGT_EW,2026-03-24,1762.4125437259172
5.0,C4_VOLTGT_EW,2026-03-25,1778.7304548435345
5.0,C4_VOLTGT_EW,2026-03-26,1746.007577796273
5.0,C4_VOLTGT_EW,2026-03-27,1727.5958784098243
5.0,C4_VOLTGT_EW,2026-03-30,1713.96204859091
5.0,C4_VOLTGT_EW,2026-03-31,1752.1958507189756
5.0,C4_VOLTGT_EW,2026-04-01,1763.0067310672657
5.0,C4_VOLTGT_EW,2026-04-02,1771.869833143665
5.0,C4_VOLTGT_EW,2026-04-06,1781.494868850603
5.0,C4_VOLTGT_EW,2026-04-07,1780.1727191654093
5.0,C4_VOLTGT_EW,2026-04-08,1797.6486332927093
5.0,C4_VOLTGT_EW,2026-04-09,1796.8576978830436
5.0,C4_VOLTGT_EW,2026-04-10,1803.154476019569
5.0,C4_VOLTGT_EW,2026-04-13,1816.5862767035594
5.0,C4_VOLTGT_EW,2026-04-14,1824.7874830285473
5.0,C4_VOLTGT_EW,2026-04-15,1837.812291032133
5.0,C4_VOLTGT_EW,2026-04-16,1847.522359363377
5.0,C4_VOLTGT_EW,2026-04-17,1861.8322415159382
5.0,C4_VOLTGT_EW,2026-04-20,1853.5267357571443
5.0,C4_VOLTGT_EW,2026-04-21,1844.7480578399502
5.0,C4_VOLTGT_EW,2026-04-22,1873.2895344311205
5.0,C4_VOLTGT_EW,2026-04-23,1855.4123329489632
5.0,C4_VOLTGT_EW,2026-04-24,1862.045844436573
5.0,C4_VOLTGT_EW,2026-04-27,1861.9742367359336
5.0,C4_VOLTGT_EW,2026-04-28,1843.735883547682
5.0,C4_VOLTGT_EW,2026-04-29,1837.0681372060135
5.0,C4_VOLTGT_EW,2026-04-30,1852.9822283458157
5.0,C4_VOLTGT_EW,2026-05-01,1861.7035829303445
5.0,C4_VOLTGT_EW,2026-05-04,1867.3021577866346
5.0,C4_VOLTGT_EW,2026-05-05,1863.5264504493816
5.0,C4_VOLTGT_EW,2026-05-06,1877.0651957779191
5.0,C4_VOLTGT_EW,2026-05-07,1866.821753807049
5.0,C4_VOLTGT_EW,2026-05-08,1886.0231634949666
5.0,C4_VOLTGT_EW,2026-05-11,1907.2081382002145
5.0,C4_VOLTGT_EW,2026-05-12,1890.7819746041778
5.0,C4_VOLTGT_EW,2026-05-13,1892.691937451263
5.0,C4_VOLTGT_EW,2026-05-14,1914.3345220120632
5.0,C4_VOLTGT_EW,2026-05-15,1893.7959321470196
5.0,C4_VOLTGT_EW,2026-05-18,1885.782903654242
5.0,C4_VOLTGT_EW,2026-05-19,1884.047026476467
5.0,C4_VOLTGT_EW,2026-05-20,1895.2100352357243
5.0,C4_VOLTGT_EW,2026-05-21,1898.6419780666902
5.0,C4_VOLTGT_EW,2026-05-22,1910.8460028252448
5.0,C4_VOLTGT_EW,2026-05-26,1933.5548575129017
5.0,C4_VOLTGT_EW,2026-05-27,1935.5473856857177
5.0,C4_VOLTGT_EW,2026-05-28,1949.4954600478052
5.0,C4_VOLTGT_EW,2026-05-29,1936.2836025947697
5.0,C4_VOLTGT_EW,2026-06-01,1921.8973438356854
5.0,C4_VOLTGT_EW,2026-06-02,1926.009466785101
5.0,C4_VOLTGT_EW,2026-06-03,1908.4161004278697
5.0,C4_VOLTGT_EW,2026-06-04,1899.042850410626
5.0,C4_VOLTGT_EW,2026-06-05,1833.5662492366148
5.0,C4_VOLTGT_EW,2026-06-08,1854.8900389515732
5.0,C4_VOLTGT_EW,2026-06-09,1832.230773030299
5.0,C4_VOLTGT_EW,2026-06-10,1806.4684020258426
5.0,C4_VOLTGT_EW,2026-06-11,1846.7113385780372
5.0,C4_VOLTGT_EW,2026-06-12,1833.2213675700286
5.0,C4_VOLTGT_EW,2026-06-15,1866.7629559298543
5.0,C4_VOLTGT_EW,2026-06-16,1842.644429100997
5.0,C4_VOLTGT_EW,2026-06-17,1827.4607102669268
5.0,C4_VOLTGT_EW,2026-06-18,1831.306756661004
5.0,C4_VOLTGT_EW,2026-06-22,1814.928141682533
5.0,C4_VOLTGT_EW,2026-06-23,1784.6045251076423
5.0,C4_VOLTGT_EW,2026-06-24,1760.2142106692866
5.0,C4_VOLTGT_EW,2026-06-25,1754.9432754954144
5.0,C4_VOLTGT_EW,2026-06-26,1756.4457782060633
5.0,C4_VOLTGT_EW,2026-06-29,1792.9318904693384
5.0,C4_VOLTGT_EW,2026-06-30,1794.6966266090708
5.0,C4_VOLTGT_EW,2026-07-01,1794.7425885243485
5.0,C4_VOLTGT_EW,2026-07-02,1794.7330080611614
5.0,C4_VOLTGT_EW,2026-07-06,1808.043457130735
5.0,C4_VOLTGT_EW,2026-07-07,1799.6068375795169
5.0,C4_VOLTGT_EW,2026-07-08,1799.1508107708555
5.0,C4_VOLTGT_EW,2026-07-09,1806.582946109851
5.0,C4_VOLTGT_EW,2026-07-10,1814.057122606849
5.0,C4_VOLTGT_EW,2026-07-13,1797.102403715533
5.0,C4_VOLTGT_EW,2026-07-14,1813.406802292791
5.0,C4_VOLTGT_EW,2026-07-15,1814.4845055402106
5.0,C4_VOLTGT_EW,2026-07-16,1786.1942472257106
5.0,C4_VOLTGT_EW,2026-07-17,1784.3346507305246
5.0,C4_VOLTGT_EW,2026-07-20,1787.497564681894
5.0,C4_VOLTGT_EW,2026-07-21,1809.8966977042828
5.0,C4_VOLTGT_EW,2026-07-22,1807.59440852975
5.0,C4_VOLTGT_EW,2026-07-23,1796.3301297120856
5.0,C4_VOLTGT_EW,2026-07-24,1781.885883847541
5.0,C4_VOLTGT_EW,2026-07-27,1778.9940218225006
5.0,C4_VOLTGT_EW,2026-07-28,1760.7684301938996
5.0,C4_VOLTGT_EW,2026-07-29,1746.391199369968
5.0,C4_VOLTGT_EW,2026-07-30,1762.7679963341814
5.0,C4_VOLTGT_EW,2026-07-31,1764.436441295718
5.0,C4_VOLTGT_EW,2026-08-03,1779.7625303524194
5.0,C4_VOLTGT_EW,2026-08-04,1811.1393680992512
5.0,C4_VOLTGT_EW,2026-08-05,1811.1209128640985
5.0,C4_VOLTGT_EW,2026-08-06,1811.5119206588106
5.0,C4_VOLTGT_EW,2026-08-07,1834.6410917550165
5.0,C4_VOLTGT_EW,2026-08-10,1836.5254463876986
5.0,C4_VOLTGT_EW,2026-08-11,1838.3018120369097
5.0,C4_VOLTGT_EW,2026-08-12,1843.0709256911018
5.0,C4_VOLTGT_EW,2026-08-13,1847.7504350584861
5.0,C4_VOLTGT_EW,2026-08-14,1838.5573661705982
5.0,C4_VOLTGT_EW,2026-08-17,1840.4412642673071
5.0,C4_VOLTGT_EW,2026-08-18,1821.8257690506298
5.0,C4_VOLTGT_EW,2026-08-19,1838.5033023100007
5.0,C4_VOLTGT_EW,2026-08-20,1835.1888594277484
5.0,C4_VOLTGT_EW,2026-08-21,1855.4203734824032
5.0,C4_VOLTGT_EW,2026-08-24,1843.8387982092506
5.0,C4_VOLTGT_EW,2026-08-25,1845.1332398588402
5.0,C4_VOLTGT_EW,2026-08-26,1838.4399363021207
5.0,C4_VOLTGT_EW,2026-08-27,1867.4200056550103
5.0,C4_VOLTGT_EW,2026-08-28,1843.426991961071
5.0,C5_TREND_XMOM,2024-11-22,1500.0
5.0,C5_TREND_XMOM,2024-11-25,1419.311308062069
5.0,C5_TREND_XMOM,2024-11-26,1395.4514451540526
5.0,C5_TREND_XMOM,2024-11-27,1400.3871721375488
5.0,C5_TREND_XMOM,2024-11-29,1430.2277476180338
5.0,C5_TREND_XMOM,2024-12-02,1414.6570277801102
5.0,C5_TREND_XMOM,2024-12-03,1421.3922788854668
5.0,C5_TREND_XMOM,2024-12-04,1456.411669053887
5.0,C5_TREND_XMOM,2024-12-05,1456.8710759926487
5.0,C5_TREND_XMOM,2024-12-06,1530.4731626849034
5.0,C5_TREND_XMOM,2024-12-09,1478.8307989391606
5.0,C5_TREND_XMOM,2024-12-10,1458.3734539033119
5.0,C5_TREND_XMOM,2024-12-11,1508.6574823309306
5.0,C5_TREND_XMOM,2024-12-12,1487.1359916857832
5.0,C5_TREND_XMOM,2024-12-13,1527.8136760530551
5.0,C5_TREND_XMOM,2024-12-16,1558.4357996484912
5.0,C5_TREND_XMOM,2024-12-17,1545.0359149952956
5.0,C5_TREND_XMOM,2024-12-18,1443.4406282247478
5.0,C5_TREND_XMOM,2024-12-19,1437.4228338278626
5.0,C5_TREND_XMOM,2024-12-20,1484.9233451052685
5.0,C5_TREND_XMOM,2024-12-23,1474.7106396367296
5.0,C5_TREND_XMOM,2024-12-24,1534.528088691553
5.0,C5_TREND_XMOM,2024-12-26,1529.6691737472584
5.0,C5_TREND_XMOM,2024-12-27,1461.0449999596296
5.0,C5_TREND_XMOM,2024-12-30,1408.292199538438
5.0,C5_TREND_XMOM,2024-12-31,1368.1090205055546
5.0,C5_TREND_XMOM,2025-01-02,1382.41694614041
5.0,C5_TREND_XMOM,2025-01-03,1511.8179291025942
5.0,C5_TREND_XMOM,2025-01-06,1538.9669073907467
5.0,C5_TREND_XMOM,2025-01-07,1454.3438631412664
5.0,C5_TREND_XMOM,2025-01-08,1428.3411946539736
5.0,C5_TREND_XMOM,2025-01-10,1430.0172804996314
5.0,C5_TREND_XMOM,2025-01-13,1403.2418625357845
5.0,C5_TREND_XMOM,2025-01-14,1421.8602602350704
5.0,C5_TREND_XMOM,2025-01-15,1481.671904555449
5.0,C5_TREND_XMOM,2025-01-16,1482.8742175197558
5.0,C5_TREND_XMOM,2025-01-17,1520.209283398986
5.0,C5_TREND_XMOM,2025-01-21,1572.5026153629815
5.0,C5_TREND_XMOM,2025-01-22,1564.0339354380117
5.0,C5_TREND_XMOM,2025-01-23,1540.4689084812217
5.0,C5_TREND_XMOM,2025-01-24,1523.9619573243917
5.0,C5_TREND_XMOM,2025-01-27,1385.5678628668286
5.0,C5_TREND_XMOM,2025-01-28,1428.2880921891478
5.0,C5_TREND_XMOM,2025-01-29,1403.8000822212018
5.0,C5_TREND_XMOM,2025-01-30,1460.7907272963473
5.0,C5_TREND_XMOM,2025-01-31,1474.937132829532
5.0,C5_TREND_XMOM,2025-02-03,1492.324846915378
5.0,C5_TREND_XMOM,2025-02-04,1577.5583692520108
5.0,C5_TREND_XMOM,2025-02-05,1549.6073653762205
5.0,C5_TREND_XMOM,2025-02-06,1561.9550207933128
5.0,C5_TREND_XMOM,2025-02-07,1543.077846909242
5.0,C5_TREND_XMOM,2025-02-10,1566.0773124703146
5.0,C5_TREND_XMOM,2025-02-11,1513.3151575206393
5.0,C5_TREND_XMOM,2025-02-12,1545.0512412364499
5.0,C5_TREND_XMOM,2025-02-13,1556.6580885633816
5.0,C5_TREND_XMOM,2025-02-14,1579.099381886293
5.0,C5_TREND_XMOM,2025-02-18,1583.7801331858334
5.0,C5_TREND_XMOM,2025-02-19,1543.2868191374594
5.0,C5_TREND_XMOM,2025-02-20,1521.707895801847
5.0,C5_TREND_XMOM,2025-02-21,1435.651416447916
5.0,C5_TREND_XMOM,2025-02-24,1364.7084717139737
5.0,C5_TREND_XMOM,2025-02-25,1276.2212653753804
5.0,C5_TREND_XMOM,2025-02-26,1290.1737674296407
5.0,C5_TREND_XMOM,2025-02-27,1210.7897881857514
5.0,C5_TREND_XMOM,2025-02-28,1244.151375037956
5.0,C5_TREND_XMOM,2025-03-03,1216.1808292296955
5.0,C5_TREND_XMOM,2025-03-04,1239.8956084137767
5.0,C5_TREND_XMOM,2025-03-05,1305.4896153770137
5.0,C5_TREND_XMOM,2025-03-06,1231.5336688318152
5.0,C5_TREND_XMOM,2025-03-07,1221.143253256291
5.0,C5_TREND_XMOM,2025-03-10,1080.6289807804878
5.0,C5_TREND_XMOM,2025-03-11,1136.4595268580958
5.0,C5_TREND_XMOM,2025-03-12,1180.6508142446296
5.0,C5_TREND_XMOM,2025-03-13,1180.6508142446296
5.0,C5_TREND_XMOM,2025-03-14,1180.6508142446296
5.0,C5_TREND_XMOM,2025-03-17,1180.6508142446296
5.0,C5_TREND_XMOM,2025-03-18,1180.6508142446296
5.0,C5_TREND_XMOM,2025-03-19,1180.6508142446296
5.0,C5_TREND_XMOM,2025-03-20,1180.6508142446296
5.0,C5_TREND_XMOM,2025-03-21,1180.6508142446296
5.0,C5_TREND_XMOM,2025-03-24,1180.6508142446296
5.0,C5_TREND_XMOM,2025-03-25,1180.6508142446296
5.0,C5_TREND_XMOM,2025-03-26,1143.5194476246077
5.0,C5_TREND_XMOM,2025-03-27,1128.0113386735497
5.0,C5_TREND_XMOM,2025-03-28,1116.5426484281552
5.0,C5_TREND_XMOM,2025-03-31,1116.5426484281552
5.0,C5_TREND_XMOM,2025-04-01,1116.5426484281552
5.0,C5_TREND_XMOM,2025-04-02,1116.5426484281552
5.0,C5_TREND_XMOM,2025-04-03,1116.5426484281552
5.0,C5_TREND_XMOM,2025-04-04,1116.5426484281552
5.0,C5_TREND_XMOM,2025-04-07,1116.5426484281552
5.0,C5_TREND_XMOM,2025-04-08,1116.5426484281552
5.0,C5_TREND_XMOM,2025-04-09,1116.5426484281552
5.0,C5_TREND_XMOM,2025-04-10,1116.5426484281552
5.0,C5_TREND_XMOM,2025-04-11,1116.5426484281552
5.0,C5_TREND_XMOM,2025-04-14,1116.5426484281552
5.0,C5_TREND_XMOM,2025-04-15,1116.5426484281552
5.0,C5_TREND_XMOM,2025-04-16,1116.5426484281552
5.0,C5_TREND_XMOM,2025-04-17,1116.5426484281552
5.0,C5_TREND_XMOM,2025-04-21,1116.5426484281552
5.0,C5_TREND_XMOM,2025-04-22,1116.5426484281552
5.0,C5_TREND_XMOM,2025-04-23,1116.5426484281552
5.0,C5_TREND_XMOM,2025-04-24,1116.5426484281552
5.0,C5_TREND_XMOM,2025-04-25,1116.5426484281552
5.0,C5_TREND_XMOM,2025-04-28,1116.5426484281552
5.0,C5_TREND_XMOM,2025-04-29,1116.5426484281552
5.0,C5_TREND_XMOM,2025-04-30,1116.5426484281552
5.0,C5_TREND_XMOM,2025-05-01,1116.5426484281552
5.0,C5_TREND_XMOM,2025-05-02,1116.5426484281552
5.0,C5_TREND_XMOM,2025-05-05,1116.5426484281552
5.0,C5_TREND_XMOM,2025-05-06,1116.5426484281552
5.0,C5_TREND_XMOM,2025-05-07,1116.5426484281552
5.0,C5_TREND_XMOM,2025-05-08,1116.5426484281552
5.0,C5_TREND_XMOM,2025-05-09,1116.5426484281552
5.0,C5_TREND_XMOM,2025-05-12,1116.5426484281552
5.0,C5_TREND_XMOM,2025-05-13,1116.5426484281552
5.0,C5_TREND_XMOM,2025-05-14,1115.7496378290434
5.0,C5_TREND_XMOM,2025-05-15,1103.3824837121406
5.0,C5_TREND_XMOM,2025-05-16,1110.9935692365823
5.0,C5_TREND_XMOM,2025-05-19,1118.290152158413
5.0,C5_TREND_XMOM,2025-05-20,1125.81038457281
5.0,C5_TREND_XMOM,2025-05-21,1111.142704791651
5.0,C5_TREND_XMOM,2025-05-22,1115.013497260813
5.0,C5_TREND_XMOM,2025-05-23,1100.7586820241559
5.0,C5_TREND_XMOM,2025-05-27,1103.8842246729757
5.0,C5_TREND_XMOM,2025-05-28,1092.274887072436
5.0,C5_TREND_XMOM,2025-05-29,1091.0469446956115
5.0,C5_TREND_XMOM,2025-05-30,1107.157718382975
5.0,C5_TREND_XMOM,2025-06-02,1117.1542149897605
5.0,C5_TREND_XMOM,2025-06-03,1128.0488192589557
5.0,C5_TREND_XMOM,2025-06-04,1133.5944038202188
5.0,C5_TREND_XMOM,2025-06-05,1110.1284732270751
5.0,C5_TREND_XMOM,2025-06-06,1111.8970879918031
5.0,C5_TREND_XMOM,2025-06-09,1116.6205287777152
5.0,C5_TREND_XMOM,2025-06-10,1120.7621474437624
5.0,C5_TREND_XMOM,2025-06-11,1129.252869629462
5.0,C5_TREND_XMOM,2025-06-12,1130.3953436074064
5.0,C5_TREND_XMOM,2025-06-13,1126.0856529351063
5.0,C5_TREND_XMOM,2025-06-16,1138.9153886584868
5.0,C5_TREND_XMOM,2025-06-17,1129.4353762697936
5.0,C5_TREND_XMOM,2025-06-18,1134.290067789352
5.0,C5_TREND_XMOM,2025-06-20,1126.9257020847747
5.0,C5_TREND_XMOM,2025-06-23,1144.801936728654
5.0,C5_TREND_XMOM,2025-06-24,1160.7107177629211
5.0,C5_TREND_XMOM,2025-06-25,1158.773386277088
5.0,C5_TREND_XMOM,2025-06-26,1168.804557678183
5.0,C5_TREND_XMOM,2025-06-27,1146.575682564765
5.0,C5_TREND_XMOM,2025-06-30,1166.9257276325388
5.0,C5_TREND_XMOM,2025-07-01,1144.2814164254896
5.0,C5_TREND_XMOM,2025-07-02,1150.3471242982664
5.0,C5_TREND_XMOM,2025-07-03,1160.271567611932
5.0,C5_TREND_XMOM,2025-07-07,1170.8225068460065
5.0,C5_TREND_XMOM,2025-07-08,1164.685539503181
5.0,C5_TREND_XMOM,2025-07-09,1168.9857382487203
5.0,C5_TREND_XMOM,2025-07-10,1172.5425045571994
5.0,C5_TREND_XMOM,2025-07-11,1180.0593275017745
5.0,C5_TREND_XMOM,2025-07-14,1201.922378330633
5.0,C5_TREND_XMOM,2025-07-15,1208.8587865559537
5.0,C5_TREND_XMOM,2025-07-16,1210.336685919542
5.0,C5_TREND_XMOM,2025-07-17,1236.479068242516
5.0,C5_TREND_XMOM,2025-07-18,1253.4859978694171
5.0,C5_TREND_XMOM,2025-07-21,1244.2244188400969
5.0,C5_TREND_XMOM,2025-07-22,1242.2807819427846
5.0,C5_TREND_XMOM,2025-07-23,1274.762952926774
5.0,C5_TREND_XMOM,2025-07-24,1275.10257906751
5.0,C5_TREND_XMOM,2025-07-25,1245.1651243739304
5.0,C5_TREND_XMOM,2025-07-28,1247.643785834085
5.0,C5_TREND_XMOM,2025-07-29,1236.6839235132743
5.0,C5_TREND_XMOM,2025-07-30,1252.626275187559
5.0,C5_TREND_XMOM,2025-07-31,1274.8398690035483
5.0,C5_TREND_XMOM,2025-08-01,1260.6188646660019
5.0,C5_TREND_XMOM,2025-08-04,1289.0255513933992
5.0,C5_TREND_XMOM,2025-08-05,1303.0494161384695
5.0,C5_TREND_XMOM,2025-08-06,1307.9473798492045
5.0,C5_TREND_XMOM,2025-08-07,1301.4790214731038
5.0,C5_TREND_XMOM,2025-08-08,1303.4135789434415
5.0,C5_TREND_XMOM,2025-08-11,1288.730148524455
5.0,C5_TREND_XMOM,2025-08-12,1335.3937541081955
5.0,C5_TREND_XMOM,2025-08-13,1321.9871352469354
5.0,C5_TREND_XMOM,2025-08-14,1307.896839019264
5.0,C5_TREND_XMOM,2025-08-15,1287.0816895772828
5.0,C5_TREND_XMOM,2025-08-18,1286.1725185455653
5.0,C5_TREND_XMOM,2025-08-19,1219.0033643653453
5.0,C5_TREND_XMOM,2025-08-20,1212.531033457555
5.0,C5_TREND_XMOM,2025-08-21,1207.1659455685608
5.0,C5_TREND_XMOM,2025-08-22,1230.0157438082908
5.0,C5_TREND_XMOM,2025-08-25,1244.4442890553632
5.0,C5_TREND_XMOM,2025-08-26,1264.644448360245
5.0,C5_TREND_XMOM,2025-08-27,1248.275113396655
5.0,C5_TREND_XMOM,2025-08-28,1261.738044656927
5.0,C5_TREND_XMOM,2025-08-29,1231.8264023710967
5.0,C5_TREND_XMOM,2025-09-02,1223.3780551519324
5.0,C5_TREND_XMOM,2025-09-03,1208.613424912106
5.0,C5_TREND_XMOM,2025-09-04,1200.3402900314109
5.0,C5_TREND_XMOM,2025-09-05,1212.853218004817
5.0,C5_TREND_XMOM,2025-09-08,1219.9143748102517
5.0,C5_TREND_XMOM,2025-09-09,1214.1543126077556
5.0,C5_TREND_XMOM,2025-09-10,1280.989040493049
5.0,C5_TREND_XMOM,2025-09-11,1266.108554979762
5.0,C5_TREND_XMOM,2025-09-12,1287.4822178275604
5.0,C5_TREND_XMOM,2025-09-15,1306.8130839133241
5.0,C5_TREND_XMOM,2025-09-16,1289.7546282591047
5.0,C5_TREND_XMOM,2025-09-17,1271.21513532463
5.0,C5_TREND_XMOM,2025-09-18,1296.2673158009588
5.0,C5_TREND_XMOM,2025-09-19,1325.133018851407
5.0,C5_TREND_XMOM,2025-09-22,1353.419742241902
5.0,C5_TREND_XMOM,2025-09-23,1362.8259401891123
5.0,C5_TREND_XMOM,2025-09-24,1351.9777930660878
5.0,C5_TREND_XMOM,2025-09-25,1323.4997434132863
5.0,C5_TREND_XMOM,2025-09-26,1326.4373684944871
5.0,C5_TREND_XMOM,2025-09-29,1314.7600911751604
5.0,C5_TREND_XMOM,2025-09-30,1327.2776765569147
5.0,C5_TREND_XMOM,2025-10-01,1381.8302057728795
5.0,C5_TREND_XMOM,2025-10-02,1418.4690115311137
5.0,C5_TREND_XMOM,2025-10-03,1399.6215091000547
5.0,C5_TREND_XMOM,2025-10-06,1442.7672992481005
5.0,C5_TREND_XMOM,2025-10-07,1443.58913612389
5.0,C5_TREND_XMOM,2025-10-08,1493.5696022359864
5.0,C5_TREND_XMOM,2025-10-09,1526.2698972069857
5.0,C5_TREND_XMOM,2025-10-10,1444.4002818635809
5.0,C5_TREND_XMOM,2025-10-13,1535.0421681297598
5.0,C5_TREND_XMOM,2025-10-14,1531.6153737336438
5.0,C5_TREND_XMOM,2025-10-15,1546.2591113619046
5.0,C5_TREND_XMOM,2025-10-16,1515.55420190309
5.0,C5_TREND_XMOM,2025-10-17,1491.1486266485365
5.0,C5_TREND_XMOM,2025-10-20,1497.0014160063147
5.0,C5_TREND_XMOM,2025-10-21,1466.1981677179706
5.0,C5_TREND_XMOM,2025-10-22,1416.7069464313029
5.0,C5_TREND_XMOM,2025-10-23,1438.0677815340182
5.0,C5_TREND_XMOM,2025-10-24,1458.819733774786
5.0,C5_TREND_XMOM,2025-10-27,1518.8318144821226
5.0,C5_TREND_XMOM,2025-10-28,1539.3008823919845
5.0,C5_TREND_XMOM,2025-10-29,1584.3326361985803
5.0,C5_TREND_XMOM,2025-10-30,1534.874029461696
5.0,C5_TREND_XMOM,2025-10-31,1564.7493372100416
5.0,C5_TREND_XMOM,2025-11-03,1538.8690373593126
5.0,C5_TREND_XMOM,2025-11-04,1474.2477419610345
5.0,C5_TREND_XMOM,2025-11-05,1481.1369803573348
5.0,C5_TREND_XMOM,2025-11-06,1417.9246865589962
5.0,C5_TREND_XMOM,2025-11-07,1431.3927099049897
5.0,C5_TREND_XMOM,2025-11-10,1484.3004179678246
5.0,C5_TREND_XMOM,2025-11-11,1455.9892235297168
5.0,C5_TREND_XMOM,2025-11-12,1438.7366036411438
5.0,C5_TREND_XMOM,2025-11-13,1373.941142757054
5.0,C5_TREND_XMOM,2025-11-14,1382.6880820535694
5.0,C5_TREND_XMOM,2025-11-17,1347.4911350348425
5.0,C5_TREND_XMOM,2025-11-18,1332.598158513665
5.0,C5_TREND_XMOM,2025-11-19,1352.347800523949
5.0,C5_TREND_XMOM,2025-11-20,1277.250206287283
5.0,C5_TREND_XMOM,2025-11-21,1273.4484190985354
5.0,C5_TREND_XMOM,2025-11-24,1349.038861990116
5.0,C5_TREND_XMOM,2025-11-25,1353.082163106442
5.0,C5_TREND_XMOM,2025-11-26,1378.193747126369
5.0,C5_TREND_XMOM,2025-11-28,1390.279942094852
5.0,C5_TREND_XMOM,2025-12-01,1363.5875474849117
5.0,C5_TREND_XMOM,2025-12-02,1391.4497857662423
5.0,C5_TREND_XMOM,2025-12-03,1414.1756156978556
5.0,C5_TREND_XMOM,2025-12-04,1470.4396519668746
5.0,C5_TREND_XMOM,2025-12-05,1483.842098829678
5.0,C5_TREND_XMOM,2025-12-08,1496.4695348317214
5.0,C5_TREND_XMOM,2025-12-09,1488.7142171426117
5.0,C5_TREND_XMOM,2025-12-10,1530.5837416278082
5.0,C5_TREND_XMOM,2025-12-11,1553.545006327065
5.0,C5_TREND_XMOM,2025-12-12,1460.939452103664
5.0,C5_TREND_XMOM,2025-12-15,1410.3068291692823
5.0,C5_TREND_XMOM,2025-12-16,1413.1006135088821
5.0,C5_TREND_XMOM,2025-12-17,1344.950705798211
5.0,C5_TREND_XMOM,2025-12-18,1383.8045262648666
5.0,C5_TREND_XMOM,2025-12-19,1463.85482006115
5.0,C5_TREND_XMOM,2025-12-22,1529.2727325100461
5.0,C5_TREND_XMOM,2025-12-23,1538.8002480196806
5.0,C5_TREND_XMOM,2025-12-24,1501.571406122797
5.0,C5_TREND_XMOM,2025-12-26,1474.3754785118258
5.0,C5_TREND_XMOM,2025-12-29,1466.0386509593266
5.0,C5_TREND_XMOM,2025-12-30,1481.8491525023908
5.0,C5_TREND_XMOM,2025-12-31,1462.2097615949997
5.0,C5_TREND_XMOM,2026-01-02,1535.9563462871881
5.0,C5_TREND_XMOM,2026-01-05,1557.4204608248497
5.0,C5_TREND_XMOM,2026-01-06,1586.0202286687504
5.0,C5_TREND_XMOM,2026-01-07,1556.7079773739938
5.0,C5_TREND_XMOM,2026-01-08,1553.2060905230244
5.0,C5_TREND_XMOM,2026-01-09,1591.9774677185783
5.0,C5_TREND_XMOM,2026-01-12,1612.0982325507607
5.0,C5_TREND_XMOM,2026-01-13,1589.7811317335145
5.0,C5_TREND_XMOM,2026-01-14,1578.771983919853
5.0,C5_TREND_XMOM,2026-01-15,1589.7461188532461
5.0,C5_TREND_XMOM,2026-01-16,1641.90424852391
5.0,C5_TREND_XMOM,2026-01-20,1596.7912137435615
5.0,C5_TREND_XMOM,2026-01-21,1573.3819108088917
5.0,C5_TREND_XMOM,2026-01-22,1634.7393286847223
5.0,C5_TREND_XMOM,2026-01-23,1619.1538147775386
5.0,C5_TREND_XMOM,2026-01-26,1576.571390654913
5.0,C5_TREND_XMOM,2026-01-27,1595.3377822168945
5.0,C5_TREND_XMOM,2026-01-28,1614.0259223519438
5.0,C5_TREND_XMOM,2026-01-29,1595.250933900088
5.0,C5_TREND_XMOM,2026-01-30,1558.863786453088
5.0,C5_TREND_XMOM,2026-02-02,1531.8370714106927
5.0,C5_TREND_XMOM,2026-02-03,1577.5358377221419
5.0,C5_TREND_XMOM,2026-02-04,1546.7768396903755
5.0,C5_TREND_XMOM,2026-02-05,1485.7800494114197
5.0,C5_TREND_XMOM,2026-02-06,1554.330684186525
5.0,C5_TREND_XMOM,2026-02-09,1570.3161770006818
5.0,C5_TREND_XMOM,2026-02-10,1538.4964107546339
5.0,C5_TREND_XMOM,2026-02-11,1548.438442252148
5.0,C5_TREND_XMOM,2026-02-12,1497.6800778741465
5.0,C5_TREND_XMOM,2026-02-13,1517.7058197685628
5.0,C5_TREND_XMOM,2026-02-17,1505.9810190389765
5.0,C5_TREND_XMOM,2026-02-18,1515.908214541413
5.0,C5_TREND_XMOM,2026-02-19,1529.772923293055
5.0,C5_TREND_XMOM,2026-02-20,1512.9056495011503
5.0,C5_TREND_XMOM,2026-02-23,1546.3308155365505
5.0,C5_TREND_XMOM,2026-02-24,1548.81687357303
5.0,C5_TREND_XMOM,2026-02-25,1530.7448066229329
5.0,C5_TREND_XMOM,2026-02-26,1528.6139796516761
5.0,C5_TREND_XMOM,2026-02-27,1527.0009011751108
5.0,C5_TREND_XMOM,2026-03-02,1554.3748544542368
5.0,C5_TREND_XMOM,2026-03-03,1536.5118570808165
5.0,C5_TREND_XMOM,2026-03-04,1584.8516715690264
5.0,C5_TREND_XMOM,2026-03-05,1528.857461660923
5.0,C5_TREND_XMOM,2026-03-06,1515.1023303959726
5.0,C5_TREND_XMOM,2026-03-09,1529.1686181889495
5.0,C5_TREND_XMOM,2026-03-10,1519.1173105635482
5.0,C5_TREND_XMOM,2026-03-11,1522.171102913074
5.0,C5_TREND_XMOM,2026-03-12,1496.063639430116
5.0,C5_TREND_XMOM,2026-03-13,1489.846217092931
5.0,C5_TREND_XMOM,2026-03-16,1506.0141179039458
5.0,C5_TREND_XMOM,2026-03-17,1508.8674213550757
5.0,C5_TREND_XMOM,2026-03-18,1479.3117331739074
5.0,C5_TREND_XMOM,2026-03-19,1478.5179729012877
5.0,C5_TREND_XMOM,2026-03-20,1440.7591003728758
5.0,C5_TREND_XMOM,2026-03-23,1429.267554144691
5.0,C5_TREND_XMOM,2026-03-24,1416.908034967986
5.0,C5_TREND_XMOM,2026-03-25,1416.908034967986
5.0,C5_TREND_XMOM,2026-03-26,1416.908034967986
5.0,C5_TREND_XMOM,2026-03-27,1416.908034967986
5.0,C5_TREND_XMOM,2026-03-30,1416.908034967986
5.0,C5_TREND_XMOM,2026-03-31,1416.908034967986
5.0,C5_TREND_XMOM,2026-04-01,1416.908034967986
5.0,C5_TREND_XMOM,2026-04-02,1416.908034967986
5.0,C5_TREND_XMOM,2026-04-06,1416.908034967986
5.0,C5_TREND_XMOM,2026-04-07,1416.908034967986
5.0,C5_TREND_XMOM,2026-04-08,1416.908034967986
5.0,C5_TREND_XMOM,2026-04-09,1416.908034967986
5.0,C5_TREND_XMOM,2026-04-10,1415.4667161692228
5.0,C5_TREND_XMOM,2026-04-13,1441.620260893069
5.0,C5_TREND_XMOM,2026-04-14,1398.5876264146973
5.0,C5_TREND_XMOM,2026-04-15,1385.9099742302292
5.0,C5_TREND_XMOM,2026-04-16,1407.266351346199
5.0,C5_TREND_XMOM,2026-04-17,1377.7199663525105
5.0,C5_TREND_XMOM,2026-04-20,1367.5298130888539
5.0,C5_TREND_XMOM,2026-04-21,1371.4647737034
5.0,C5_TREND_XMOM,2026-04-22,1396.3485161343658
5.0,C5_TREND_XMOM,2026-04-23,1382.1130903720305
5.0,C5_TREND_XMOM,2026-04-24,1369.866082879387
5.0,C5_TREND_XMOM,2026-04-27,1367.5336386062563
5.0,C5_TREND_XMOM,2026-04-28,1346.6747406602826
5.0,C5_TREND_XMOM,2026-04-29,1363.1494697867938
5.0,C5_TREND_XMOM,2026-04-30,1406.3748776724872
5.0,C5_TREND_XMOM,2026-05-01,1397.2461896831333
5.0,C5_TREND_XMOM,2026-05-04,1401.5657824955474
5.0,C5_TREND_XMOM,2026-05-05,1416.6959784907724
5.0,C5_TREND_XMOM,2026-05-06,1417.6749870631484
5.0,C5_TREND_XMOM,2026-05-07,1408.2015689821064
5.0,C5_TREND_XMOM,2026-05-08,1416.9174377801653
5.0,C5_TREND_XMOM,2026-05-11,1434.108494716023
5.0,C5_TREND_XMOM,2026-05-12,1446.4981659876241
5.0,C5_TREND_XMOM,2026-05-13,1457.7792879865606
5.0,C5_TREND_XMOM,2026-05-14,1457.9795797516003
5.0,C5_TREND_XMOM,2026-05-15,1446.4827854372675
5.0,C5_TREND_XMOM,2026-05-18,1440.8936270875106
5.0,C5_TREND_XMOM,2026-05-19,1455.4931582765316
5.0,C5_TREND_XMOM,2026-05-20,1448.6857104617131
5.0,C5_TREND_XMOM,2026-05-21,1433.8921800652242
5.0,C5_TREND_XMOM,2026-05-22,1440.6838056152333
5.0,C5_TREND_XMOM,2026-05-26,1449.0342825419311
5.0,C5_TREND_XMOM,2026-05-27,1435.3371266484041
5.0,C5_TREND_XMOM,2026-05-28,1454.5694090604316
5.0,C5_TREND_XMOM,2026-05-29,1440.8249805099815
5.0,C5_TREND_XMOM,2026-06-01,1441.9531076844196
5.0,C5_TREND_XMOM,2026-06-02,1481.193787922602
5.0,C5_TREND_XMOM,2026-06-03,1465.1528407438898
5.0,C5_TREND_XMOM,2026-06-04,1451.3301707932874
5.0,C5_TREND_XMOM,2026-06-05,1365.143724862711
5.0,C5_TREND_XMOM,2026-06-08,1383.4998021602341
5.0,C5_TREND_XMOM,2026-06-09,1364.310524870245
5.0,C5_TREND_XMOM,2026-06-10,1348.5207585890294
5.0,C5_TREND_XMOM,2026-06-11,1408.548413699708
5.0,C5_TREND_XMOM,2026-06-12,1363.0209078531138
5.0,C5_TREND_XMOM,2026-06-15,1386.8159469387042
5.0,C5_TREND_XMOM,2026-06-16,1339.8242361003947
5.0,C5_TREND_XMOM,2026-06-17,1344.8244072653795
5.0,C5_TREND_XMOM,2026-06-18,1348.3213826994424
5.0,C5_TREND_XMOM,2026-06-22,1321.2505669318336
5.0,C5_TREND_XMOM,2026-06-23,1288.0503404581896
5.0,C5_TREND_XMOM,2026-06-24,1255.784873261697
5.0,C5_TREND_XMOM,2026-06-25,1277.419855538188
5.0,C5_TREND_XMOM,2026-06-26,1264.6344854399583
5.0,C5_TREND_XMOM,2026-06-29,1324.2150162993007
5.0,C5_TREND_XMOM,2026-06-30,1350.3269427418015
5.0,C5_TREND_XMOM,2026-07-01,1318.5845969858162
5.0,C5_TREND_XMOM,2026-07-02,1306.2292437834346
5.0,C5_TREND_XMOM,2026-07-06,1300.9200478671594
5.0,C5_TREND_XMOM,2026-07-07,1283.0449892359595
5.0,C5_TREND_XMOM,2026-07-08,1294.680689669729
5.0,C5_TREND_XMOM,2026-07-09,1296.4358684998138
5.0,C5_TREND_XMOM,2026-07-10,1288.28891940113
5.0,C5_TREND_XMOM,2026-07-13,1275.5609444522058
5.0,C5_TREND_XMOM,2026-07-14,1288.155028726766
5.0,C5_TREND_XMOM,2026-07-15,1278.2790877764037
5.0,C5_TREND_XMOM,2026-07-16,1226.1941119365338
5.0,C5_TREND_XMOM,2026-07-17,1241.1696602711677
5.0,C5_TREND_XMOM,2026-07-20,1238.1485806875485
5.0,C5_TREND_XMOM,2026-07-21,1288.3601424105623
5.0,C5_TREND_XMOM,2026-07-22,1288.6092134612034
5.0,C5_TREND_XMOM,2026-07-23,1298.642201921424
5.0,C5_TREND_XMOM,2026-07-24,1271.1327466667115
5.0,C5_TREND_XMOM,2026-07-27,1241.5240242311177
5.0,C5_TREND_XMOM,2026-07-28,1217.0323336771896
5.0,C5_TREND_XMOM,2026-07-29,1210.0319954896777
5.0,C5_TREND_XMOM,2026-07-30,1234.8948755484487
5.0,C5_TREND_XMOM,2026-07-31,1241.308508785448
5.0,C5_TREND_XMOM,2026-08-03,1236.4407950980947
5.0,C5_TREND_XMOM,2026-08-04,1267.7525270592346
5.0,C5_TREND_XMOM,2026-08-05,1270.2767027110904
5.0,C5_TREND_XMOM,2026-08-06,1285.0835882510019
5.0,C5_TREND_XMOM,2026-08-07,1294.282074863974
5.0,C5_TREND_XMOM,2026-08-10,1310.9435313906074
5.0,C5_TREND_XMOM,2026-08-11,1308.2662935907724
5.0,C5_TREND_XMOM,2026-08-12,1316.4749159387543
5.0,C5_TREND_XMOM,2026-08-13,1315.1046502036197
5.0,C5_TREND_XMOM,2026-08-14,1296.4812204220334
5.0,C5_TREND_XMOM,2026-08-17,1308.3731088016486
5.0,C5_TREND_XMOM,2026-08-18,1293.5334422139506
5.0,C5_TREND_XMOM,2026-08-19,1289.3948418638333
5.0,C5_TREND_XMOM,2026-08-20,1289.5078576495537
5.0,C5_TREND_XMOM,2026-08-21,1294.726822839093
5.0,C5_TREND_XMOM,2026-08-24,1272.5661370807954
5.0,C5_TREND_XMOM,2026-08-25,1260.669045191171
5.0,C5_TREND_XMOM,2026-08-26,1253.4692964491812
5.0,C5_TREND_XMOM,2026-08-27,1274.2366994374809
5.0,C5_TREND_XMOM,2026-08-28,1261.9457003340199
10.0,C1_EW_MONTHLY,2024-11-22,1500.0
10.0,C1_EW_MONTHLY,2024-11-25,1464.3395824904983
10.0,C1_EW_MONTHLY,2024-11-26,1460.6923274039189
10.0,C1_EW_MONTHLY,2024-11-27,1463.8564754076538
10.0,C1_EW_MONTHLY,2024-11-29,1482.246792944231
10.0,C1_EW_MONTHLY,2024-12-02,1483.5533769246742
10.0,C1_EW_MONTHLY,2024-12-03,1494.8281681054154
10.0,C1_EW_MONTHLY,2024-12-04,1516.4697374131877
10.0,C1_EW_MONTHLY,2024-12-05,1513.3151450543219
10.0,C1_EW_MONTHLY,2024-12-06,1543.397880484301
10.0,C1_EW_MONTHLY,2024-12-09,1513.7378976674518
10.0,C1_EW_MONTHLY,2024-12-10,1501.7874480879382
10.0,C1_EW_MONTHLY,2024-12-11,1537.6204017064238
10.0,C1_EW_MONTHLY,2024-12-12,1520.4872323907086
10.0,C1_EW_MONTHLY,2024-12-13,1557.9901140695401
10.0,C1_EW_MONTHLY,2024-12-16,1585.086008089677
10.0,C1_EW_MONTHLY,2024-12-17,1573.0179510897385
10.0,C1_EW_MONTHLY,2024-12-18,1508.9404939272592
10.0,C1_EW_MONTHLY,2024-12-19,1496.1483406227815
10.0,C1_EW_MONTHLY,2024-12-20,1518.833456192804
10.0,C1_EW_MONTHLY,2024-12-23,1527.7030672949552
10.0,C1_EW_MONTHLY,2024-12-24,1562.3700778508978
10.0,C1_EW_MONTHLY,2024-12-26,1559.649070916153
10.0,C1_EW_MONTHLY,2024-12-27,1529.0938053766147
10.0,C1_EW_MONTHLY,2024-12-30,1503.8094761115726
10.0,C1_EW_MONTHLY,2024-12-31,1485.4213899258737
10.0,C1_EW_MONTHLY,2025-01-02,1501.0458378859973
10.0,C1_EW_MONTHLY,2025-01-03,1553.5983053015298
10.0,C1_EW_MONTHLY,2025-01-06,1572.5640971789649
10.0,C1_EW_MONTHLY,2025-01-07,1528.0400771667432
10.0,C1_EW_MONTHLY,2025-01-08,1518.3940138642877
10.0,C1_EW_MONTHLY,2025-01-10,1519.7737185543847
10.0,C1_EW_MONTHLY,2025-01-13,1509.3584530194928
10.0,C1_EW_MONTHLY,2025-01-14,1508.328187365547
10.0,C1_EW_MONTHLY,2025-01-15,1546.6552957355862
10.0,C1_EW_MONTHLY,2025-01-16,1546.749956592007
10.0,C1_EW_MONTHLY,2025-01-17,1568.7670622707105
10.0,C1_EW_MONTHLY,2025-01-21,1598.0332177211353
10.0,C1_EW_MONTHLY,2025-01-22,1600.7103646231503
10.0,C1_EW_MONTHLY,2025-01-23,1594.4626320580292
10.0,C1_EW_MONTHLY,2025-01-24,1592.6606451224727
10.0,C1_EW_MONTHLY,2025-01-27,1509.9640520329003
10.0,C1_EW_MONTHLY,2025-01-28,1528.2772286256404
10.0,C1_EW_MONTHLY,2025-01-29,1518.1029835776376
10.0,C1_EW_MONTHLY,2025-01-30,1550.9048566639326
10.0,C1_EW_MONTHLY,2025-01-31,1550.0896926210864
10.0,C1_EW_MONTHLY,2025-02-03,1551.188934478048
10.0,C1_EW_MONTHLY,2025-02-04,1591.1133947242392
10.0,C1_EW_MONTHLY,2025-02-05,1603.370762989286
10.0,C1_EW_MONTHLY,2025-02-06,1624.23263156048
10.0,C1_EW_MONTHLY,2025-02-07,1611.234251868319
10.0,C1_EW_MONTHLY,2025-02-10,1651.898294937711
10.0,C1_EW_MONTHLY,2025-02-11,1624.0380547348407
10.0,C1_EW_MONTHLY,2025-02-12,1627.2729769473494
10.0,C1_EW_MONTHLY,2025-02-13,1648.6968733595393
10.0,C1_EW_MONTHLY,2025-02-14,1659.106354290743
10.0,C1_EW_MONTHLY,2025-02-18,1658.6208700329826
10.0,C1_EW_MONTHLY,2025-02-19,1650.9328757542748
10.0,C1_EW_MONTHLY,2025-02-20,1641.6356730102166
10.0,C1_EW_MONTHLY,2025-02-21,1585.2142217074859
10.0,C1_EW_MONTHLY,2025-02-24,1551.3721528219785
10.0,C1_EW_MONTHLY,2025-02-25,1510.1134528554883
10.0,C1_EW_MONTHLY,2025-02-26,1529.2250757186844
10.0,C1_EW_MONTHLY,2025-02-27,1475.8579998285986
10.0,C1_EW_MONTHLY,2025-02-28,1501.7741023443239
10.0,C1_EW_MONTHLY,2025-03-03,1467.2948876813157
10.0,C1_EW_MONTHLY,2025-03-04,1483.9244136026657
10.0,C1_EW_MONTHLY,2025-03-05,1536.4805760602978
10.0,C1_EW_MONTHLY,2025-03-06,1481.0209867497447
10.0,C1_EW_MONTHLY,2025-03-07,1489.670146737092
10.0,C1_EW_MONTHLY,2025-03-10,1396.2088418898452
10.0,C1_EW_MONTHLY,2025-03-11,1417.040762138232
10.0,C1_EW_MONTHLY,2025-03-12,1440.0649150709871
10.0,C1_EW_MONTHLY,2025-03-13,1415.228167423842
10.0,C1_EW_MONTHLY,2025-03-14,1468.5855517954797
10.0,C1_EW_MONTHLY,2025-03-17,1468.8943978519571
10.0,C1_EW_MONTHLY,2025-03-18,1435.2133299133163
10.0,C1_EW_MONTHLY,2025-03-19,1462.936857361633
10.0,C1_EW_MONTHLY,2025-03-20,1459.3688407569894
10.0,C1_EW_MONTHLY,2025-03-21,1464.5687362073324
10.0,C1_EW_MONTHLY,2025-03-24,1524.2120429827792
10.0,C1_EW_MONTHLY,2025-03-25,1521.8934311850774
10.0,C1_EW_MONTHLY,2025-03-26,1479.9686483940272
10.0,C1_EW_MONTHLY,2025-03-27,1460.402811112232
10.0,C1_EW_MONTHLY,2025-03-28,1420.2067749603648
10.0,C1_EW_MONTHLY,2025-03-31,1415.6557746828892
10.0,C1_EW_MONTHLY,2025-04-01,1430.9594922874742
10.0,C1_EW_MONTHLY,2025-04-02,1454.3223384326163
10.0,C1_EW_MONTHLY,2025-04-03,1370.0795960527992
10.0,C1_EW_MONTHLY,2025-04-04,1299.184079072053
10.0,C1_EW_MONTHLY,2025-04-07,1300.4038325808403
10.0,C1_EW_MONTHLY,2025-04-08,1276.3834127337825
10.0,C1_EW_MONTHLY,2025-04-09,1436.6434103192214
10.0,C1_EW_MONTHLY,2025-04-10,1378.8557715111672
10.0,C1_EW_MONTHLY,2025-04-11,1411.9320372835796
10.0,C1_EW_MONTHLY,2025-04-14,1421.1384595421657
10.0,C1_EW_MONTHLY,2025-04-15,1427.6053855099358
10.0,C1_EW_MONTHLY,2025-04-16,1401.4318708170654
10.0,C1_EW_MONTHLY,2025-04-17,1415.166112910041
10.0,C1_EW_MONTHLY,2025-04-21,1381.0031410619333
10.0,C1_EW_MONTHLY,2025-04-22,1416.9236558908608
10.0,C1_EW_MONTHLY,2025-04-23,1449.9726002460102
10.0,C1_EW_MONTHLY,2025-04-24,1494.3971048145158
10.0,C1_EW_MONTHLY,2025-04-25,1527.3277315325706
10.0,C1_EW_MONTHLY,2025-04-28,1531.4096960471377
10.0,C1_EW_MONTHLY,2025-04-29,1535.5965895819147
10.0,C1_EW_MONTHLY,2025-04-30,1530.5873072068123
10.0,C1_EW_MONTHLY,2025-05-01,1530.908539203067
10.0,C1_EW_MONTHLY,2025-05-02,1574.521831057287
10.0,C1_EW_MONTHLY,2025-05-05,1560.1336835075624
10.0,C1_EW_MONTHLY,2025-05-06,1547.8575388723784
10.0,C1_EW_MONTHLY,2025-05-07,1555.0823623437789
10.0,C1_EW_MONTHLY,2025-05-08,1574.9796514140248
10.0,C1_EW_MONTHLY,2025-05-09,1578.2973165119708
10.0,C1_EW_MONTHLY,2025-05-12,1622.0832225233733
10.0,C1_EW_MONTHLY,2025-05-13,1661.7807999611077
10.0,C1_EW_MONTHLY,2025-05-14,1662.4499645652302
10.0,C1_EW_MONTHLY,2025-05-15,1654.6888047174298
10.0,C1_EW_MONTHLY,2025-05-16,1667.1812400895974
10.0,C1_EW_MONTHLY,2025-05-19,1662.9413898019561
10.0,C1_EW_MONTHLY,2025-05-20,1666.5520141403458
10.0,C1_EW_MONTHLY,2025-05-21,1638.5766860810515
10.0,C1_EW_MONTHLY,2025-05-22,1644.870892066222
10.0,C1_EW_MONTHLY,2025-05-23,1635.061331250374
10.0,C1_EW_MONTHLY,2025-05-27,1665.6252745166585
10.0,C1_EW_MONTHLY,2025-05-28,1656.5295847973325
10.0,C1_EW_MONTHLY,2025-05-29,1656.1500460897844
10.0,C1_EW_MONTHLY,2025-05-30,1656.3828292257906
10.0,C1_EW_MONTHLY,2025-06-02,1684.0179868951195
10.0,C1_EW_MONTHLY,2025-06-03,1709.380524563771
10.0,C1_EW_MONTHLY,2025-06-04,1721.7792509892977
10.0,C1_EW_MONTHLY,2025-06-05,1696.99593875937
10.0,C1_EW_MONTHLY,2025-06-06,1713.1636395922105
10.0,C1_EW_MONTHLY,2025-06-09,1745.1100817533184
10.0,C1_EW_MONTHLY,2025-06-10,1760.1981301845487
10.0,C1_EW_MONTHLY,2025-06-11,1765.8475579135848
10.0,C1_EW_MONTHLY,2025-06-12,1772.398929323497
10.0,C1_EW_MONTHLY,2025-06-13,1782.8383667585106
10.0,C1_EW_MONTHLY,2025-06-16,1807.4331923177965
10.0,C1_EW_MONTHLY,2025-06-17,1789.9811886917962
10.0,C1_EW_MONTHLY,2025-06-18,1809.0301669166015
10.0,C1_EW_MONTHLY,2025-06-20,1809.965917066514
10.0,C1_EW_MONTHLY,2025-06-23,1836.9457849001722
10.0,C1_EW_MONTHLY,2025-06-24,1861.5150557630138
10.0,C1_EW_MONTHLY,2025-06-25,1856.3248273652148
10.0,C1_EW_MONTHLY,2025-06-26,1868.067597833709
10.0,C1_EW_MONTHLY,2025-06-27,1852.686610633094
10.0,C1_EW_MONTHLY,2025-06-30,1857.2512639692807
10.0,C1_EW_MONTHLY,2025-07-01,1816.9611745397526
10.0,C1_EW_MONTHLY,2025-07-02,1846.3284633707938
10.0,C1_EW_MONTHLY,2025-07-03,1855.5841693190173
10.0,C1_EW_MONTHLY,2025-07-07,1848.0725902073361
10.0,C1_EW_MONTHLY,2025-07-08,1847.0259296610718
10.0,C1_EW_MONTHLY,2025-07-09,1863.3926204770212
10.0,C1_EW_MONTHLY,2025-07-10,1870.5155752695407
10.0,C1_EW_MONTHLY,2025-07-11,1885.872022662289
10.0,C1_EW_MONTHLY,2025-07-14,1903.9733933739888
10.0,C1_EW_MONTHLY,2025-07-15,1900.821641863244
10.0,C1_EW_MONTHLY,2025-07-16,1915.3985053989313
10.0,C1_EW_MONTHLY,2025-07-17,1926.379422304846
10.0,C1_EW_MONTHLY,2025-07-18,1926.368716962099
10.0,C1_EW_MONTHLY,2025-07-21,1922.8306859465956
10.0,C1_EW_MONTHLY,2025-07-22,1907.6380861109596
10.0,C1_EW_MONTHLY,2025-07-23,1927.6778717882044
10.0,C1_EW_MONTHLY,2025-07-24,1926.8968924200162
10.0,C1_EW_MONTHLY,2025-07-25,1912.3021386558746
10.0,C1_EW_MONTHLY,2025-07-28,1925.8485067729816
10.0,C1_EW_MONTHLY,2025-07-29,1914.4760791116835
10.0,C1_EW_MONTHLY,2025-07-30,1926.0214735421443
10.0,C1_EW_MONTHLY,2025-07-31,1921.010521267395
10.0,C1_EW_MONTHLY,2025-08-01,1893.259735742396
10.0,C1_EW_MONTHLY,2025-08-04,1926.6384470562139
10.0,C1_EW_MONTHLY,2025-08-05,1922.3163352608503
10.0,C1_EW_MONTHLY,2025-08-06,1936.2304133757725
10.0,C1_EW_MONTHLY,2025-08-07,1926.3425631898394
10.0,C1_EW_MONTHLY,2025-08-08,1926.1134113135306
10.0,C1_EW_MONTHLY,2025-08-11,1926.6321236033898
10.0,C1_EW_MONTHLY,2025-08-12,1955.957203294007
10.0,C1_EW_MONTHLY,2025-08-13,1954.6926091597466
10.0,C1_EW_MONTHLY,2025-08-14,1940.3912156962979
10.0,C1_EW_MONTHLY,2025-08-15,1924.7656664980207
10.0,C1_EW_MONTHLY,2025-08-18,1923.2487096614873
10.0,C1_EW_MONTHLY,2025-08-19,1874.310148301574
10.0,C1_EW_MONTHLY,2025-08-20,1877.3502710413784
10.0,C1_EW_MONTHLY,2025-08-21,1862.4152453278605
10.0,C1_EW_MONTHLY,2025-08-22,1899.2879272302873
10.0,C1_EW_MONTHLY,2025-08-25,1894.7993645283584
10.0,C1_EW_MONTHLY,2025-08-26,1916.6269010283327
10.0,C1_EW_MONTHLY,2025-08-27,1906.8665473066312
10.0,C1_EW_MONTHLY,2025-08-28,1914.4817889331696
10.0,C1_EW_MONTHLY,2025-08-29,1886.7227289819862
10.0,C1_EW_MONTHLY,2025-09-02,1889.491667350314
10.0,C1_EW_MONTHLY,2025-09-03,1882.3244847748672
10.0,C1_EW_MONTHLY,2025-09-04,1883.2092799861723
10.0,C1_EW_MONTHLY,2025-09-05,1898.4352228395637
10.0,C1_EW_MONTHLY,2025-09-08,1904.5489963524378
10.0,C1_EW_MONTHLY,2025-09-09,1904.8687445339647
10.0,C1_EW_MONTHLY,2025-09-10,1939.524642712356
10.0,C1_EW_MONTHLY,2025-09-11,1943.8703401579967
10.0,C1_EW_MONTHLY,2025-09-12,1969.3811805643609
10.0,C1_EW_MONTHLY,2025-09-15,1985.7468910144885
10.0,C1_EW_MONTHLY,2025-09-16,1993.967252597134
10.0,C1_EW_MONTHLY,2025-09-17,1981.099477693846
10.0,C1_EW_MONTHLY,2025-09-18,2001.5335621598463
10.0,C1_EW_MONTHLY,2025-09-19,2009.7395776176813
10.0,C1_EW_MONTHLY,2025-09-22,2024.8624139706387
10.0,C1_EW_MONTHLY,2025-09-23,2023.740803612927
10.0,C1_EW_MONTHLY,2025-09-24,2024.3767310879032
10.0,C1_EW_MONTHLY,2025-09-25,1987.3098456935475
10.0,C1_EW_MONTHLY,2025-09-26,2000.0653941741853
10.0,C1_EW_MONTHLY,2025-09-29,2007.5126397283968
10.0,C1_EW_MONTHLY,2025-09-30,2019.9834297646607
10.0,C1_EW_MONTHLY,2025-10-01,2066.353878044306
10.0,C1_EW_MONTHLY,2025-10-02,2094.299640844823
10.0,C1_EW_MONTHLY,2025-10-03,2089.155392947411
10.0,C1_EW_MONTHLY,2025-10-06,2123.870373745473
10.0,C1_EW_MONTHLY,2025-10-07,2104.4871816543637
10.0,C1_EW_MONTHLY,2025-10-08,2142.0202414284586
10.0,C1_EW_MONTHLY,2025-10-09,2148.2884232266088
10.0,C1_EW_MONTHLY,2025-10-10,2070.8358052054955
10.0,C1_EW_MONTHLY,2025-10-13,2132.904798634903
10.0,C1_EW_MONTHLY,2025-10-14,2120.409004216177
10.0,C1_EW_MONTHLY,2025-10-15,2138.903951709756
10.0,C1_EW_MONTHLY,2025-10-16,2112.793050205032
10.0,C1_EW_MONTHLY,2025-10-17,2095.628738726209
10.0,C1_EW_MONTHLY,2025-10-20,2114.0793715117575
10.0,C1_EW_MONTHLY,2025-10-21,2082.8280433724194
10.0,C1_EW_MONTHLY,2025-10-22,2051.3468452363218
10.0,C1_EW_MONTHLY,2025-10-23,2077.8569996037622
10.0,C1_EW_MONTHLY,2025-10-24,2097.4558816819713
10.0,C1_EW_MONTHLY,2025-10-27,2131.6682142213695
10.0,C1_EW_MONTHLY,2025-10-28,2125.1743705731146
10.0,C1_EW_MONTHLY,2025-10-29,2144.290310434657
10.0,C1_EW_MONTHLY,2025-10-30,2093.809264226069
10.0,C1_EW_MONTHLY,2025-10-31,2115.4439537837543
10.0,C1_EW_MONTHLY,2025-11-03,2106.8073077195554
10.0,C1_EW_MONTHLY,2025-11-04,2048.285709941491
10.0,C1_EW_MONTHLY,2025-11-05,2066.1957245588796
10.0,C1_EW_MONTHLY,2025-11-06,2016.8201354805585
10.0,C1_EW_MONTHLY,2025-11-07,2025.516163276121
10.0,C1_EW_MONTHLY,2025-11-10,2063.0493082204534
10.0,C1_EW_MONTHLY,2025-11-11,2043.0853382412433
10.0,C1_EW_MONTHLY,2025-11-12,2025.202938647159
10.0,C1_EW_MONTHLY,2025-11-13,1971.2352311842603
10.0,C1_EW_MONTHLY,2025-11-14,1972.213872564837
10.0,C1_EW_MONTHLY,2025-11-17,1951.0532968109778
10.0,C1_EW_MONTHLY,2025-11-18,1949.8513796808681
10.0,C1_EW_MONTHLY,2025-11-19,1944.261337055081
10.0,C1_EW_MONTHLY,2025-11-20,1901.2653105170757
10.0,C1_EW_MONTHLY,2025-11-21,1889.4223945031188
10.0,C1_EW_MONTHLY,2025-11-24,1948.806261744956
10.0,C1_EW_MONTHLY,2025-11-25,1955.7281190924816
10.0,C1_EW_MONTHLY,2025-11-26,1981.2687912508122
10.0,C1_EW_MONTHLY,2025-11-28,1996.2791020223685
10.0,C1_EW_MONTHLY,2025-12-01,1967.338113870164
10.0,C1_EW_MONTHLY,2025-12-02,1991.2026204384356
10.0,C1_EW_MONTHLY,2025-12-03,2019.2618246870245
10.0,C1_EW_MONTHLY,2025-12-04,2053.2880643866392
10.0,C1_EW_MONTHLY,2025-12-05,2051.500770271342
10.0,C1_EW_MONTHLY,2025-12-08,2054.044622439377
10.0,C1_EW_MONTHLY,2025-12-09,2057.346052404849
10.0,C1_EW_MONTHLY,2025-12-10,2077.433196000013
10.0,C1_EW_MONTHLY,2025-12-11,2093.7817729729313
10.0,C1_EW_MONTHLY,2025-12-12,2044.4153331114035
10.0,C1_EW_MONTHLY,2025-12-15,2011.1163262159046
10.0,C1_EW_MONTHLY,2025-12-16,2024.920286803607
10.0,C1_EW_MONTHLY,2025-12-17,1966.2685968710498
10.0,C1_EW_MONTHLY,2025-12-18,1994.6085436153594
10.0,C1_EW_MONTHLY,2025-12-19,2040.8522832696613
10.0,C1_EW_MONTHLY,2025-12-22,2078.027468208839
10.0,C1_EW_MONTHLY,2025-12-23,2078.326514674385
10.0,C1_EW_MONTHLY,2025-12-24,2064.8905457710625
10.0,C1_EW_MONTHLY,2025-12-26,2043.8669634275943
10.0,C1_EW_MONTHLY,2025-12-29,2027.2739856001929
10.0,C1_EW_MONTHLY,2025-12-30,2032.8547677326435
10.0,C1_EW_MONTHLY,2025-12-31,2011.9903222846817
10.0,C1_EW_MONTHLY,2026-01-02,2045.2948746934528
10.0,C1_EW_MONTHLY,2026-01-05,2079.0119403516956
10.0,C1_EW_MONTHLY,2026-01-06,2094.8258204322065
10.0,C1_EW_MONTHLY,2026-01-07,2060.6222432349996
10.0,C1_EW_MONTHLY,2026-01-08,2065.264552246894
10.0,C1_EW_MONTHLY,2026-01-09,2098.0506322069623
10.0,C1_EW_MONTHLY,2026-01-12,2123.785202518471
10.0,C1_EW_MONTHLY,2026-01-13,2132.1240868421555
10.0,C1_EW_MONTHLY,2026-01-14,2131.9732876902117
10.0,C1_EW_MONTHLY,2026-01-15,2137.6374066470457
10.0,C1_EW_MONTHLY,2026-01-16,2154.8052973394215
10.0,C1_EW_MONTHLY,2026-01-20,2101.490219905704
10.0,C1_EW_MONTHLY,2026-01-21,2116.250752326551
10.0,C1_EW_MONTHLY,2026-01-22,2146.06138040351
10.0,C1_EW_MONTHLY,2026-01-23,2150.9775882651647
10.0,C1_EW_MONTHLY,2026-01-26,2130.8354118375396
10.0,C1_EW_MONTHLY,2026-01-27,2161.8631733561024
10.0,C1_EW_MONTHLY,2026-01-28,2179.2527157584764
10.0,C1_EW_MONTHLY,2026-01-29,2176.6511179452127
10.0,C1_EW_MONTHLY,2026-01-30,2140.5446356002813
10.0,C1_EW_MONTHLY,2026-02-02,2102.048836361402
10.0,C1_EW_MONTHLY,2026-02-03,2107.335180619788
10.0,C1_EW_MONTHLY,2026-02-04,2044.45323490006
10.0,C1_EW_MONTHLY,2026-02-05,1970.1282389785383
10.0,C1_EW_MONTHLY,2026-02-06,2069.6679315268498
10.0,C1_EW_MONTHLY,2026-02-09,2101.672750157864
10.0,C1_EW_MONTHLY,2026-02-10,2080.936438276477
10.0,C1_EW_MONTHLY,2026-02-11,2081.5053064022286
10.0,C1_EW_MONTHLY,2026-02-12,2038.1131870608324
10.0,C1_EW_MONTHLY,2026-02-13,2063.231592353413
10.0,C1_EW_MONTHLY,2026-02-17,2050.8560025287243
10.0,C1_EW_MONTHLY,2026-02-18,2055.307493623293
10.0,C1_EW_MONTHLY,2026-02-19,2068.2424550170044
10.0,C1_EW_MONTHLY,2026-02-20,2064.7827841484036
10.0,C1_EW_MONTHLY,2026-02-23,2055.0149824215987
10.0,C1_EW_MONTHLY,2026-02-24,2061.841740244137
10.0,C1_EW_MONTHLY,2026-02-25,2087.1246698314653
10.0,C1_EW_MONTHLY,2026-02-26,2068.299322871058
10.0,C1_EW_MONTHLY,2026-02-27,2057.1195661503507
10.0,C1_EW_MONTHLY,2026-03-02,2092.2224871075155
10.0,C1_EW_MONTHLY,2026-03-03,2077.190792780965
10.0,C1_EW_MONTHLY,2026-03-04,2138.1157101039507
10.0,C1_EW_MONTHLY,2026-03-05,2114.782536908831
10.0,C1_EW_MONTHLY,2026-03-06,2099.278113498438
10.0,C1_EW_MONTHLY,2026-03-09,2121.3554429562228
10.0,C1_EW_MONTHLY,2026-03-10,2119.120298554534
10.0,C1_EW_MONTHLY,2026-03-11,2121.5554730323793
10.0,C1_EW_MONTHLY,2026-03-12,2113.3269782916805
10.0,C1_EW_MONTHLY,2026-03-13,2100.727214628314
10.0,C1_EW_MONTHLY,2026-03-16,2125.260780508364
10.0,C1_EW_MONTHLY,2026-03-17,2136.371415312905
10.0,C1_EW_MONTHLY,2026-03-18,2103.6242605223015
10.0,C1_EW_MONTHLY,2026-03-19,2089.785242636213
10.0,C1_EW_MONTHLY,2026-03-20,2038.1832614228094
10.0,C1_EW_MONTHLY,2026-03-23,2051.959899627111
10.0,C1_EW_MONTHLY,2026-03-24,2043.0992876922478
10.0,C1_EW_MONTHLY,2026-03-25,2072.917487805167
10.0,C1_EW_MONTHLY,2026-03-26,2013.122009754532
10.0,C1_EW_MONTHLY,2026-03-27,1979.4777686033879
10.0,C1_EW_MONTHLY,2026-03-30,1954.564269386753
10.0,C1_EW_MONTHLY,2026-03-31,2024.4300233251715
10.0,C1_EW_MONTHLY,2026-04-01,2044.1850637404928
10.0,C1_EW_MONTHLY,2026-04-02,2062.818524143495
10.0,C1_EW_MONTHLY,2026-04-06,2081.4973492330455
10.0,C1_EW_MONTHLY,2026-04-07,2078.931519508992
10.0,C1_EW_MONTHLY,2026-04-08,2112.84615143379
10.0,C1_EW_MONTHLY,2026-04-09,2111.3112226684216
10.0,C1_EW_MONTHLY,2026-04-10,2123.531064861327
10.0,C1_EW_MONTHLY,2026-04-13,2149.5974882235923
10.0,C1_EW_MONTHLY,2026-04-14,2165.5131588903864
10.0,C1_EW_MONTHLY,2026-04-15,2190.789751926669
10.0,C1_EW_MONTHLY,2026-04-16,2209.6335955745576
10.0,C1_EW_MONTHLY,2026-04-17,2237.4040676972845
10.0,C1_EW_MONTHLY,2026-04-20,2221.2859883392057
10.0,C1_EW_MONTHLY,2026-04-21,2204.2496474543022
10.0,C1_EW_MONTHLY,2026-04-22,2259.638662651376
10.0,C1_EW_MONTHLY,2026-04-23,2224.9452724403486
10.0,C1_EW_MONTHLY,2026-04-24,2237.818596195114
10.0,C1_EW_MONTHLY,2026-04-27,2237.679630714254
10.0,C1_EW_MONTHLY,2026-04-28,2202.2853714618723
10.0,C1_EW_MONTHLY,2026-04-29,2189.345609839197
10.0,C1_EW_MONTHLY,2026-04-30,2220.229290057158
10.0,C1_EW_MONTHLY,2026-05-01,2237.1543864192354
10.0,C1_EW_MONTHLY,2026-05-04,2247.882305996992
10.0,C1_EW_MONTHLY,2026-05-05,2240.547278885593
10.0,C1_EW_MONTHLY,2026-05-06,2266.848857680997
10.0,C1_EW_MONTHLY,2026-05-07,2246.949030215811
10.0,C1_EW_MONTHLY,2026-05-08,2284.251407772546
10.0,C1_EW_MONTHLY,2026-05-11,2325.4072363199825
10.0,C1_EW_MONTHLY,2026-05-12,2293.4963002883633
10.0,C1_EW_MONTHLY,2026-05-13,2297.206765113565
10.0,C1_EW_MONTHLY,2026-05-14,2339.2515875360837
10.0,C1_EW_MONTHLY,2026-05-15,2299.3514840498865
10.0,C1_EW_MONTHLY,2026-05-18,2283.784657495556
10.0,C1_EW_MONTHLY,2026-05-19,2280.4123870773983
10.0,C1_EW_MONTHLY,2026-05-20,2302.098647314269
10.0,C1_EW_MONTHLY,2026-05-21,2308.7658467186116
10.0,C1_EW_MONTHLY,2026-05-22,2332.474477837596
10.0,C1_EW_MONTHLY,2026-05-26,2376.590732071421
10.0,C1_EW_MONTHLY,2026-05-27,2380.4615956904386
10.0,C1_EW_MONTHLY,2026-05-28,2407.558373713533
10.0,C1_EW_MONTHLY,2026-05-29,2381.8918365712625
10.0,C1_EW_MONTHLY,2026-06-01,2353.9438023080324
10.0,C1_EW_MONTHLY,2026-06-02,2362.0714501266616
10.0,C1_EW_MONTHLY,2026-06-03,2333.988528190448
10.0,C1_EW_MONTHLY,2026-06-04,2319.0267384352614
10.0,C1_EW_MONTHLY,2026-06-05,2214.5115341200535
10.0,C1_EW_MONTHLY,2026-06-08,2248.549040631891
10.0,C1_EW_MONTHLY,2026-06-09,2212.3798173531695
10.0,C1_EW_MONTHLY,2026-06-10,2171.25734885455
10.0,C1_EW_MONTHLY,2026-06-11,2235.494017535911
10.0,C1_EW_MONTHLY,2026-06-12,2213.9610263477875
10.0,C1_EW_MONTHLY,2026-06-15,2267.5008542806286
10.0,C1_EW_MONTHLY,2026-06-16,2229.002326346952
10.0,C1_EW_MONTHLY,2026-06-17,2204.765737279201
10.0,C1_EW_MONTHLY,2026-06-18,2210.9048819121745
10.0,C1_EW_MONTHLY,2026-06-22,2184.7609730931185
10.0,C1_EW_MONTHLY,2026-06-23,2136.3577431594504
10.0,C1_EW_MONTHLY,2026-06-24,2097.4253818100538
10.0,C1_EW_MONTHLY,2026-06-25,2089.0117980755317
10.0,C1_EW_MONTHLY,2026-06-26,2091.4101262564686
10.0,C1_EW_MONTHLY,2026-06-29,2149.65006860976
10.0,C1_EW_MONTHLY,2026-06-30,2152.466979611545
10.0,C1_EW_MONTHLY,2026-07-01,2152.540345041024
10.0,C1_EW_MONTHLY,2026-07-02,2149.7011172066364
10.0,C1_EW_MONTHLY,2026-07-06,2173.967443835359
10.0,C1_EW_MONTHLY,2026-07-07,2158.5866129856986
10.0,C1_EW_MONTHLY,2026-07-08,2157.755228902969
10.0,C1_EW_MONTHLY,2026-07-09,2171.3047810437156
10.0,C1_EW_MONTHLY,2026-07-10,2184.930978567845
10.0,C1_EW_MONTHLY,2026-07-13,2154.0207707781365
10.0,C1_EW_MONTHLY,2026-07-14,2183.7453773103866
10.0,C1_EW_MONTHLY,2026-07-15,2185.7101419005235
10.0,C1_EW_MONTHLY,2026-07-16,2134.134072221562
10.0,C1_EW_MONTHLY,2026-07-17,2130.743835294623
10.0,C1_EW_MONTHLY,2026-07-20,2136.5101548711664
10.0,C1_EW_MONTHLY,2026-07-21,2177.3460932591497
10.0,C1_EW_MONTHLY,2026-07-22,2173.1487817476477
10.0,C1_EW_MONTHLY,2026-07-23,2152.6128353195677
10.0,C1_EW_MONTHLY,2026-07-24,2126.2794797563924
10.0,C1_EW_MONTHLY,2026-07-27,2121.007315902414
10.0,C1_EW_MONTHLY,2026-07-28,2087.780175544518
10.0,C1_EW_MONTHLY,2026-07-29,2061.5689953381657
10.0,C1_EW_MONTHLY,2026-07-30,2091.425591624936
10.0,C1_EW_MONTHLY,2026-07-31,2094.467339516917
10.0,C1_EW_MONTHLY,2026-08-03,2122.4083865129164
10.0,C1_EW_MONTHLY,2026-08-04,2180.3787566355713
10.0,C1_EW_MONTHLY,2026-08-05,2180.3441245677664
10.0,C1_EW_MONTHLY,2026-08-06,2181.0778680474227
10.0,C1_EW_MONTHLY,2026-08-07,2224.4807840793032
10.0,C1_EW_MONTHLY,2026-08-10,2228.0168591749643
10.0,C1_EW_MONTHLY,2026-08-11,2231.3502881506042
10.0,C1_EW_MONTHLY,2026-08-12,2240.29974157539
10.0,C1_EW_MONTHLY,2026-08-13,2249.081048579353
10.0,C1_EW_MONTHLY,2026-08-14,2231.8298468239327
10.0,C1_EW_MONTHLY,2026-08-17,2235.3650652095794
10.0,C1_EW_MONTHLY,2026-08-18,2200.432262282031
10.0,C1_EW_MONTHLY,2026-08-19,2231.7283935901733
10.0,C1_EW_MONTHLY,2026-08-20,2225.508694427048
10.0,C1_EW_MONTHLY,2026-08-21,2263.474028422784
10.0,C1_EW_MONTHLY,2026-08-24,2241.7406884337865
10.0,C1_EW_MONTHLY,2026-08-25,2244.169765636407
10.0,C1_EW_MONTHLY,2026-08-26,2231.609484464211
10.0,C1_EW_MONTHLY,2026-08-27,2285.9918707369234
10.0,C1_EW_MONTHLY,2026-08-28,2240.9679157331657
10.0,C2_TREND_SPY200,2024-11-22,1500.0
10.0,C2_TREND_SPY200,2024-11-25,1464.3395824904983
10.0,C2_TREND_SPY200,2024-11-26,1460.6923274039189
10.0,C2_TREND_SPY200,2024-11-27,1463.8564754076538
10.0,C2_TREND_SPY200,2024-11-29,1482.246792944231
10.0,C2_TREND_SPY200,2024-12-02,1483.5533769246742
10.0,C2_TREND_SPY200,2024-12-03,1494.8281681054154
10.0,C2_TREND_SPY200,2024-12-04,1516.4697374131877
10.0,C2_TREND_SPY200,2024-12-05,1513.3151450543219
10.0,C2_TREND_SPY200,2024-12-06,1543.397880484301
10.0,C2_TREND_SPY200,2024-12-09,1513.7378976674518
10.0,C2_TREND_SPY200,2024-12-10,1501.7874480879382
10.0,C2_TREND_SPY200,2024-12-11,1537.6204017064238
10.0,C2_TREND_SPY200,2024-12-12,1520.4872323907086
10.0,C2_TREND_SPY200,2024-12-13,1557.9901140695401
10.0,C2_TREND_SPY200,2024-12-16,1585.086008089677
10.0,C2_TREND_SPY200,2024-12-17,1573.0179510897385
10.0,C2_TREND_SPY200,2024-12-18,1508.9404939272592
10.0,C2_TREND_SPY200,2024-12-19,1496.1483406227815
10.0,C2_TREND_SPY200,2024-12-20,1518.833456192804
10.0,C2_TREND_SPY200,2024-12-23,1527.7030672949552
10.0,C2_TREND_SPY200,2024-12-24,1562.3700778508978
10.0,C2_TREND_SPY200,2024-12-26,1559.649070916153
10.0,C2_TREND_SPY200,2024-12-27,1529.0938053766147
10.0,C2_TREND_SPY200,2024-12-30,1503.8094761115726
10.0,C2_TREND_SPY200,2024-12-31,1485.4213899258737
10.0,C2_TREND_SPY200,2025-01-02,1501.0458378859973
10.0,C2_TREND_SPY200,2025-01-03,1553.5983053015298
10.0,C2_TREND_SPY200,2025-01-06,1572.5640971789649
10.0,C2_TREND_SPY200,2025-01-07,1528.0400771667432
10.0,C2_TREND_SPY200,2025-01-08,1518.3940138642877
10.0,C2_TREND_SPY200,2025-01-10,1519.7737185543847
10.0,C2_TREND_SPY200,2025-01-13,1509.3584530194928
10.0,C2_TREND_SPY200,2025-01-14,1508.328187365547
10.0,C2_TREND_SPY200,2025-01-15,1546.6552957355862
10.0,C2_TREND_SPY200,2025-01-16,1546.749956592007
10.0,C2_TREND_SPY200,2025-01-17,1568.7670622707105
10.0,C2_TREND_SPY200,2025-01-21,1598.0332177211353
10.0,C2_TREND_SPY200,2025-01-22,1600.7103646231503
10.0,C2_TREND_SPY200,2025-01-23,1594.4626320580292
10.0,C2_TREND_SPY200,2025-01-24,1592.6606451224727
10.0,C2_TREND_SPY200,2025-01-27,1509.9640520329003
10.0,C2_TREND_SPY200,2025-01-28,1528.2772286256404
10.0,C2_TREND_SPY200,2025-01-29,1518.1029835776376
10.0,C2_TREND_SPY200,2025-01-30,1550.9048566639326
10.0,C2_TREND_SPY200,2025-01-31,1550.0896926210864
10.0,C2_TREND_SPY200,2025-02-03,1551.188934478048
10.0,C2_TREND_SPY200,2025-02-04,1591.1133947242392
10.0,C2_TREND_SPY200,2025-02-05,1603.370762989286
10.0,C2_TREND_SPY200,2025-02-06,1624.23263156048
10.0,C2_TREND_SPY200,2025-02-07,1611.234251868319
10.0,C2_TREND_SPY200,2025-02-10,1651.898294937711
10.0,C2_TREND_SPY200,2025-02-11,1624.0380547348407
10.0,C2_TREND_SPY200,2025-02-12,1627.2729769473494
10.0,C2_TREND_SPY200,2025-02-13,1648.6968733595393
10.0,C2_TREND_SPY200,2025-02-14,1659.106354290743
10.0,C2_TREND_SPY200,2025-02-18,1658.6208700329826
10.0,C2_TREND_SPY200,2025-02-19,1650.9328757542748
10.0,C2_TREND_SPY200,2025-02-20,1641.6356730102166
10.0,C2_TREND_SPY200,2025-02-21,1585.2142217074859
10.0,C2_TREND_SPY200,2025-02-24,1551.3721528219785
10.0,C2_TREND_SPY200,2025-02-25,1510.1134528554883
10.0,C2_TREND_SPY200,2025-02-26,1529.2250757186844
10.0,C2_TREND_SPY200,2025-02-27,1475.8579998285986
10.0,C2_TREND_SPY200,2025-02-28,1501.7741023443239
10.0,C2_TREND_SPY200,2025-03-03,1467.2948876813157
10.0,C2_TREND_SPY200,2025-03-04,1483.9244136026657
10.0,C2_TREND_SPY200,2025-03-05,1536.4805760602978
10.0,C2_TREND_SPY200,2025-03-06,1481.0209867497447
10.0,C2_TREND_SPY200,2025-03-07,1489.670146737092
10.0,C2_TREND_SPY200,2025-03-10,1396.2088418898452
10.0,C2_TREND_SPY200,2025-03-11,1417.040762138232
10.0,C2_TREND_SPY200,2025-03-12,1448.7178126537692
10.0,C2_TREND_SPY200,2025-03-13,1448.7178126537692
10.0,C2_TREND_SPY200,2025-03-14,1448.7178126537692
10.0,C2_TREND_SPY200,2025-03-17,1448.7178126537692
10.0,C2_TREND_SPY200,2025-03-18,1448.7178126537692
10.0,C2_TREND_SPY200,2025-03-19,1448.7178126537692
10.0,C2_TREND_SPY200,2025-03-20,1448.7178126537692
10.0,C2_TREND_SPY200,2025-03-21,1448.7178126537692
10.0,C2_TREND_SPY200,2025-03-24,1448.7178126537692
10.0,C2_TREND_SPY200,2025-03-25,1448.7178126537692
10.0,C2_TREND_SPY200,2025-03-26,1414.8794406769
10.0,C2_TREND_SPY200,2025-03-27,1396.1384252778398
10.0,C2_TREND_SPY200,2025-03-28,1389.3589103844415
10.0,C2_TREND_SPY200,2025-03-31,1389.3589103844415
10.0,C2_TREND_SPY200,2025-04-01,1389.3589103844415
10.0,C2_TREND_SPY200,2025-04-02,1389.3589103844415
10.0,C2_TREND_SPY200,2025-04-03,1389.3589103844415
10.0,C2_TREND_SPY200,2025-04-04,1389.3589103844415
10.0,C2_TREND_SPY200,2025-04-07,1389.3589103844415
10.0,C2_TREND_SPY200,2025-04-08,1389.3589103844415
10.0,C2_TREND_SPY200,2025-04-09,1389.3589103844415
10.0,C2_TREND_SPY200,2025-04-10,1389.3589103844415
10.0,C2_TREND_SPY200,2025-04-11,1389.3589103844415
10.0,C2_TREND_SPY200,2025-04-14,1389.3589103844415
10.0,C2_TREND_SPY200,2025-04-15,1389.3589103844415
10.0,C2_TREND_SPY200,2025-04-16,1389.3589103844415
10.0,C2_TREND_SPY200,2025-04-17,1389.3589103844415
10.0,C2_TREND_SPY200,2025-04-21,1389.3589103844415
10.0,C2_TREND_SPY200,2025-04-22,1389.3589103844415
10.0,C2_TREND_SPY200,2025-04-23,1389.3589103844415
10.0,C2_TREND_SPY200,2025-04-24,1389.3589103844415
10.0,C2_TREND_SPY200,2025-04-25,1389.3589103844415
10.0,C2_TREND_SPY200,2025-04-28,1389.3589103844415
10.0,C2_TREND_SPY200,2025-04-29,1389.3589103844415
10.0,C2_TREND_SPY200,2025-04-30,1389.3589103844415
10.0,C2_TREND_SPY200,2025-05-01,1389.3589103844415
10.0,C2_TREND_SPY200,2025-05-02,1389.3589103844415
10.0,C2_TREND_SPY200,2025-05-05,1389.3589103844415
10.0,C2_TREND_SPY200,2025-05-06,1389.3589103844415
10.0,C2_TREND_SPY200,2025-05-07,1389.3589103844415
10.0,C2_TREND_SPY200,2025-05-08,1389.3589103844415
10.0,C2_TREND_SPY200,2025-05-09,1389.3589103844415
10.0,C2_TREND_SPY200,2025-05-12,1389.3589103844415
10.0,C2_TREND_SPY200,2025-05-13,1389.3589103844415
10.0,C2_TREND_SPY200,2025-05-14,1382.0413720112008
10.0,C2_TREND_SPY200,2025-05-15,1375.6331585403748
10.0,C2_TREND_SPY200,2025-05-16,1385.9275459449605
10.0,C2_TREND_SPY200,2025-05-19,1382.5930965503571
10.0,C2_TREND_SPY200,2025-05-20,1385.650725967229
10.0,C2_TREND_SPY200,2025-05-21,1362.5212816352819
10.0,C2_TREND_SPY200,2025-05-22,1367.6776112118125
10.0,C2_TREND_SPY200,2025-05-23,1359.5276484124033
10.0,C2_TREND_SPY200,2025-05-27,1384.7262730590542
10.0,C2_TREND_SPY200,2025-05-28,1377.1907828261828
10.0,C2_TREND_SPY200,2025-05-29,1376.874098118336
10.0,C2_TREND_SPY200,2025-05-30,1377.1733405057616
10.0,C2_TREND_SPY200,2025-06-02,1400.1826512754005
10.0,C2_TREND_SPY200,2025-06-03,1421.2220140195045
10.0,C2_TREND_SPY200,2025-06-04,1431.5306273964243
10.0,C2_TREND_SPY200,2025-06-05,1410.9251575110804
10.0,C2_TREND_SPY200,2025-06-06,1424.3673911211647
10.0,C2_TREND_SPY200,2025-06-09,1450.9284676143895
10.0,C2_TREND_SPY200,2025-06-10,1463.4730510297934
10.0,C2_TREND_SPY200,2025-06-11,1468.170127508518
10.0,C2_TREND_SPY200,2025-06-12,1473.6171026764146
10.0,C2_TREND_SPY200,2025-06-13,1482.296713847489
10.0,C2_TREND_SPY200,2025-06-16,1502.7454711683595
10.0,C2_TREND_SPY200,2025-06-17,1488.2354358745213
10.0,C2_TREND_SPY200,2025-06-18,1504.0732360650788
10.0,C2_TREND_SPY200,2025-06-20,1504.851242303928
10.0,C2_TREND_SPY200,2025-06-23,1527.2829838322323
10.0,C2_TREND_SPY200,2025-06-24,1547.7104943349564
10.0,C2_TREND_SPY200,2025-06-25,1543.3952077438544
10.0,C2_TREND_SPY200,2025-06-26,1553.158442819708
10.0,C2_TREND_SPY200,2025-06-27,1540.3703027346062
10.0,C2_TREND_SPY200,2025-06-30,1544.1654704661512
10.0,C2_TREND_SPY200,2025-07-01,1510.667275522885
10.0,C2_TREND_SPY200,2025-07-02,1535.0839789888357
10.0,C2_TREND_SPY200,2025-07-03,1542.779405992875
10.0,C2_TREND_SPY200,2025-07-07,1536.5340899616215
10.0,C2_TREND_SPY200,2025-07-08,1535.663870026282
10.0,C2_TREND_SPY200,2025-07-09,1549.2715489193208
10.0,C2_TREND_SPY200,2025-07-10,1555.1937529052227
10.0,C2_TREND_SPY200,2025-07-11,1567.9614899760988
10.0,C2_TREND_SPY200,2025-07-14,1583.0114254174546
10.0,C2_TREND_SPY200,2025-07-15,1580.3909798435043
10.0,C2_TREND_SPY200,2025-07-16,1592.510551264013
10.0,C2_TREND_SPY200,2025-07-17,1601.6403621028182
10.0,C2_TREND_SPY200,2025-07-18,1601.6314614112746
10.0,C2_TREND_SPY200,2025-07-21,1598.689853329715
10.0,C2_TREND_SPY200,2025-07-22,1586.058343243858
10.0,C2_TREND_SPY200,2025-07-23,1602.7199257010475
10.0,C2_TREND_SPY200,2025-07-24,1602.0705997875868
10.0,C2_TREND_SPY200,2025-07-25,1589.9361539806268
10.0,C2_TREND_SPY200,2025-07-28,1601.1989455600253
10.0,C2_TREND_SPY200,2025-07-29,1591.743622820107
10.0,C2_TREND_SPY200,2025-07-30,1601.3427544875844
10.0,C2_TREND_SPY200,2025-07-31,1597.1765225797462
10.0,C2_TREND_SPY200,2025-08-01,1574.1038206694868
10.0,C2_TREND_SPY200,2025-08-04,1601.8557218039086
10.0,C2_TREND_SPY200,2025-08-05,1598.2622092171243
10.0,C2_TREND_SPY200,2025-08-06,1609.8307241484392
10.0,C2_TREND_SPY200,2025-08-07,1601.6097165064098
10.0,C2_TREND_SPY200,2025-08-08,1601.419193865907
10.0,C2_TREND_SPY200,2025-08-11,1601.8504643259928
10.0,C2_TREND_SPY200,2025-08-12,1626.2320740496775
10.0,C2_TREND_SPY200,2025-08-13,1625.1806586412392
10.0,C2_TREND_SPY200,2025-08-14,1613.2901199757216
10.0,C2_TREND_SPY200,2025-08-15,1600.2986448871636
10.0,C2_TREND_SPY200,2025-08-18,1599.0374087730172
10.0,C2_TREND_SPY200,2025-08-19,1558.348656479608
10.0,C2_TREND_SPY200,2025-08-20,1560.8762910823443
10.0,C2_TREND_SPY200,2025-08-21,1548.4589346078897
10.0,C2_TREND_SPY200,2025-08-22,1579.1158108754141
10.0,C2_TREND_SPY200,2025-08-25,1575.3839068133175
10.0,C2_TREND_SPY200,2025-08-26,1593.531870323955
10.0,C2_TREND_SPY200,2025-08-27,1585.4168664529245
10.0,C2_TREND_SPY200,2025-08-28,1591.7483701094764
10.0,C2_TREND_SPY200,2025-08-29,1568.6687886329196
10.0,C2_TREND_SPY200,2025-09-02,1570.9709537202016
10.0,C2_TREND_SPY200,2025-09-03,1565.0119776418228
10.0,C2_TREND_SPY200,2025-09-04,1565.7476186615581
10.0,C2_TREND_SPY200,2025-09-05,1578.4068509720264
10.0,C2_TREND_SPY200,2025-09-08,1583.4899962286645
10.0,C2_TREND_SPY200,2025-09-09,1583.7558429187366
10.0,C2_TREND_SPY200,2025-09-10,1612.569629374691
10.0,C2_TREND_SPY200,2025-09-11,1616.1827516650535
10.0,C2_TREND_SPY200,2025-09-12,1637.393106797019
10.0,C2_TREND_SPY200,2025-09-15,1650.999970589226
10.0,C2_TREND_SPY200,2025-09-16,1657.8345862155138
10.0,C2_TREND_SPY200,2025-09-17,1647.135994122529
10.0,C2_TREND_SPY200,2025-09-18,1664.1254065219857
10.0,C2_TREND_SPY200,2025-09-19,1670.94809441884
10.0,C2_TREND_SPY200,2025-09-22,1683.5216013884028
10.0,C2_TREND_SPY200,2025-09-23,1682.5890662924276
10.0,C2_TREND_SPY200,2025-09-24,1683.1177924091514
10.0,C2_TREND_SPY200,2025-09-25,1652.2994504679734
10.0,C2_TREND_SPY200,2025-09-26,1662.9047346870632
10.0,C2_TREND_SPY200,2025-09-29,1669.096562178578
10.0,C2_TREND_SPY200,2025-09-30,1679.4650910561822
10.0,C2_TREND_SPY200,2025-10-01,1718.018649464017
10.0,C2_TREND_SPY200,2025-10-02,1741.2534603910915
10.0,C2_TREND_SPY200,2025-10-03,1736.9764031458994
10.0,C2_TREND_SPY200,2025-10-06,1765.8393123796764
10.0,C2_TREND_SPY200,2025-10-07,1749.7236383644458
10.0,C2_TREND_SPY200,2025-10-08,1780.9295694242176
10.0,C2_TREND_SPY200,2025-10-09,1786.141093617569
10.0,C2_TREND_SPY200,2025-10-10,1721.7450365704458
10.0,C2_TREND_SPY200,2025-10-13,1773.3507607390989
10.0,C2_TREND_SPY200,2025-10-14,1762.9614425882514
10.0,C2_TREND_SPY200,2025-10-15,1778.338607677176
10.0,C2_TREND_SPY200,2025-10-16,1756.6293466371983
10.0,C2_TREND_SPY200,2025-10-17,1742.3585058392339
10.0,C2_TREND_SPY200,2025-10-20,1757.6988265639616
10.0,C2_TREND_SPY200,2025-10-21,1731.7156853729095
10.0,C2_TREND_SPY200,2025-10-22,1705.5414244779288
10.0,C2_TREND_SPY200,2025-10-23,1727.582634402019
10.0,C2_TREND_SPY200,2025-10-24,1743.8776385040642
10.0,C2_TREND_SPY200,2025-10-27,1772.3226333178186
10.0,C2_TREND_SPY200,2025-10-28,1766.923488179637
10.0,C2_TREND_SPY200,2025-10-29,1782.8169619612163
10.0,C2_TREND_SPY200,2025-10-30,1740.845748921516
10.0,C2_TREND_SPY200,2025-10-31,1758.8333746280314
10.0,C2_TREND_SPY200,2025-11-03,1751.6526496008366
10.0,C2_TREND_SPY200,2025-11-04,1702.9963195078014
10.0,C2_TREND_SPY200,2025-11-05,1717.887156673587
10.0,C2_TREND_SPY200,2025-11-06,1676.8350485297908
10.0,C2_TREND_SPY200,2025-11-07,1684.0651450238015
10.0,C2_TREND_SPY200,2025-11-10,1715.2711468962536
10.0,C2_TREND_SPY200,2025-11-11,1698.6725995196134
10.0,C2_TREND_SPY200,2025-11-12,1683.8047221796091
10.0,C2_TREND_SPY200,2025-11-13,1638.9346111714065
10.0,C2_TREND_SPY200,2025-11-14,1639.7482782595234
10.0,C2_TREND_SPY200,2025-11-17,1622.1548427087198
10.0,C2_TREND_SPY200,2025-11-18,1621.1555385398747
10.0,C2_TREND_SPY200,2025-11-19,1616.5078363314365
10.0,C2_TREND_SPY200,2025-11-20,1580.759857134836
10.0,C2_TREND_SPY200,2025-11-21,1570.9133585306033
10.0,C2_TREND_SPY200,2025-11-24,1620.2866011696283
10.0,C2_TREND_SPY200,2025-11-25,1626.0416076756937
10.0,C2_TREND_SPY200,2025-11-26,1647.276765677472
10.0,C2_TREND_SPY200,2025-11-28,1659.7567160450205
10.0,C2_TREND_SPY200,2025-12-01,1635.6944496986275
10.0,C2_TREND_SPY200,2025-12-02,1655.536001419357
10.0,C2_TREND_SPY200,2025-12-03,1678.8651304230593
10.0,C2_TREND_SPY200,2025-12-04,1707.1554029635975
10.0,C2_TREND_SPY200,2025-12-05,1705.669401628209
10.0,C2_TREND_SPY200,2025-12-08,1707.7844243804109
10.0,C2_TREND_SPY200,2025-12-09,1710.5293163908486
10.0,C2_TREND_SPY200,2025-12-10,1727.2302734135706
10.0,C2_TREND_SPY200,2025-12-11,1740.8228920013678
10.0,C2_TREND_SPY200,2025-12-12,1699.7783907468104
10.0,C2_TREND_SPY200,2025-12-15,1672.0927578729086
10.0,C2_TREND_SPY200,2025-12-16,1683.5697183190955
10.0,C2_TREND_SPY200,2025-12-17,1634.8052263328134
10.0,C2_TREND_SPY200,2025-12-18,1658.3677717171606
10.0,C2_TREND_SPY200,2025-12-19,1696.815981383088
10.0,C2_TREND_SPY200,2025-12-22,1727.7243662930475
10.0,C2_TREND_SPY200,2025-12-23,1727.973001055139
10.0,C2_TREND_SPY200,2025-12-24,1716.801998162172
10.0,C2_TREND_SPY200,2025-12-26,1699.3224623825574
10.0,C2_TREND_SPY200,2025-12-29,1685.526642769801
10.0,C2_TREND_SPY200,2025-12-30,1690.1666455708798
10.0,C2_TREND_SPY200,2025-12-31,1672.8194202136006
10.0,C2_TREND_SPY200,2026-01-02,1700.5096637668848
10.0,C2_TREND_SPY200,2026-01-05,1728.5428812237556
10.0,C2_TREND_SPY200,2026-01-06,1741.6909393503813
10.0,C2_TREND_SPY200,2026-01-07,1713.2532239486038
10.0,C2_TREND_SPY200,2026-01-08,1717.1129565644696
10.0,C2_TREND_SPY200,2026-01-09,1744.3721290676458
10.0,C2_TREND_SPY200,2026-01-12,1765.768498876751
10.0,C2_TREND_SPY200,2026-01-13,1772.7016572945977
10.0,C2_TREND_SPY200,2026-01-14,1772.576279082223
10.0,C2_TREND_SPY200,2026-01-15,1777.2855702176953
10.0,C2_TREND_SPY200,2026-01-16,1791.55938686394
10.0,C2_TREND_SPY200,2026-01-20,1747.2318888966342
10.0,C2_TREND_SPY200,2026-01-21,1759.5041672534437
10.0,C2_TREND_SPY200,2026-01-22,1784.2894741326913
10.0,C2_TREND_SPY200,2026-01-23,1788.3769331496135
10.0,C2_TREND_SPY200,2026-01-26,1771.6302204441374
10.0,C2_TREND_SPY200,2026-01-27,1797.4274827167858
10.0,C2_TREND_SPY200,2026-01-28,1811.885586176392
10.0,C2_TREND_SPY200,2026-01-29,1809.7225522405874
10.0,C2_TREND_SPY200,2026-01-30,1779.7027135797257
10.0,C2_TREND_SPY200,2026-02-02,1747.6963366850714
10.0,C2_TREND_SPY200,2026-02-03,1752.09153642307
10.0,C2_TREND_SPY200,2026-02-04,1699.809903248348
10.0,C2_TREND_SPY200,2026-02-05,1638.0142299751117
10.0,C2_TREND_SPY200,2026-02-06,1720.774036984435
10.0,C2_TREND_SPY200,2026-02-09,1747.3836491447855
10.0,C2_TREND_SPY200,2026-02-10,1730.1429572614365
10.0,C2_TREND_SPY200,2026-02-11,1730.615928546516
10.0,C2_TREND_SPY200,2026-02-12,1694.5386278187027
10.0,C2_TREND_SPY200,2026-02-13,1715.422702514704
10.0,C2_TREND_SPY200,2026-02-17,1705.1333254903507
10.0,C2_TREND_SPY200,2026-02-18,1708.8344072845446
10.0,C2_TREND_SPY200,2026-02-19,1719.588859917569
10.0,C2_TREND_SPY200,2026-02-20,1716.7124024354223
10.0,C2_TREND_SPY200,2026-02-23,1708.5912061053918
10.0,C2_TREND_SPY200,2026-02-24,1714.267144471571
10.0,C2_TREND_SPY200,2026-02-25,1735.288008809303
10.0,C2_TREND_SPY200,2026-02-26,1719.6361412834847
10.0,C2_TREND_SPY200,2026-02-27,1710.3410100154445
10.0,C2_TREND_SPY200,2026-03-02,1739.526462466671
10.0,C2_TREND_SPY200,2026-03-03,1727.0287332730163
10.0,C2_TREND_SPY200,2026-03-04,1777.683243756481
10.0,C2_TREND_SPY200,2026-03-05,1758.2834559823125
10.0,C2_TREND_SPY200,2026-03-06,1745.3926879240105
10.0,C2_TREND_SPY200,2026-03-09,1763.7483355900986
10.0,C2_TREND_SPY200,2026-03-10,1761.8899802487665
10.0,C2_TREND_SPY200,2026-03-11,1763.9146456326048
10.0,C2_TREND_SPY200,2026-03-12,1757.0732678939005
10.0,C2_TREND_SPY200,2026-03-13,1746.597507094889
10.0,C2_TREND_SPY200,2026-03-16,1766.9953315757914
10.0,C2_TREND_SPY200,2026-03-17,1776.2329931420916
10.0,C2_TREND_SPY200,2026-03-18,1749.006184005029
10.0,C2_TREND_SPY200,2026-03-19,1737.5000760381452
10.0,C2_TREND_SPY200,2026-03-20,1694.5968894078744
10.0,C2_TREND_SPY200,2026-03-23,1706.051133336465
10.0,C2_TREND_SPY200,2026-03-24,1700.7100990521758
10.0,C2_TREND_SPY200,2026-03-25,1700.7100990521758
10.0,C2_TREND_SPY200,2026-03-26,1700.7100990521758
10.0,C2_TREND_SPY200,2026-03-27,1700.7100990521758
10.0,C2_TREND_SPY200,2026-03-30,1700.7100990521758
10.0,C2_TREND_SPY200,2026-03-31,1700.7100990521758
10.0,C2_TREND_SPY200,2026-04-01,1700.7100990521758
10.0,C2_TREND_SPY200,2026-04-02,1700.7100990521758
10.0,C2_TREND_SPY200,2026-04-06,1700.7100990521758
10.0,C2_TREND_SPY200,2026-04-07,1700.7100990521758
10.0,C2_TREND_SPY200,2026-04-08,1700.7100990521758
10.0,C2_TREND_SPY200,2026-04-09,1700.7100990521758
10.0,C2_TREND_SPY200,2026-04-10,1703.0940592114175
10.0,C2_TREND_SPY200,2026-04-13,1723.9724335629746
10.0,C2_TREND_SPY200,2026-04-14,1736.7904767671503
10.0,C2_TREND_SPY200,2026-04-15,1757.0665364442116
10.0,C2_TREND_SPY200,2026-04-16,1772.114912203264
10.0,C2_TREND_SPY200,2026-04-17,1794.2473584062197
10.0,C2_TREND_SPY200,2026-04-20,1781.4279644739142
10.0,C2_TREND_SPY200,2026-04-21,1767.8549153969507
10.0,C2_TREND_SPY200,2026-04-22,1812.1062489405153
10.0,C2_TREND_SPY200,2026-04-23,1784.261437975619
10.0,C2_TREND_SPY200,2026-04-24,1794.5286494584818
10.0,C2_TREND_SPY200,2026-04-27,1794.4654387950793
10.0,C2_TREND_SPY200,2026-04-28,1766.293742376575
10.0,C2_TREND_SPY200,2026-04-29,1756.0057379014822
10.0,C2_TREND_SPY200,2026-04-30,1780.65106324498
10.0,C2_TREND_SPY200,2026-05-01,1794.1885502112123
10.0,C2_TREND_SPY200,2026-05-04,1802.847068587283
10.0,C2_TREND_SPY200,2026-05-05,1796.9642285068599
10.0,C2_TREND_SPY200,2026-05-06,1818.0586266005712
10.0,C2_TREND_SPY200,2026-05-07,1802.0985625370345
10.0,C2_TREND_SPY200,2026-05-08,1832.0158237077292
10.0,C2_TREND_SPY200,2026-05-11,1865.023630501741
10.0,C2_TREND_SPY200,2026-05-12,1839.43041446592
10.0,C2_TREND_SPY200,2026-05-13,1842.4062822928809
10.0,C2_TREND_SPY200,2026-05-14,1876.1270801529324
10.0,C2_TREND_SPY200,2026-05-15,1844.126390252704
10.0,C2_TREND_SPY200,2026-05-18,1831.6414805464399
10.0,C2_TREND_SPY200,2026-05-19,1828.9368514732719
10.0,C2_TREND_SPY200,2026-05-20,1846.3296707469317
10.0,C2_TREND_SPY200,2026-05-21,1851.6768995007408
10.0,C2_TREND_SPY200,2026-05-22,1870.6917011204905
10.0,C2_TREND_SPY200,2026-05-26,1906.073829184009
10.0,C2_TREND_SPY200,2026-05-27,1909.178340087373
10.0,C2_TREND_SPY200,2026-05-28,1930.9105040430964
10.0,C2_TREND_SPY200,2026-05-29,1910.3254221977168
10.0,C2_TREND_SPY200,2026-06-01,1887.9105335223535
10.0,C2_TREND_SPY200,2026-06-02,1894.429071439234
10.0,C2_TREND_SPY200,2026-06-03,1871.906000122289
10.0,C2_TREND_SPY200,2026-06-04,1859.9063421646658
10.0,C2_TREND_SPY200,2026-06-05,1776.0830346810906
10.0,C2_TREND_SPY200,2026-06-08,1803.381803247922
10.0,C2_TREND_SPY200,2026-06-09,1774.3733547241009
10.0,C2_TREND_SPY200,2026-06-10,1741.3923033638841
10.0,C2_TREND_SPY200,2026-06-11,1792.9114107117398
10.0,C2_TREND_SPY200,2026-06-12,1775.6415163147528
10.0,C2_TREND_SPY200,2026-06-15,1818.581541058877
10.0,C2_TREND_SPY200,2026-06-16,1787.704943095991
10.0,C2_TREND_SPY200,2026-06-17,1768.2667085243772
10.0,C2_TREND_SPY200,2026-06-18,1773.190426672637
10.0,C2_TREND_SPY200,2026-06-22,1752.2224830885339
10.0,C2_TREND_SPY200,2026-06-23,1713.402113817748
10.0,C2_TREND_SPY200,2026-06-24,1682.1775726819922
10.0,C2_TREND_SPY200,2026-06-25,1675.4297083780514
10.0,C2_TREND_SPY200,2026-06-26,1677.3532160808247
10.0,C2_TREND_SPY200,2026-06-29,1724.0628276410946
10.0,C2_TREND_SPY200,2026-06-30,1726.3220472312353
10.0,C2_TREND_SPY200,2026-07-01,1726.3808877893548
10.0,C2_TREND_SPY200,2026-07-02,1724.103769648151
10.0,C2_TREND_SPY200,2026-07-06,1743.56585434505
10.0,C2_TREND_SPY200,2026-07-07,1731.2301169553434
10.0,C2_TREND_SPY200,2026-07-08,1730.5633301078199
10.0,C2_TREND_SPY200,2026-07-09,1741.4303449388217
10.0,C2_TREND_SPY200,2026-07-10,1752.3588309173047
10.0,C2_TREND_SPY200,2026-07-13,1727.568219169336
10.0,C2_TREND_SPY200,2026-07-14,1751.407954732275
10.0,C2_TREND_SPY200,2026-07-15,1752.9837356672208
10.0,C2_TREND_SPY200,2026-07-16,1711.6186847560127
10.0,C2_TREND_SPY200,2026-07-17,1708.8996461794632
10.0,C2_TREND_SPY200,2026-07-20,1713.5243510927833
10.0,C2_TREND_SPY200,2026-07-21,1746.2755995097389
10.0,C2_TREND_SPY200,2026-07-22,1742.9092707948096
10.0,C2_TREND_SPY200,2026-07-23,1726.4390264587262
10.0,C2_TREND_SPY200,2026-07-24,1705.3191427546365
10.0,C2_TREND_SPY200,2026-07-27,1701.0907607241809
10.0,C2_TREND_SPY200,2026-07-28,1674.441922200937
10.0,C2_TREND_SPY200,2026-07-29,1653.4200256037855
10.0,C2_TREND_SPY200,2026-07-30,1677.3656196190932
10.0,C2_TREND_SPY200,2026-07-31,1679.805162942073
10.0,C2_TREND_SPY200,2026-08-03,1702.214447687813
10.0,C2_TREND_SPY200,2026-08-04,1748.7078568675229
10.0,C2_TREND_SPY200,2026-08-05,1748.6800812487752
10.0,C2_TREND_SPY200,2026-08-06,1749.2685583580367
10.0,C2_TREND_SPY200,2026-08-07,1784.0785747576765
10.0,C2_TREND_SPY200,2026-08-10,1786.914578494843
10.0,C2_TREND_SPY200,2026-08-11,1789.5880559456166
10.0,C2_TREND_SPY200,2026-08-12,1796.7656985781016
10.0,C2_TREND_SPY200,2026-08-13,1803.8084843806434
10.0,C2_TREND_SPY200,2026-08-14,1789.9726716997952
10.0,C2_TREND_SPY200,2026-08-17,1792.8079883382043
10.0,C2_TREND_SPY200,2026-08-18,1764.7911739402925
10.0,C2_TREND_SPY200,2026-08-19,1789.89130415462
10.0,C2_TREND_SPY200,2026-08-20,1784.902979644115
10.0,C2_TREND_SPY200,2026-08-21,1815.3519452859316
10.0,C2_TREND_SPY200,2026-08-24,1797.921367098967
10.0,C2_TREND_SPY200,2026-08-25,1799.8695361389712
10.0,C2_TREND_SPY200,2026-08-26,1789.7959366308855
10.0,C2_TREND_SPY200,2026-08-27,1833.4117102027392
10.0,C2_TREND_SPY200,2026-08-28,1797.3015877651994
10.0,C3_XMOM_TOP5,2024-11-22,1500.0
10.0,C3_XMOM_TOP5,2024-11-25,1418.6023613547452
10.0,C3_XMOM_TOP5,2024-11-26,1394.7544164601693
10.0,C3_XMOM_TOP5,2024-11-27,1399.6876780455718
10.0,C3_XMOM_TOP5,2024-11-29,1429.513348143699
10.0,C3_XMOM_TOP5,2024-12-02,1413.9504058881118
10.0,C3_XMOM_TOP5,2024-12-03,1420.651219473584
10.0,C3_XMOM_TOP5,2024-12-04,1455.6523518752583
10.0,C3_XMOM_TOP5,2024-12-05,1456.1115192968641
10.0,C3_XMOM_TOP5,2024-12-06,1529.6752326843755
10.0,C3_XMOM_TOP5,2024-12-09,1478.0597932861715
10.0,C3_XMOM_TOP5,2024-12-10,1457.6131139253134
10.0,C3_XMOM_TOP5,2024-12-11,1507.8709261893248
10.0,C3_XMOM_TOP5,2024-12-12,1486.36065602387
10.0,C3_XMOM_TOP5,2024-12-13,1527.0171326068435
10.0,C3_XMOM_TOP5,2024-12-16,1557.6232910016522
10.0,C3_XMOM_TOP5,2024-12-17,1544.2303925343167
10.0,C3_XMOM_TOP5,2024-12-18,1442.688073649259
10.0,C3_XMOM_TOP5,2024-12-19,1436.6734166995395
10.0,C3_XMOM_TOP5,2024-12-20,1484.1491630324085
10.0,C3_XMOM_TOP5,2024-12-23,1473.941782076758
10.0,C3_XMOM_TOP5,2024-12-24,1533.7280446081459
10.0,C3_XMOM_TOP5,2024-12-26,1528.871662915723
10.0,C3_XMOM_TOP5,2024-12-27,1460.2832671399938
10.0,C3_XMOM_TOP5,2024-12-30,1407.5579700054288
10.0,C3_XMOM_TOP5,2024-12-31,1367.3957409407308
10.0,C3_XMOM_TOP5,2025-01-02,1381.696206971989
10.0,C3_XMOM_TOP5,2025-01-03,1510.9594439618352
10.0,C3_XMOM_TOP5,2025-01-06,1538.0930057147034
10.0,C3_XMOM_TOP5,2025-01-07,1453.5180146233818
10.0,C3_XMOM_TOP5,2025-01-08,1427.5301117398608
10.0,C3_XMOM_TOP5,2025-01-10,1429.2052458209143
10.0,C3_XMOM_TOP5,2025-01-13,1402.445032266287
10.0,C3_XMOM_TOP5,2025-01-14,1421.052857516694
10.0,C3_XMOM_TOP5,2025-01-15,1480.8305378213634
10.0,C3_XMOM_TOP5,2025-01-16,1482.0321680527863
10.0,C3_XMOM_TOP5,2025-01-17,1519.34603323141
10.0,C3_XMOM_TOP5,2025-01-21,1571.6096704500346
10.0,C3_XMOM_TOP5,2025-01-22,1563.1457994612058
10.0,C3_XMOM_TOP5,2025-01-23,1539.5941538945253
10.0,C3_XMOM_TOP5,2025-01-24,1523.096576202591
10.0,C3_XMOM_TOP5,2025-01-27,1384.7810687702072
10.0,C3_XMOM_TOP5,2025-01-28,1427.477039429246
10.0,C3_XMOM_TOP5,2025-01-29,1403.0029349669035
10.0,C3_XMOM_TOP5,2025-01-30,1459.9612179295104
10.0,C3_XMOM_TOP5,2025-01-31,1474.0995904325853
10.0,C3_XMOM_TOP5,2025-02-03,1491.4774309126967
10.0,C3_XMOM_TOP5,2025-02-04,1576.3067824256918
10.0,C3_XMOM_TOP5,2025-02-05,1548.377954026204
10.0,C3_XMOM_TOP5,2025-02-06,1560.715813189061
10.0,C3_XMOM_TOP5,2025-02-07,1541.8536158805719
10.0,C3_XMOM_TOP5,2025-02-10,1564.8348343652322
10.0,C3_XMOM_TOP5,2025-02-11,1512.1145393044524
10.0,C3_XMOM_TOP5,2025-02-12,1543.8254445767443
10.0,C3_XMOM_TOP5,2025-02-13,1555.423083384047
10.0,C3_XMOM_TOP5,2025-02-14,1577.8465724674222
10.0,C3_XMOM_TOP5,2025-02-18,1582.5236102012536
10.0,C3_XMOM_TOP5,2025-02-19,1542.0624223165794
10.0,C3_XMOM_TOP5,2025-02-20,1520.5006190423858
10.0,C3_XMOM_TOP5,2025-02-21,1434.5124142816353
10.0,C3_XMOM_TOP5,2025-02-24,1363.6257535222067
10.0,C3_XMOM_TOP5,2025-02-25,1275.208750241649
10.0,C3_XMOM_TOP5,2025-02-26,1289.1501828051662
10.0,C3_XMOM_TOP5,2025-02-27,1209.829184395824
10.0,C3_XMOM_TOP5,2025-02-28,1243.164303179764
10.0,C3_XMOM_TOP5,2025-03-03,1215.2159483517808
10.0,C3_XMOM_TOP5,2025-03-04,1238.8754947642828
10.0,C3_XMOM_TOP5,2025-03-05,1304.4155348117777
10.0,C3_XMOM_TOP5,2025-03-06,1230.5204348975537
10.0,C3_XMOM_TOP5,2025-03-07,1220.1385679487692
10.0,C3_XMOM_TOP5,2025-03-10,1079.739902404976
10.0,C3_XMOM_TOP5,2025-03-11,1135.5245143719008
10.0,C3_XMOM_TOP5,2025-03-12,1182.9289382919
10.0,C3_XMOM_TOP5,2025-03-13,1149.8257555996079
10.0,C3_XMOM_TOP5,2025-03-14,1236.0062023015232
10.0,C3_XMOM_TOP5,2025-03-17,1228.8429149494211
10.0,C3_XMOM_TOP5,2025-03-18,1187.2044449109274
10.0,C3_XMOM_TOP5,2025-03-19,1242.5726265096073
10.0,C3_XMOM_TOP5,2025-03-20,1245.13789476475
10.0,C3_XMOM_TOP5,2025-03-21,1264.9664409700322
10.0,C3_XMOM_TOP5,2025-03-24,1359.2186662048816
10.0,C3_XMOM_TOP5,2025-03-25,1366.6896690345195
10.0,C3_XMOM_TOP5,2025-03-26,1308.5576279984853
10.0,C3_XMOM_TOP5,2025-03-27,1290.7943924986016
10.0,C3_XMOM_TOP5,2025-03-28,1225.9122274629965
10.0,C3_XMOM_TOP5,2025-03-31,1209.947559193728
10.0,C3_XMOM_TOP5,2025-04-01,1252.7253989617043
10.0,C3_XMOM_TOP5,2025-04-02,1254.3388857146613
10.0,C3_XMOM_TOP5,2025-04-03,1184.9450335268505
10.0,C3_XMOM_TOP5,2025-04-04,1152.2253382476222
10.0,C3_XMOM_TOP5,2025-04-07,1114.0750282871868
10.0,C3_XMOM_TOP5,2025-04-08,1077.2884670734586
10.0,C3_XMOM_TOP5,2025-04-09,1207.3368706566841
10.0,C3_XMOM_TOP5,2025-04-10,1167.491777831001
10.0,C3_XMOM_TOP5,2025-04-11,1210.9592307605424
10.0,C3_XMOM_TOP5,2025-04-14,1234.6539029414332
10.0,C3_XMOM_TOP5,2025-04-15,1249.1470383132973
10.0,C3_XMOM_TOP5,2025-04-16,1246.4289575216774
10.0,C3_XMOM_TOP5,2025-04-17,1259.9914124766344
10.0,C3_XMOM_TOP5,2025-04-21,1264.299981425801
10.0,C3_XMOM_TOP5,2025-04-22,1304.9307609472942
10.0,C3_XMOM_TOP5,2025-04-23,1322.5011808876582
10.0,C3_XMOM_TOP5,2025-04-24,1352.1827264351505
10.0,C3_XMOM_TOP5,2025-04-25,1386.0815875726355
10.0,C3_XMOM_TOP5,2025-04-28,1389.7118964506844
10.0,C3_XMOM_TOP5,2025-04-29,1397.0285049701467
10.0,C3_XMOM_TOP5,2025-04-30,1390.1108747427008
10.0,C3_XMOM_TOP5,2025-05-01,1389.7117905637656
10.0,C3_XMOM_TOP5,2025-05-02,1423.885484114252
10.0,C3_XMOM_TOP5,2025-05-05,1419.1168846173089
10.0,C3_XMOM_TOP5,2025-05-06,1390.5933394051353
10.0,C3_XMOM_TOP5,2025-05-07,1399.3599272905153
10.0,C3_XMOM_TOP5,2025-05-08,1440.8877655735134
10.0,C3_XMOM_TOP5,2025-05-09,1443.6943015242728
10.0,C3_XMOM_TOP5,2025-05-12,1426.4576932500456
10.0,C3_XMOM_TOP5,2025-05-13,1468.9024230661541
10.0,C3_XMOM_TOP5,2025-05-14,1462.69117444006
10.0,C3_XMOM_TOP5,2025-05-15,1446.332973353807
10.0,C3_XMOM_TOP5,2025-05-16,1456.4237849471192
10.0,C3_XMOM_TOP5,2025-05-19,1465.8455492216042
10.0,C3_XMOM_TOP5,2025-05-20,1475.585167751392
10.0,C3_XMOM_TOP5,2025-05-21,1456.1432419063003
10.0,C3_XMOM_TOP5,2025-05-22,1461.2666537577634
10.0,C3_XMOM_TOP5,2025-05-23,1442.5147975978991
10.0,C3_XMOM_TOP5,2025-05-27,1446.7019109467599
10.0,C3_XMOM_TOP5,2025-05-28,1431.5200638957233
10.0,C3_XMOM_TOP5,2025-05-29,1429.8629555049652
10.0,C3_XMOM_TOP5,2025-05-30,1451.2950408492886
10.0,C3_XMOM_TOP5,2025-06-02,1464.3096420634904
10.0,C3_XMOM_TOP5,2025-06-03,1478.0370316880599
10.0,C3_XMOM_TOP5,2025-06-04,1485.3031882621067
10.0,C3_XMOM_TOP5,2025-06-05,1454.5567224996832
10.0,C3_XMOM_TOP5,2025-06-06,1456.8740673454279
10.0,C3_XMOM_TOP5,2025-06-09,1463.0630019725218
10.0,C3_XMOM_TOP5,2025-06-10,1468.4895984593381
10.0,C3_XMOM_TOP5,2025-06-11,1479.6146504978515
10.0,C3_XMOM_TOP5,2025-06-12,1481.1115882352192
10.0,C3_XMOM_TOP5,2025-06-13,1475.4647737534092
10.0,C3_XMOM_TOP5,2025-06-16,1492.2750608457575
10.0,C3_XMOM_TOP5,2025-06-17,1479.8537816137514
10.0,C3_XMOM_TOP5,2025-06-18,1486.2146888021857
10.0,C3_XMOM_TOP5,2025-06-20,1476.565456392715
10.0,C3_XMOM_TOP5,2025-06-23,1499.987968202227
10.0,C3_XMOM_TOP5,2025-06-24,1520.8326046188586
10.0,C3_XMOM_TOP5,2025-06-25,1518.2941970341603
10.0,C3_XMOM_TOP5,2025-06-26,1531.4376377690824
10.0,C3_XMOM_TOP5,2025-06-27,1502.3120360845874
10.0,C3_XMOM_TOP5,2025-06-30,1528.9758822702956
10.0,C3_XMOM_TOP5,2025-07-01,1499.3059513686578
10.0,C3_XMOM_TOP5,2025-07-02,1506.634998774916
10.0,C3_XMOM_TOP5,2025-07-03,1519.633261059309
10.0,C3_XMOM_TOP5,2025-07-07,1533.4520588675805
10.0,C3_XMOM_TOP5,2025-07-08,1525.4143373922648
10.0,C3_XMOM_TOP5,2025-07-09,1531.0464025270994
10.0,C3_XMOM_TOP5,2025-07-10,1535.704777803247
10.0,C3_XMOM_TOP5,2025-07-11,1545.5497265919
10.0,C3_XMOM_TOP5,2025-07-14,1574.184246436375
10.0,C3_XMOM_TOP5,2025-07-15,1583.26901326659
10.0,C3_XMOM_TOP5,2025-07-16,1585.2046506570935
10.0,C3_XMOM_TOP5,2025-07-17,1619.4439053370004
10.0,C3_XMOM_TOP5,2025-07-18,1641.7182561449983
10.0,C3_XMOM_TOP5,2025-07-21,1629.5881618328092
10.0,C3_XMOM_TOP5,2025-07-22,1627.0425377228803
10.0,C3_XMOM_TOP5,2025-07-23,1669.5851534316153
10.0,C3_XMOM_TOP5,2025-07-24,1670.0299692783485
10.0,C3_XMOM_TOP5,2025-07-25,1630.8202246170574
10.0,C3_XMOM_TOP5,2025-07-28,1634.0665821965242
10.0,C3_XMOM_TOP5,2025-07-29,1619.7122088030487
10.0,C3_XMOM_TOP5,2025-07-30,1640.592258388001
10.0,C3_XMOM_TOP5,2025-07-31,1669.6858921136952
10.0,C3_XMOM_TOP5,2025-08-01,1651.0603290987513
10.0,C3_XMOM_TOP5,2025-08-04,1687.5894141397039
10.0,C3_XMOM_TOP5,2025-08-05,1705.9494269909037
10.0,C3_XMOM_TOP5,2025-08-06,1712.3618302983025
10.0,C3_XMOM_TOP5,2025-08-07,1703.8934697521754
10.0,C3_XMOM_TOP5,2025-08-08,1706.4261881334814
10.0,C3_XMOM_TOP5,2025-08-11,1687.202673354001
10.0,C3_XMOM_TOP5,2025-08-12,1748.2945630559434
10.0,C3_XMOM_TOP5,2025-08-13,1730.742647156983
10.0,C3_XMOM_TOP5,2025-08-14,1712.2956623550085
10.0,C3_XMOM_TOP5,2025-08-15,1685.044514529388
10.0,C3_XMOM_TOP5,2025-08-18,1683.8542298161715
10.0,C3_XMOM_TOP5,2025-08-19,1595.9165210339643
10.0,C3_XMOM_TOP5,2025-08-20,1587.4429596580944
10.0,C3_XMOM_TOP5,2025-08-21,1580.4189984048762
10.0,C3_XMOM_TOP5,2025-08-22,1610.3339039573013
10.0,C3_XMOM_TOP5,2025-08-25,1629.2237236308322
10.0,C3_XMOM_TOP5,2025-08-26,1655.6697277228416
10.0,C3_XMOM_TOP5,2025-08-27,1634.239030425026
10.0,C3_XMOM_TOP5,2025-08-28,1651.8646703928034
10.0,C3_XMOM_TOP5,2025-08-29,1612.7044141616254
10.0,C3_XMOM_TOP5,2025-09-02,1601.6438565810356
10.0,C3_XMOM_TOP5,2025-09-03,1582.281925280829
10.0,C3_XMOM_TOP5,2025-09-04,1571.4509751049393
10.0,C3_XMOM_TOP5,2025-09-05,1587.8325404231482
10.0,C3_XMOM_TOP5,2025-09-08,1597.0768037703183
10.0,C3_XMOM_TOP5,2025-09-09,1589.535896046109
10.0,C3_XMOM_TOP5,2025-09-10,1677.033999024448
10.0,C3_XMOM_TOP5,2025-09-11,1657.5528954873184
10.0,C3_XMOM_TOP5,2025-09-12,1685.5346799884935
10.0,C3_XMOM_TOP5,2025-09-15,1710.8420937380572
10.0,C3_XMOM_TOP5,2025-09-16,1688.5096543504683
10.0,C3_XMOM_TOP5,2025-09-17,1664.2382835635485
10.0,C3_XMOM_TOP5,2025-09-18,1697.0358775166778
10.0,C3_XMOM_TOP5,2025-09-19,1734.8260255125679
10.0,C3_XMOM_TOP5,2025-09-22,1771.8581899943197
10.0,C3_XMOM_TOP5,2025-09-23,1784.1725137397862
10.0,C3_XMOM_TOP5,2025-09-24,1769.9704316167968
10.0,C3_XMOM_TOP5,2025-09-25,1732.687788296701
10.0,C3_XMOM_TOP5,2025-09-26,1736.5336425404378
10.0,C3_XMOM_TOP5,2025-09-29,1721.2460870177065
10.0,C3_XMOM_TOP5,2025-09-30,1737.6337496809351
10.0,C3_XMOM_TOP5,2025-10-01,1809.05235150811
10.0,C3_XMOM_TOP5,2025-10-02,1856.6348685670123
10.0,C3_XMOM_TOP5,2025-10-03,1831.9653622792903
10.0,C3_XMOM_TOP5,2025-10-06,1888.4389107104041
10.0,C3_XMOM_TOP5,2025-10-07,1889.5146134486813
10.0,C3_XMOM_TOP5,2025-10-08,1954.934073004435
10.0,C3_XMOM_TOP5,2025-10-09,1997.7355070590643
10.0,C3_XMOM_TOP5,2025-10-10,1890.5763225530443
10.0,C3_XMOM_TOP5,2025-10-13,2009.2175372897836
10.0,C3_XMOM_TOP5,2025-10-14,2004.7322042218648
10.0,C3_XMOM_TOP5,2025-10-15,2023.8994004494568
10.0,C3_XMOM_TOP5,2025-10-16,1983.7097275880858
10.0,C3_XMOM_TOP5,2025-10-17,1951.7652567278237
10.0,C3_XMOM_TOP5,2025-10-20,1959.4259759340187
10.0,C3_XMOM_TOP5,2025-10-21,1919.1075873246443
10.0,C3_XMOM_TOP5,2025-10-22,1854.328500589708
10.0,C3_XMOM_TOP5,2025-10-23,1882.2877093923048
10.0,C3_XMOM_TOP5,2025-10-24,1909.4499510823498
10.0,C3_XMOM_TOP5,2025-10-27,1987.9997964936567
10.0,C3_XMOM_TOP5,2025-10-28,2014.7917707275487
10.0,C3_XMOM_TOP5,2025-10-29,2073.7338580275764
10.0,C3_XMOM_TOP5,2025-10-30,2008.9974604947718
10.0,C3_XMOM_TOP5,2025-10-31,2048.101267221488
10.0,C3_XMOM_TOP5,2025-11-03,2014.2265285270084
10.0,C3_XMOM_TOP5,2025-11-04,1929.2423907781883
10.0,C3_XMOM_TOP5,2025-11-05,1938.2578434568811
10.0,C3_XMOM_TOP5,2025-11-06,1855.5364436927812
10.0,C3_XMOM_TOP5,2025-11-07,1873.161080868429
10.0,C3_XMOM_TOP5,2025-11-10,1942.3976075989785
10.0,C3_XMOM_TOP5,2025-11-11,1905.3487759209954
10.0,C3_XMOM_TOP5,2025-11-12,1882.7715084145566
10.0,C3_XMOM_TOP5,2025-11-13,1797.978331318478
10.0,C3_XMOM_TOP5,2025-11-14,1809.4248240619256
10.0,C3_XMOM_TOP5,2025-11-17,1763.3651013424744
10.0,C3_XMOM_TOP5,2025-11-18,1743.8757300436587
10.0,C3_XMOM_TOP5,2025-11-19,1769.7206714903728
10.0,C3_XMOM_TOP5,2025-11-20,1671.4458306185693
10.0,C3_XMOM_TOP5,2025-11-21,1666.4707041208394
10.0,C3_XMOM_TOP5,2025-11-24,1765.3905007149651
10.0,C3_XMOM_TOP5,2025-11-25,1770.6816791853632
10.0,C3_XMOM_TOP5,2025-11-26,1803.5434099595873
10.0,C3_XMOM_TOP5,2025-11-28,1819.359747344911
10.0,C3_XMOM_TOP5,2025-12-01,1784.4293230158387
10.0,C3_XMOM_TOP5,2025-12-02,1820.4565416739067
10.0,C3_XMOM_TOP5,2025-12-03,1850.1891171410064
10.0,C3_XMOM_TOP5,2025-12-04,1923.8002771948416
10.0,C3_XMOM_TOP5,2025-12-05,1941.334917909448
10.0,C3_XMOM_TOP5,2025-12-08,1957.855599223025
10.0,C3_XMOM_TOP5,2025-12-09,1947.7091900860794
10.0,C3_XMOM_TOP5,2025-12-10,2002.4877746426741
10.0,C3_XMOM_TOP5,2025-12-11,2032.5283732718585
10.0,C3_XMOM_TOP5,2025-12-12,1911.3710101346096
10.0,C3_XMOM_TOP5,2025-12-15,1845.1275203688292
10.0,C3_XMOM_TOP5,2025-12-16,1848.782674172493
10.0,C3_XMOM_TOP5,2025-12-17,1759.6210338636083
10.0,C3_XMOM_TOP5,2025-12-18,1810.4541234663322
10.0,C3_XMOM_TOP5,2025-12-19,1915.1852337766572
10.0,C3_XMOM_TOP5,2025-12-22,2000.77255994428
10.0,C3_XMOM_TOP5,2025-12-23,2013.2375645120603
10.0,C3_XMOM_TOP5,2025-12-24,1964.5304609834889
10.0,C3_XMOM_TOP5,2025-12-26,1928.9495835183209
10.0,C3_XMOM_TOP5,2025-12-29,1918.0423755040579
10.0,C3_XMOM_TOP5,2025-12-30,1938.7275135921466
10.0,C3_XMOM_TOP5,2025-12-31,1913.0329768452364
10.0,C3_XMOM_TOP5,2026-01-02,2009.5168413025322
10.0,C3_XMOM_TOP5,2026-01-05,2036.6721011799818
10.0,C3_XMOM_TOP5,2026-01-06,2074.07263028119
10.0,C3_XMOM_TOP5,2026-01-07,2035.7403713077915
10.0,C3_XMOM_TOP5,2026-01-08,2031.1608788519902
10.0,C3_XMOM_TOP5,2026-01-09,2081.8630394083557
10.0,C3_XMOM_TOP5,2026-01-12,2108.1753946257804
10.0,C3_XMOM_TOP5,2026-01-13,2078.9908437886656
10.0,C3_XMOM_TOP5,2026-01-14,2064.593945344185
10.0,C3_XMOM_TOP5,2026-01-15,2078.945056695059
10.0,C3_XMOM_TOP5,2026-01-16,2147.153360247015
10.0,C3_XMOM_TOP5,2026-01-20,2088.158078209924
10.0,C3_XMOM_TOP5,2026-01-21,2057.54523126565
10.0,C3_XMOM_TOP5,2026-01-22,2137.783641079504
10.0,C3_XMOM_TOP5,2026-01-23,2117.4021306552077
10.0,C3_XMOM_TOP5,2026-01-26,2061.716182388397
10.0,C3_XMOM_TOP5,2026-01-27,2086.2573946656935
10.0,C3_XMOM_TOP5,2026-01-28,2110.696275875613
10.0,C3_XMOM_TOP5,2026-01-29,2086.143821261258
10.0,C3_XMOM_TOP5,2026-01-30,2038.5595690243392
10.0,C3_XMOM_TOP5,2026-02-02,2003.2161547711098
10.0,C3_XMOM_TOP5,2026-02-03,2061.7188171617986
10.0,C3_XMOM_TOP5,2026-02-04,2021.5191567022905
10.0,C3_XMOM_TOP5,2026-02-05,1941.801011923924
10.0,C3_XMOM_TOP5,2026-02-06,2031.3914543498122
10.0,C3_XMOM_TOP5,2026-02-09,2052.2832721763666
10.0,C3_XMOM_TOP5,2026-02-10,2010.6972687028137
10.0,C3_XMOM_TOP5,2026-02-11,2023.6907443051416
10.0,C3_XMOM_TOP5,2026-02-12,1957.353439970054
10.0,C3_XMOM_TOP5,2026-02-13,1983.5255546720311
10.0,C3_XMOM_TOP5,2026-02-17,1968.2021358858278
10.0,C3_XMOM_TOP5,2026-02-18,1981.1762219760496
10.0,C3_XMOM_TOP5,2026-02-19,1999.2963370594593
10.0,C3_XMOM_TOP5,2026-02-20,1977.2520988624979
10.0,C3_XMOM_TOP5,2026-02-23,2020.9362372092046
10.0,C3_XMOM_TOP5,2026-02-24,2024.1853251296209
10.0,C3_XMOM_TOP5,2026-02-25,2000.5665143203373
10.0,C3_XMOM_TOP5,2026-02-26,1997.781686262739
10.0,C3_XMOM_TOP5,2026-02-27,1995.6735159320442
10.0,C3_XMOM_TOP5,2026-03-02,2031.449181515131
10.0,C3_XMOM_TOP5,2026-03-03,2008.0299174022668
10.0,C3_XMOM_TOP5,2026-03-04,2071.204043424579
10.0,C3_XMOM_TOP5,2026-03-05,1998.0265744850344
10.0,C3_XMOM_TOP5,2026-03-06,1980.0503285025975
10.0,C3_XMOM_TOP5,2026-03-09,1998.4332173719035
10.0,C3_XMOM_TOP5,2026-03-10,1985.2974082808073
10.0,C3_XMOM_TOP5,2026-03-11,1989.2883351136352
10.0,C3_XMOM_TOP5,2026-03-12,1955.1691270517674
10.0,C3_XMOM_TOP5,2026-03-13,1947.0437292524225
10.0,C3_XMOM_TOP5,2026-03-16,1968.17316498082
10.0,C3_XMOM_TOP5,2026-03-17,1971.9020777561377
10.0,C3_XMOM_TOP5,2026-03-18,1933.2764688331101
10.0,C3_XMOM_TOP5,2026-03-19,1932.2391228684044
10.0,C3_XMOM_TOP5,2026-03-20,1882.8929721471982
10.0,C3_XMOM_TOP5,2026-03-23,1867.8749503095758
10.0,C3_XMOM_TOP5,2026-03-24,1860.094606901748
10.0,C3_XMOM_TOP5,2026-03-25,1930.3288126643927
10.0,C3_XMOM_TOP5,2026-03-26,1854.4097893163746
10.0,C3_XMOM_TOP5,2026-03-27,1803.8991493328572
10.0,C3_XMOM_TOP5,2026-03-30,1758.5927351042903
10.0,C3_XMOM_TOP5,2026-03-31,1852.1007851182328
10.0,C3_XMOM_TOP5,2026-04-01,1896.8543429866002
10.0,C3_XMOM_TOP5,2026-04-02,1916.0207589144607
10.0,C3_XMOM_TOP5,2026-04-06,1939.6833110900316
10.0,C3_XMOM_TOP5,2026-04-07,1926.6225866831564
10.0,C3_XMOM_TOP5,2026-04-08,1943.7863907367323
10.0,C3_XMOM_TOP5,2026-04-09,1934.8247280760356
10.0,C3_XMOM_TOP5,2026-04-10,1941.3028965590083
10.0,C3_XMOM_TOP5,2026-04-13,1977.203140096536
10.0,C3_XMOM_TOP5,2026-04-14,1918.0033096430018
10.0,C3_XMOM_TOP5,2026-04-15,1900.565239380707
10.0,C3_XMOM_TOP5,2026-04-16,1929.961653326508
10.0,C3_XMOM_TOP5,2026-04-17,1889.8012571733905
10.0,C3_XMOM_TOP5,2026-04-20,1875.4939149376692
10.0,C3_XMOM_TOP5,2026-04-21,1880.6324796581366
10.0,C3_XMOM_TOP5,2026-04-22,1915.1537462199506
10.0,C3_XMOM_TOP5,2026-04-23,1895.3977768159925
10.0,C3_XMOM_TOP5,2026-04-24,1878.7886484184407
10.0,C3_XMOM_TOP5,2026-04-27,1875.4583143890616
10.0,C3_XMOM_TOP5,2026-04-28,1846.3165125228943
10.0,C3_XMOM_TOP5,2026-04-29,1868.4525478602468
10.0,C3_XMOM_TOP5,2026-04-30,1928.2468200814253
10.0,C3_XMOM_TOP5,2026-05-01,1915.8834111062336
10.0,C3_XMOM_TOP5,2026-05-04,1920.9698527825828
10.0,C3_XMOM_TOP5,2026-05-05,1941.7071244372662
10.0,C3_XMOM_TOP5,2026-05-06,1943.0489422646117
10.0,C3_XMOM_TOP5,2026-05-07,1930.0647850000955
10.0,C3_XMOM_TOP5,2026-05-08,1942.010653978195
10.0,C3_XMOM_TOP5,2026-05-11,1965.5725178048447
10.0,C3_XMOM_TOP5,2026-05-12,1982.5536579667105
10.0,C3_XMOM_TOP5,2026-05-13,1998.0154333155165
10.0,C3_XMOM_TOP5,2026-05-14,1998.2899508923629
10.0,C3_XMOM_TOP5,2026-05-15,1982.5325775622634
10.0,C3_XMOM_TOP5,2026-05-18,1974.8721417650981
10.0,C3_XMOM_TOP5,2026-05-19,1994.882090373384
10.0,C3_XMOM_TOP5,2026-05-20,1985.5518811245734
10.0,C3_XMOM_TOP5,2026-05-21,1965.2760394460768
10.0,C3_XMOM_TOP5,2026-05-22,1974.5845628817199
10.0,C3_XMOM_TOP5,2026-05-26,1986.029629986584
10.0,C3_XMOM_TOP5,2026-05-27,1967.256466522591
10.0,C3_XMOM_TOP5,2026-05-28,1993.616010380692
10.0,C3_XMOM_TOP5,2026-05-29,1974.7780555598147
10.0,C3_XMOM_TOP5,2026-06-01,1976.3242536186326
10.0,C3_XMOM_TOP5,2026-06-02,2028.8522798372805
10.0,C3_XMOM_TOP5,2026-06-03,2006.8803322638819
10.0,C3_XMOM_TOP5,2026-06-04,1987.9468505875573
10.0,C3_XMOM_TOP5,2026-06-05,1869.8937175383257
10.0,C3_XMOM_TOP5,2026-06-08,1895.0367944115962
10.0,C3_XMOM_TOP5,2026-06-09,1868.7524491114268
10.0,C3_XMOM_TOP5,2026-06-10,1847.124554382897
10.0,C3_XMOM_TOP5,2026-06-11,1929.34691172575
10.0,C3_XMOM_TOP5,2026-06-12,1866.9860074434578
10.0,C3_XMOM_TOP5,2026-06-15,1899.5790548159596
10.0,C3_XMOM_TOP5,2026-06-16,1835.2125685093479
10.0,C3_XMOM_TOP5,2026-06-17,1842.0615093774325
10.0,C3_XMOM_TOP5,2026-06-18,1846.8514609960416
10.0,C3_XMOM_TOP5,2026-06-22,1809.7714470674132
10.0,C3_XMOM_TOP5,2026-06-23,1764.2957262526247
10.0,C3_XMOM_TOP5,2026-06-24,1720.1003838096685
10.0,C3_XMOM_TOP5,2026-06-25,1749.7347121965436
10.0,C3_XMOM_TOP5,2026-06-26,1732.2220629511419
10.0,C3_XMOM_TOP5,2026-06-29,1813.8319757481895
10.0,C3_XMOM_TOP5,2026-06-30,1849.598559382133
10.0,C3_XMOM_TOP5,2026-07-01,1806.1197579724019
10.0,C3_XMOM_TOP5,2026-07-02,1788.729297110015
10.0,C3_XMOM_TOP5,2026-07-06,1781.4589696964047
10.0,C3_XMOM_TOP5,2026-07-07,1756.9811521820943
10.0,C3_XMOM_TOP5,2026-07-08,1772.9148930299066
10.0,C3_XMOM_TOP5,2026-07-09,1775.3184066627407
10.0,C3_XMOM_TOP5,2026-07-10,1764.1621057268724
10.0,C3_XMOM_TOP5,2026-07-13,1746.732621742821
10.0,C3_XMOM_TOP5,2026-07-14,1763.9787579929393
10.0,C3_XMOM_TOP5,2026-07-15,1750.4548034508757
10.0,C3_XMOM_TOP5,2026-07-16,1679.1304760654377
10.0,C3_XMOM_TOP5,2026-07-17,1699.637750859607
10.0,C3_XMOM_TOP5,2026-07-20,1695.500733114951
10.0,C3_XMOM_TOP5,2026-07-21,1764.2596373693514
10.0,C3_XMOM_TOP5,2026-07-22,1764.6007112562388
10.0,C3_XMOM_TOP5,2026-07-23,1778.3397241299538
10.0,C3_XMOM_TOP5,2026-07-24,1740.668718986082
10.0,C3_XMOM_TOP5,2026-07-27,1700.123011161364
10.0,C3_XMOM_TOP5,2026-07-28,1666.5844844149617
10.0,C3_XMOM_TOP5,2026-07-29,1656.9983340012625
10.0,C3_XMOM_TOP5,2026-07-30,1691.0451616797195
10.0,C3_XMOM_TOP5,2026-07-31,1699.827887779704
10.0,C3_XMOM_TOP5,2026-08-03,1693.1621190228411
10.0,C3_XMOM_TOP5,2026-08-04,1735.6674336464264
10.0,C3_XMOM_TOP5,2026-08-05,1739.123257541246
10.0,C3_XMOM_TOP5,2026-08-06,1759.395217941096
10.0,C3_XMOM_TOP5,2026-08-07,1771.9887748949939
10.0,C3_XMOM_TOP5,2026-08-10,1794.7998100719262
10.0,C3_XMOM_TOP5,2026-08-11,1791.134430305672
10.0,C3_XMOM_TOP5,2026-08-12,1802.3727738943403
10.0,C3_XMOM_TOP5,2026-08-13,1800.4967566424314
10.0,C3_XMOM_TOP5,2026-08-14,1774.9996033062976
10.0,C3_XMOM_TOP5,2026-08-17,1791.2806699533785
10.0,C3_XMOM_TOP5,2026-08-18,1770.9638293455464
10.0,C3_XMOM_TOP5,2026-08-19,1765.2977125796515
10.0,C3_XMOM_TOP5,2026-08-20,1765.4524413729891
10.0,C3_XMOM_TOP5,2026-08-21,1772.597674944584
10.0,C3_XMOM_TOP5,2026-08-24,1742.257699470686
10.0,C3_XMOM_TOP5,2026-08-25,1725.969508749568
10.0,C3_XMOM_TOP5,2026-08-26,1716.112404026696
10.0,C3_XMOM_TOP5,2026-08-27,1744.5448498541293
10.0,C3_XMOM_TOP5,2026-08-28,1727.7173646663534
10.0,C4_VOLTGT_EW,2024-11-22,1500.0
10.0,C4_VOLTGT_EW,2024-11-25,1476.6001842845703
10.0,C4_VOLTGT_EW,2024-11-26,1474.2069117753408
10.0,C4_VOLTGT_EW,2024-11-27,1476.2831768713404
10.0,C4_VOLTGT_EW,2024-11-29,1488.3506194689908
10.0,C4_VOLTGT_EW,2024-12-02,1489.2079797158515
10.0,C4_VOLTGT_EW,2024-12-03,1497.7899615252811
10.0,C4_VOLTGT_EW,2024-12-04,1513.8809153605184
10.0,C4_VOLTGT_EW,2024-12-05,1511.5354107765568
10.0,C4_VOLTGT_EW,2024-12-06,1533.9025459947782
10.0,C4_VOLTGT_EW,2024-12-09,1511.8497360773174
10.0,C4_VOLTGT_EW,2024-12-10,1502.9643299517447
10.0,C4_VOLTGT_EW,2024-12-11,1529.6068711767095
10.0,C4_VOLTGT_EW,2024-12-12,1516.8680058666293
10.0,C4_VOLTGT_EW,2024-12-13,1544.7521731005518
10.0,C4_VOLTGT_EW,2024-12-16,1564.8985300306806
10.0,C4_VOLTGT_EW,2024-12-17,1555.9256803585786
10.0,C4_VOLTGT_EW,2024-12-18,1508.2827672954043
10.0,C4_VOLTGT_EW,2024-12-19,1498.7715370630522
10.0,C4_VOLTGT_EW,2024-12-20,1515.6383891010494
10.0,C4_VOLTGT_EW,2024-12-23,1522.2331281771092
10.0,C4_VOLTGT_EW,2024-12-24,1548.0087666499173
10.0,C4_VOLTGT_EW,2024-12-26,1545.9856417854642
10.0,C4_VOLTGT_EW,2024-12-27,1523.2671706696215
10.0,C4_VOLTGT_EW,2024-12-30,1504.467749556818
10.0,C4_VOLTGT_EW,2024-12-31,1490.7958276307966
10.0,C4_VOLTGT_EW,2025-01-02,1502.412927446988
10.0,C4_VOLTGT_EW,2025-01-03,1537.0908120535557
10.0,C4_VOLTGT_EW,2025-01-06,1549.3365490079163
10.0,C4_VOLTGT_EW,2025-01-07,1520.5885040676442
10.0,C4_VOLTGT_EW,2025-01-08,1514.360282509043
10.0,C4_VOLTGT_EW,2025-01-10,1515.2511232827271
10.0,C4_VOLTGT_EW,2025-01-13,1508.5262471017409
10.0,C4_VOLTGT_EW,2025-01-14,1507.8610303645298
10.0,C4_VOLTGT_EW,2025-01-15,1532.6078846142163
10.0,C4_VOLTGT_EW,2025-01-16,1532.6690047591117
10.0,C4_VOLTGT_EW,2025-01-17,1546.884898636896
10.0,C4_VOLTGT_EW,2025-01-21,1565.78132245233
10.0,C4_VOLTGT_EW,2025-01-22,1567.5098891772059
10.0,C4_VOLTGT_EW,2025-01-23,1563.4758846891204
10.0,C4_VOLTGT_EW,2025-01-24,1562.3123868425437
10.0,C4_VOLTGT_EW,2025-01-27,1508.917267221857
10.0,C4_VOLTGT_EW,2025-01-28,1520.7416268269133
10.0,C4_VOLTGT_EW,2025-01-29,1514.1723715396988
10.0,C4_VOLTGT_EW,2025-01-30,1535.3517197061733
10.0,C4_VOLTGT_EW,2025-01-31,1534.8253886935872
10.0,C4_VOLTGT_EW,2025-02-03,1535.5351416380759
10.0,C4_VOLTGT_EW,2025-02-04,1559.5160061512286
10.0,C4_VOLTGT_EW,2025-02-05,1566.3497658536166
10.0,C4_VOLTGT_EW,2025-02-06,1577.9807288528177
10.0,C4_VOLTGT_EW,2025-02-07,1570.7338385403245
10.0,C4_VOLTGT_EW,2025-02-10,1593.4049611544838
10.0,C4_VOLTGT_EW,2025-02-11,1577.8722478770223
10.0,C4_VOLTGT_EW,2025-02-12,1579.6757900875673
10.0,C4_VOLTGT_EW,2025-02-13,1591.6200963043634
10.0,C4_VOLTGT_EW,2025-02-14,1597.423617074257
10.0,C4_VOLTGT_EW,2025-02-18,1597.1529486334398
10.0,C4_VOLTGT_EW,2025-02-19,1592.8667181508458
10.0,C4_VOLTGT_EW,2025-02-20,1587.683317596711
10.0,C4_VOLTGT_EW,2025-02-21,1556.227083931745
10.0,C4_VOLTGT_EW,2025-02-24,1537.3593660338738
10.0,C4_VOLTGT_EW,2025-02-25,1514.3567087662504
10.0,C4_VOLTGT_EW,2025-02-26,1525.0118702450955
10.0,C4_VOLTGT_EW,2025-02-27,1495.2585198711881
10.0,C4_VOLTGT_EW,2025-02-28,1509.7073324698886
10.0,C4_VOLTGT_EW,2025-03-03,1490.4843914079026
10.0,C4_VOLTGT_EW,2025-03-04,1499.0114583106279
10.0,C4_VOLTGT_EW,2025-03-05,1527.3456360055134
10.0,C4_VOLTGT_EW,2025-03-06,1497.4461573349126
10.0,C4_VOLTGT_EW,2025-03-07,1502.109108824009
10.0,C4_VOLTGT_EW,2025-03-10,1451.7220734069433
10.0,C4_VOLTGT_EW,2025-03-11,1462.9530176471987
10.0,C4_VOLTGT_EW,2025-03-12,1475.365842518056
10.0,C4_VOLTGT_EW,2025-03-13,1461.975808156918
10.0,C4_VOLTGT_EW,2025-03-14,1490.7419421253
10.0,C4_VOLTGT_EW,2025-03-17,1490.9084477953375
10.0,C4_VOLTGT_EW,2025-03-18,1472.7502467528566
10.0,C4_VOLTGT_EW,2025-03-19,1487.6966072996884
10.0,C4_VOLTGT_EW,2025-03-20,1485.7730114401968
10.0,C4_VOLTGT_EW,2025-03-21,1488.576388909083
10.0,C4_VOLTGT_EW,2025-03-24,1520.7314012513257
10.0,C4_VOLTGT_EW,2025-03-25,1519.481386874144
10.0,C4_VOLTGT_EW,2025-03-26,1496.878818690466
10.0,C4_VOLTGT_EW,2025-03-27,1486.3304474934912
10.0,C4_VOLTGT_EW,2025-03-28,1464.6598844672205
10.0,C4_VOLTGT_EW,2025-03-31,1462.206340591078
10.0,C4_VOLTGT_EW,2025-04-01,1470.456909767437
10.0,C4_VOLTGT_EW,2025-04-02,1479.7945892516848
10.0,C4_VOLTGT_EW,2025-04-03,1440.2034224256308
10.0,C4_VOLTGT_EW,2025-04-04,1406.8849885675645
10.0,C4_VOLTGT_EW,2025-04-07,1407.4582304076193
10.0,C4_VOLTGT_EW,2025-04-08,1396.16946626567
10.0,C4_VOLTGT_EW,2025-04-09,1471.4861062599093
10.0,C4_VOLTGT_EW,2025-04-10,1444.3279204755686
10.0,C4_VOLTGT_EW,2025-04-11,1459.8726180861277
10.0,C4_VOLTGT_EW,2025-04-14,1464.1993172083787
10.0,C4_VOLTGT_EW,2025-04-15,1467.2385480976982
10.0,C4_VOLTGT_EW,2025-04-16,1454.9379040617098
10.0,C4_VOLTGT_EW,2025-04-17,1461.3925214515477
10.0,C4_VOLTGT_EW,2025-04-21,1445.3371096795272
10.0,C4_VOLTGT_EW,2025-04-22,1462.2185056893813
10.0,C4_VOLTGT_EW,2025-04-23,1477.7503631815132
10.0,C4_VOLTGT_EW,2025-04-24,1498.628339394665
10.0,C4_VOLTGT_EW,2025-04-25,1514.1045917013962
10.0,C4_VOLTGT_EW,2025-04-28,1516.022973433862
10.0,C4_VOLTGT_EW,2025-04-29,1517.9906681661978
10.0,C4_VOLTGT_EW,2025-04-30,1515.6364792047639
10.0,C4_VOLTGT_EW,2025-05-01,1515.7874471005648
10.0,C4_VOLTGT_EW,2025-05-02,1534.1936134739663
10.0,C4_VOLTGT_EW,2025-05-05,1529.487307379272
10.0,C4_VOLTGT_EW,2025-05-06,1525.4718290756023
10.0,C4_VOLTGT_EW,2025-05-07,1527.8350402269357
10.0,C4_VOLTGT_EW,2025-05-08,1534.3433646999488
10.0,C4_VOLTGT_EW,2025-05-09,1535.428559817434
10.0,C4_VOLTGT_EW,2025-05-12,1549.7507563066633
10.0,C4_VOLTGT_EW,2025-05-13,1562.7356767068845
10.0,C4_VOLTGT_EW,2025-05-14,1562.9545577993847
10.0,C4_VOLTGT_EW,2025-05-15,1560.4159131429153
10.0,C4_VOLTGT_EW,2025-05-16,1564.502139290265
10.0,C4_VOLTGT_EW,2025-05-19,1563.1153010485555
10.0,C4_VOLTGT_EW,2025-05-20,1564.296321973639
10.0,C4_VOLTGT_EW,2025-05-21,1555.1457029317144
10.0,C4_VOLTGT_EW,2025-05-22,1557.2045127880142
10.0,C4_VOLTGT_EW,2025-05-23,1553.9958442853908
10.0,C4_VOLTGT_EW,2025-05-27,1563.9931891120887
10.0,C4_VOLTGT_EW,2025-05-28,1561.0180250186172
10.0,C4_VOLTGT_EW,2025-05-29,1560.8938794101339
10.0,C4_VOLTGT_EW,2025-05-30,1560.970021852234
10.0,C4_VOLTGT_EW,2025-06-02,1570.0093725064808
10.0,C4_VOLTGT_EW,2025-06-03,1578.330294645842
10.0,C4_VOLTGT_EW,2025-06-04,1582.407735911077
10.0,C4_VOLTGT_EW,2025-06-05,1574.257503660814
10.0,C4_VOLTGT_EW,2025-06-06,1579.5744086619663
10.0,C4_VOLTGT_EW,2025-06-09,1590.0803055641647
10.0,C4_VOLTGT_EW,2025-06-10,1595.0421564167414
10.0,C4_VOLTGT_EW,2025-06-11,1596.900025439475
10.0,C4_VOLTGT_EW,2025-06-12,1599.0545073768828
10.0,C4_VOLTGT_EW,2025-06-13,1602.4876174821052
10.0,C4_VOLTGT_EW,2025-06-16,1610.5758640652562
10.0,C4_VOLTGT_EW,2025-06-17,1604.8366036522527
10.0,C4_VOLTGT_EW,2025-06-18,1611.1010446285836
10.0,C4_VOLTGT_EW,2025-06-20,1611.4087751280122
10.0,C4_VOLTGT_EW,2025-06-23,1620.281365961943
10.0,C4_VOLTGT_EW,2025-06-24,1628.3612086356743
10.0,C4_VOLTGT_EW,2025-06-25,1626.654351760309
10.0,C4_VOLTGT_EW,2025-06-26,1630.516075556218
10.0,C4_VOLTGT_EW,2025-06-27,1625.457888952252
10.0,C4_VOLTGT_EW,2025-06-30,1626.959019409985
10.0,C4_VOLTGT_EW,2025-07-01,1613.7092332963289
10.0,C4_VOLTGT_EW,2025-07-02,1624.2755279020857
10.0,C4_VOLTGT_EW,2025-07-03,1627.7349376991974
10.0,C4_VOLTGT_EW,2025-07-07,1624.9274122099378
10.0,C4_VOLTGT_EW,2025-07-08,1624.5362126873674
10.0,C4_VOLTGT_EW,2025-07-09,1630.6534219928185
10.0,C4_VOLTGT_EW,2025-07-10,1633.3156953765524
10.0,C4_VOLTGT_EW,2025-07-11,1639.0553164121038
10.0,C4_VOLTGT_EW,2025-07-14,1645.8208791397337
10.0,C4_VOLTGT_EW,2025-07-15,1644.6428814683163
10.0,C4_VOLTGT_EW,2025-07-16,1650.0911254821826
10.0,C4_VOLTGT_EW,2025-07-17,1654.1953495941077
10.0,C4_VOLTGT_EW,2025-07-18,1654.1913483685084
10.0,C4_VOLTGT_EW,2025-07-21,1652.8689749886726
10.0,C4_VOLTGT_EW,2025-07-22,1647.1905935654727
10.0,C4_VOLTGT_EW,2025-07-23,1654.6806576720558
10.0,C4_VOLTGT_EW,2025-07-24,1654.3887590645627
10.0,C4_VOLTGT_EW,2025-07-25,1648.9338284044338
10.0,C4_VOLTGT_EW,2025-07-28,1653.9969147688612
10.0,C4_VOLTGT_EW,2025-07-29,1649.7463597178994
10.0,C4_VOLTGT_EW,2025-07-30,1654.0615627750924
10.0,C4_VOLTGT_EW,2025-07-31,1652.1886708002287
10.0,C4_VOLTGT_EW,2025-08-01,1641.8165457716511
10.0,C4_VOLTGT_EW,2025-08-04,1664.9297745081424
10.0,C4_VOLTGT_EW,2025-08-05,1661.1947651565702
10.0,C4_VOLTGT_EW,2025-08-06,1673.2187974672315
10.0,C4_VOLTGT_EW,2025-08-07,1664.6740826009889
10.0,C4_VOLTGT_EW,2025-08-08,1664.4760580145212
10.0,C4_VOLTGT_EW,2025-08-11,1664.9243100138049
10.0,C4_VOLTGT_EW,2025-08-12,1690.2659605924764
10.0,C4_VOLTGT_EW,2025-08-13,1689.1731450566838
10.0,C4_VOLTGT_EW,2025-08-14,1676.814409129539
10.0,C4_VOLTGT_EW,2025-08-15,1663.31138673164
10.0,C4_VOLTGT_EW,2025-08-18,1662.0004886710062
10.0,C4_VOLTGT_EW,2025-08-19,1619.7095917701326
10.0,C4_VOLTGT_EW,2025-08-20,1622.336753537507
10.0,C4_VOLTGT_EW,2025-08-21,1609.4304560266928
10.0,C4_VOLTGT_EW,2025-08-22,1641.2944656228467
10.0,C4_VOLTGT_EW,2025-08-25,1637.4156155466392
10.0,C4_VOLTGT_EW,2025-08-26,1656.2781662647033
10.0,C4_VOLTGT_EW,2025-08-27,1647.8436291330368
10.0,C4_VOLTGT_EW,2025-08-28,1654.4244396340782
10.0,C4_VOLTGT_EW,2025-08-29,1630.4360854643073
10.0,C4_VOLTGT_EW,2025-09-02,1632.8288997156012
10.0,C4_VOLTGT_EW,2025-09-03,1626.635285294883
10.0,C4_VOLTGT_EW,2025-09-04,1627.3998926315085
10.0,C4_VOLTGT_EW,2025-09-05,1640.5575899879088
10.0,C4_VOLTGT_EW,2025-09-08,1645.8408872104555
10.0,C4_VOLTGT_EW,2025-09-09,1646.1172017771987
10.0,C4_VOLTGT_EW,2025-09-10,1676.065548768658
10.0,C4_VOLTGT_EW,2025-09-11,1679.8209399679286
10.0,C4_VOLTGT_EW,2025-09-12,1701.8664658579462
10.0,C4_VOLTGT_EW,2025-09-15,1716.0091082675947
10.0,C4_VOLTGT_EW,2025-09-16,1723.1128410811286
10.0,C4_VOLTGT_EW,2025-09-17,1711.9929853547535
10.0,C4_VOLTGT_EW,2025-09-18,1729.6513663001979
10.0,C4_VOLTGT_EW,2025-09-19,1736.742701722627
10.0,C4_VOLTGT_EW,2025-09-22,1749.811298250182
10.0,C4_VOLTGT_EW,2025-09-23,1748.8420440121572
10.0,C4_VOLTGT_EW,2025-09-24,1749.391589044404
10.0,C4_VOLTGT_EW,2025-09-25,1717.3597559645448
10.0,C4_VOLTGT_EW,2025-09-26,1728.3826297621922
10.0,C4_VOLTGT_EW,2025-09-29,1734.818264263427
10.0,C4_VOLTGT_EW,2025-09-30,1745.5950603326323
10.0,C4_VOLTGT_EW,2025-10-01,1785.6666887775195
10.0,C4_VOLTGT_EW,2025-10-02,1809.8163846527445
10.0,C4_VOLTGT_EW,2025-10-03,1805.370915652093
10.0,C4_VOLTGT_EW,2025-10-06,1835.3703196609163
10.0,C4_VOLTGT_EW,2025-10-07,1818.6200810851174
10.0,C4_VOLTGT_EW,2025-10-08,1851.0547648431234
10.0,C4_VOLTGT_EW,2025-10-09,1856.47149600185
10.0,C4_VOLTGT_EW,2025-10-10,1789.539804664542
10.0,C4_VOLTGT_EW,2025-10-13,1843.1775359120775
10.0,C4_VOLTGT_EW,2025-10-14,1832.3791319792288
10.0,C4_VOLTGT_EW,2025-10-15,1848.3617823862492
10.0,C4_VOLTGT_EW,2025-10-16,1825.7977058617264
10.0,C4_VOLTGT_EW,2025-10-17,1810.9649419439875
10.0,C4_VOLTGT_EW,2025-10-20,1826.9092972173457
10.0,C4_VOLTGT_EW,2025-10-21,1799.9030538863208
10.0,C4_VOLTGT_EW,2025-10-22,1772.6981653956625
10.0,C4_VOLTGT_EW,2025-10-23,1795.6072614954514
10.0,C4_VOLTGT_EW,2025-10-24,1812.5438913903556
10.0,C4_VOLTGT_EW,2025-10-27,1842.1089253422379
10.0,C4_VOLTGT_EW,2025-10-28,1836.4971855487647
10.0,C4_VOLTGT_EW,2025-10-29,1853.0164746202654
10.0,C4_VOLTGT_EW,2025-10-30,1809.3926192936894
10.0,C4_VOLTGT_EW,2025-10-31,1828.0885188081352
10.0,C4_VOLTGT_EW,2025-11-03,1820.625048323497
10.0,C4_VOLTGT_EW,2025-11-04,1772.3370530512111
10.0,C4_VOLTGT_EW,2025-11-05,1784.5461823490746
10.0,C4_VOLTGT_EW,2025-11-06,1750.8871952352333
10.0,C4_VOLTGT_EW,2025-11-07,1756.81521539613
10.0,C4_VOLTGT_EW,2025-11-10,1782.4012927595677
10.0,C4_VOLTGT_EW,2025-11-11,1768.7919967326293
10.0,C4_VOLTGT_EW,2025-11-12,1756.6016923993056
10.0,C4_VOLTGT_EW,2025-11-13,1719.8122909164017
10.0,C4_VOLTGT_EW,2025-11-14,1720.4794237695537
10.0,C4_VOLTGT_EW,2025-11-17,1706.0544101157257
10.0,C4_VOLTGT_EW,2025-11-18,1705.2350717756785
10.0,C4_VOLTGT_EW,2025-11-19,1701.4243795648226
10.0,C4_VOLTGT_EW,2025-11-20,1672.1142947596873
10.0,C4_VOLTGT_EW,2025-11-21,1664.041063332073
10.0,C4_VOLTGT_EW,2025-11-24,1704.5226223286145
10.0,C4_VOLTGT_EW,2025-11-25,1709.2412031417903
10.0,C4_VOLTGT_EW,2025-11-26,1726.6520972921862
10.0,C4_VOLTGT_EW,2025-11-28,1736.8845191481187
10.0,C4_VOLTGT_EW,2025-12-01,1717.1556538229543
10.0,C4_VOLTGT_EW,2025-12-02,1732.2047391996748
10.0,C4_VOLTGT_EW,2025-12-03,1748.5822397237744
10.0,C4_VOLTGT_EW,2025-12-04,1768.4425591247286
10.0,C4_VOLTGT_EW,2025-12-05,1767.3993573984544
10.0,C4_VOLTGT_EW,2025-12-08,1768.8841443455872
10.0,C4_VOLTGT_EW,2025-12-09,1770.8111117146818
10.0,C4_VOLTGT_EW,2025-12-10,1782.535507098204
10.0,C4_VOLTGT_EW,2025-12-11,1792.0777886814649
10.0,C4_VOLTGT_EW,2025-12-12,1763.2637536310667
10.0,C4_VOLTGT_EW,2025-12-15,1743.82790298999
10.0,C4_VOLTGT_EW,2025-12-16,1751.8849515704437
10.0,C4_VOLTGT_EW,2025-12-17,1717.6513334642532
10.0,C4_VOLTGT_EW,2025-12-18,1734.192696809624
10.0,C4_VOLTGT_EW,2025-12-19,1761.184084865925
10.0,C4_VOLTGT_EW,2025-12-22,1782.8823698718338
10.0,C4_VOLTGT_EW,2025-12-23,1783.0569162917118
10.0,C4_VOLTGT_EW,2025-12-24,1775.2146558410427
10.0,C4_VOLTGT_EW,2025-12-26,1762.9436830864993
10.0,C4_VOLTGT_EW,2025-12-29,1753.2587504470316
10.0,C4_VOLTGT_EW,2025-12-30,1756.5161223058108
10.0,C4_VOLTGT_EW,2025-12-31,1744.3380340310437
10.0,C4_VOLTGT_EW,2026-01-02,1763.7771214583709
10.0,C4_VOLTGT_EW,2026-01-05,1783.2131117177137
10.0,C4_VOLTGT_EW,2026-01-06,1791.867988432326
10.0,C4_VOLTGT_EW,2026-01-07,1773.1485000883254
10.0,C4_VOLTGT_EW,2026-01-08,1775.6892182400074
10.0,C4_VOLTGT_EW,2026-01-09,1793.6329157111622
10.0,C4_VOLTGT_EW,2026-01-12,1807.7173486406946
10.0,C4_VOLTGT_EW,2026-01-13,1812.2811884694693
10.0,C4_VOLTGT_EW,2026-01-14,1812.1986566643654
10.0,C4_VOLTGT_EW,2026-01-15,1815.298607531497
10.0,C4_VOLTGT_EW,2026-01-16,1824.694529129231
10.0,C4_VOLTGT_EW,2026-01-20,1795.5153890402976
10.0,C4_VOLTGT_EW,2026-01-21,1803.5937725675576
10.0,C4_VOLTGT_EW,2026-01-22,1819.9090164847798
10.0,C4_VOLTGT_EW,2026-01-23,1822.5996384402647
10.0,C4_VOLTGT_EW,2026-01-26,1811.5759015169083
10.0,C4_VOLTGT_EW,2026-01-27,1828.5572779600302
10.0,C4_VOLTGT_EW,2026-01-28,1838.074508699724
10.0,C4_VOLTGT_EW,2026-01-29,1836.6506640632297
10.0,C4_VOLTGT_EW,2026-01-30,1816.8897229341246
10.0,C4_VOLTGT_EW,2026-02-02,1795.8211177122116
10.0,C4_VOLTGT_EW,2026-02-03,1797.245023152902
10.0,C4_VOLTGT_EW,2026-02-04,1759.521458777454
10.0,C4_VOLTGT_EW,2026-02-05,1714.933083906751
10.0,C4_VOLTGT_EW,2026-02-06,1774.6480300137778
10.0,C4_VOLTGT_EW,2026-02-09,1793.8480694230675
10.0,C4_VOLTGT_EW,2026-02-10,1781.4081299903178
10.0,C4_VOLTGT_EW,2026-02-11,1781.7494001771308
10.0,C4_VOLTGT_EW,2026-02-12,1755.7179949999093
10.0,C4_VOLTGT_EW,2026-02-13,1770.7868000156864
10.0,C4_VOLTGT_EW,2026-02-17,1763.3625488400533
10.0,C4_VOLTGT_EW,2026-02-18,1766.0330468494685
10.0,C4_VOLTGT_EW,2026-02-19,1773.792871124062
10.0,C4_VOLTGT_EW,2026-02-20,1771.7173768747075
10.0,C4_VOLTGT_EW,2026-02-23,1765.8575661924795
10.0,C4_VOLTGT_EW,2026-02-24,1769.9530125920223
10.0,C4_VOLTGT_EW,2026-02-25,1785.120517524814
10.0,C4_VOLTGT_EW,2026-02-26,1773.8269867693195
10.0,C4_VOLTGT_EW,2026-02-27,1767.1201289021158
10.0,C4_VOLTGT_EW,2026-03-02,1788.1787536526283
10.0,C4_VOLTGT_EW,2026-03-03,1778.799542706709
10.0,C4_VOLTGT_EW,2026-03-04,1812.0980181136092
10.0,C4_VOLTGT_EW,2026-03-05,1799.3452869168855
10.0,C4_VOLTGT_EW,2026-03-06,1790.8713540120252
10.0,C4_VOLTGT_EW,2026-03-09,1802.9377046006166
10.0,C4_VOLTGT_EW,2026-03-10,1801.7160878276973
10.0,C4_VOLTGT_EW,2026-03-11,1803.0470309134653
10.0,C4_VOLTGT_EW,2026-03-12,1798.5497522662672
10.0,C4_VOLTGT_EW,2026-03-13,1791.663359327018
10.0,C4_VOLTGT_EW,2026-03-16,1805.0721643939096
10.0,C4_VOLTGT_EW,2026-03-17,1811.1446748879775
10.0,C4_VOLTGT_EW,2026-03-18,1793.2467379460186
10.0,C4_VOLTGT_EW,2026-03-19,1785.6830313874589
10.0,C4_VOLTGT_EW,2026-03-20,1757.4800008724947
10.0,C4_VOLTGT_EW,2026-03-23,1765.0096138550407
10.0,C4_VOLTGT_EW,2026-03-24,1760.1668519512536
10.0,C4_VOLTGT_EW,2026-03-25,1776.4639705484665
10.0,C4_VOLTGT_EW,2026-03-26,1743.7827894685256
10.0,C4_VOLTGT_EW,2026-03-27,1725.3945505380393
10.0,C4_VOLTGT_EW,2026-03-30,1711.778093143981
10.0,C4_VOLTGT_EW,2026-03-31,1749.9631772035905
10.0,C4_VOLTGT_EW,2026-04-01,1760.7602821704236
10.0,C4_VOLTGT_EW,2026-04-02,1769.5711795828008
10.0,C4_VOLTGT_EW,2026-04-06,1779.1837286938348
10.0,C4_VOLTGT_EW,2026-04-07,1777.8632942385213
10.0,C4_VOLTGT_EW,2026-04-08,1795.3165367950962
10.0,C4_VOLTGT_EW,2026-04-09,1794.5266274689845
10.0,C4_VOLTGT_EW,2026-04-10,1800.8152367709747
10.0,C4_VOLTGT_EW,2026-04-13,1814.2296123281901
10.0,C4_VOLTGT_EW,2026-04-14,1822.4201791966163
10.0,C4_VOLTGT_EW,2026-04-15,1835.4280900665997
10.0,C4_VOLTGT_EW,2026-04-16,1845.1255614887884
10.0,C4_VOLTGT_EW,2026-04-17,1859.4168793761025
10.0,C4_VOLTGT_EW,2026-04-20,1851.1221483819274
10.0,C4_VOLTGT_EW,2026-04-21,1842.3548590774162
10.0,C4_VOLTGT_EW,2026-04-22,1870.8593087010456
10.0,C4_VOLTGT_EW,2026-04-23,1853.0052993812449
10.0,C4_VOLTGT_EW,2026-04-24,1859.6302051888456
10.0,C4_VOLTGT_EW,2026-04-27,1859.558690385152
10.0,C4_VOLTGT_EW,2026-04-28,1841.343997882757
10.0,C4_VOLTGT_EW,2026-04-29,1834.6849016341057
10.0,C4_VOLTGT_EW,2026-04-30,1850.5783473621614
10.0,C4_VOLTGT_EW,2026-05-01,1859.2883876997876
10.0,C4_VOLTGT_EW,2026-05-04,1864.8074369432925
10.0,C4_VOLTGT_EW,2026-05-05,1861.0367739614765
10.0,C4_VOLTGT_EW,2026-05-06,1874.557431488839
10.0,C4_VOLTGT_EW,2026-05-07,1864.327674784751
10.0,C4_VOLTGT_EW,2026-05-08,1883.50343133626
10.0,C4_VOLTGT_EW,2026-05-11,1904.6601028567543
10.0,C4_VOLTGT_EW,2026-05-12,1888.2558846606778
10.0,C4_VOLTGT_EW,2026-05-13,1890.1632957921206
10.0,C4_VOLTGT_EW,2026-05-14,1911.7769658001357
10.0,C4_VOLTGT_EW,2026-05-15,1891.2658155479128
10.0,C4_VOLTGT_EW,2026-05-18,1883.2634924833467
10.0,C4_VOLTGT_EW,2026-05-19,1881.5299344422783
10.0,C4_VOLTGT_EW,2026-05-20,1892.6780293909828
10.0,C4_VOLTGT_EW,2026-05-21,1896.105387136842
10.0,C4_VOLTGT_EW,2026-05-22,1908.2931072845915
10.0,C4_VOLTGT_EW,2026-05-26,1930.971622879627
10.0,C4_VOLTGT_EW,2026-05-27,1932.9614890292976
10.0,C4_VOLTGT_EW,2026-05-28,1946.8909287254899
10.0,C4_VOLTGT_EW,2026-05-29,1933.6967223505244
10.0,C4_VOLTGT_EW,2026-06-01,1919.3296836729005
10.0,C4_VOLTGT_EW,2026-06-02,1923.2857873695432
10.0,C4_VOLTGT_EW,2026-06-03,1905.717300791266
10.0,C4_VOLTGT_EW,2026-06-04,1896.3573060194244
10.0,C4_VOLTGT_EW,2026-06-05,1830.9732990272664
10.0,C4_VOLTGT_EW,2026-06-08,1852.2669335596518
10.0,C4_VOLTGT_EW,2026-06-09,1829.6397113937305
10.0,C4_VOLTGT_EW,2026-06-10,1803.9137724218322
10.0,C4_VOLTGT_EW,2026-06-11,1844.0997991509967
10.0,C4_VOLTGT_EW,2026-06-12,1830.6289050774399
10.0,C4_VOLTGT_EW,2026-06-15,1864.1230603714598
10.0,C4_VOLTGT_EW,2026-06-16,1840.0386409217147
10.0,C4_VOLTGT_EW,2026-06-17,1824.876394247129
10.0,C4_VOLTGT_EW,2026-06-18,1828.7170017284827
10.0,C4_VOLTGT_EW,2026-06-22,1812.3615486800236
10.0,C4_VOLTGT_EW,2026-06-23,1782.0808144542048
10.0,C4_VOLTGT_EW,2026-06-24,1757.7249917452618
10.0,C4_VOLTGT_EW,2026-06-25,1752.4615105002938
10.0,C4_VOLTGT_EW,2026-06-26,1753.9618884364927
10.0,C4_VOLTGT_EW,2026-06-29,1790.3964036154136
10.0,C4_VOLTGT_EW,2026-06-30,1792.1586441415052
10.0,C4_VOLTGT_EW,2026-07-01,1792.204541059427
10.0,C4_VOLTGT_EW,2026-07-02,1792.0924662977184
10.0,C4_VOLTGT_EW,2026-07-06,1805.3833320663216
10.0,C4_VOLTGT_EW,2026-07-07,1796.9591250835285
10.0,C4_VOLTGT_EW,2026-07-08,1796.5037692146827
10.0,C4_VOLTGT_EW,2026-07-09,1803.9249698554997
10.0,C4_VOLTGT_EW,2026-07-10,1811.388149800309
10.0,C4_VOLTGT_EW,2026-07-13,1794.458375924836
10.0,C4_VOLTGT_EW,2026-07-14,1810.7387862848063
10.0,C4_VOLTGT_EW,2026-07-15,1811.8149039368084
10.0,C4_VOLTGT_EW,2026-07-16,1783.5662683083806
10.0,C4_VOLTGT_EW,2026-07-17,1781.709407786839
10.0,C4_VOLTGT_EW,2026-07-20,1784.8676682291093
10.0,C4_VOLTGT_EW,2026-07-21,1807.2338460175192
10.0,C4_VOLTGT_EW,2026-07-22,1804.9349441383054
10.0,C4_VOLTGT_EW,2026-07-23,1793.6872381470835
10.0,C4_VOLTGT_EW,2026-07-24,1779.2642437078346
10.0,C4_VOLTGT_EW,2026-07-27,1776.3766364005808
10.0,C4_VOLTGT_EW,2026-07-28,1758.1778595882463
10.0,C4_VOLTGT_EW,2026-07-29,1743.8217815922076
10.0,C4_VOLTGT_EW,2026-07-30,1760.1744838213592
10.0,C4_VOLTGT_EW,2026-07-31,1761.8404740452936
10.0,C4_VOLTGT_EW,2026-08-03,1777.1440142448432
10.0,C4_VOLTGT_EW,2026-08-04,1808.4211827031454
10.0,C4_VOLTGT_EW,2026-08-05,1808.4027551658892
10.0,C4_VOLTGT_EW,2026-08-06,1808.7931761301807
10.0,C4_VOLTGT_EW,2026-08-07,1831.8876346160787
10.0,C4_VOLTGT_EW,2026-08-10,1833.7691611807868
10.0,C4_VOLTGT_EW,2026-08-11,1835.5428608335255
10.0,C4_VOLTGT_EW,2026-08-12,1840.30481692971
10.0,C4_VOLTGT_EW,2026-08-13,1844.9773032185576
10.0,C4_VOLTGT_EW,2026-08-14,1835.7980314276997
10.0,C4_VOLTGT_EW,2026-08-17,1837.6791021416107
10.0,C4_VOLTGT_EW,2026-08-18,1819.0915453421144
10.0,C4_VOLTGT_EW,2026-08-19,1835.744048706963
10.0,C4_VOLTGT_EW,2026-08-20,1832.4345801907907
10.0,C4_VOLTGT_EW,2026-08-21,1852.6357304827152
10.0,C4_VOLTGT_EW,2026-08-24,1841.0715370131534
10.0,C4_VOLTGT_EW,2026-08-25,1842.3640359451088
10.0,C4_VOLTGT_EW,2026-08-26,1835.6807777997474
10.0,C4_VOLTGT_EW,2026-08-27,1864.617353425605
10.0,C4_VOLTGT_EW,2026-08-28,1840.6603488100282
10.0,C5_TREND_XMOM,2024-11-22,1500.0
10.0,C5_TREND_XMOM,2024-11-25,1418.6023613547452
10.0,C5_TREND_XMOM,2024-11-26,1394.7544164601693
10.0,C5_TREND_XMOM,2024-11-27,1399.6876780455718
10.0,C5_TREND_XMOM,2024-11-29,1429.513348143699
10.0,C5_TREND_XMOM,2024-12-02,1413.9504058881118
10.0,C5_TREND_XMOM,2024-12-03,1420.651219473584
10.0,C5_TREND_XMOM,2024-12-04,1455.6523518752583
10.0,C5_TREND_XMOM,2024-12-05,1456.1115192968641
10.0,C5_TREND_XMOM,2024-12-06,1529.6752326843755
10.0,C5_TREND_XMOM,2024-12-09,1478.0597932861715
10.0,C5_TREND_XMOM,2024-12-10,1457.6131139253134
10.0,C5_TREND_XMOM,2024-12-11,1507.8709261893248
10.0,C5_TREND_XMOM,2024-12-12,1486.36065602387
10.0,C5_TREND_XMOM,2024-12-13,1527.0171326068435
10.0,C5_TREND_XMOM,2024-12-16,1557.6232910016522
10.0,C5_TREND_XMOM,2024-12-17,1544.2303925343167
10.0,C5_TREND_XMOM,2024-12-18,1442.688073649259
10.0,C5_TREND_XMOM,2024-12-19,1436.6734166995395
10.0,C5_TREND_XMOM,2024-12-20,1484.1491630324085
10.0,C5_TREND_XMOM,2024-12-23,1473.941782076758
10.0,C5_TREND_XMOM,2024-12-24,1533.7280446081459
10.0,C5_TREND_XMOM,2024-12-26,1528.871662915723
10.0,C5_TREND_XMOM,2024-12-27,1460.2832671399938
10.0,C5_TREND_XMOM,2024-12-30,1407.5579700054288
10.0,C5_TREND_XMOM,2024-12-31,1367.3957409407308
10.0,C5_TREND_XMOM,2025-01-02,1381.696206971989
10.0,C5_TREND_XMOM,2025-01-03,1510.9594439618352
10.0,C5_TREND_XMOM,2025-01-06,1538.0930057147034
10.0,C5_TREND_XMOM,2025-01-07,1453.5180146233818
10.0,C5_TREND_XMOM,2025-01-08,1427.5301117398608
10.0,C5_TREND_XMOM,2025-01-10,1429.2052458209143
10.0,C5_TREND_XMOM,2025-01-13,1402.445032266287
10.0,C5_TREND_XMOM,2025-01-14,1421.052857516694
10.0,C5_TREND_XMOM,2025-01-15,1480.8305378213634
10.0,C5_TREND_XMOM,2025-01-16,1482.0321680527863
10.0,C5_TREND_XMOM,2025-01-17,1519.34603323141
10.0,C5_TREND_XMOM,2025-01-21,1571.6096704500346
10.0,C5_TREND_XMOM,2025-01-22,1563.1457994612058
10.0,C5_TREND_XMOM,2025-01-23,1539.5941538945253
10.0,C5_TREND_XMOM,2025-01-24,1523.096576202591
10.0,C5_TREND_XMOM,2025-01-27,1384.7810687702072
10.0,C5_TREND_XMOM,2025-01-28,1427.477039429246
10.0,C5_TREND_XMOM,2025-01-29,1403.0029349669035
10.0,C5_TREND_XMOM,2025-01-30,1459.9612179295104
10.0,C5_TREND_XMOM,2025-01-31,1474.0995904325853
10.0,C5_TREND_XMOM,2025-02-03,1491.4774309126967
10.0,C5_TREND_XMOM,2025-02-04,1576.3067824256918
10.0,C5_TREND_XMOM,2025-02-05,1548.377954026204
10.0,C5_TREND_XMOM,2025-02-06,1560.715813189061
10.0,C5_TREND_XMOM,2025-02-07,1541.8536158805719
10.0,C5_TREND_XMOM,2025-02-10,1564.8348343652322
10.0,C5_TREND_XMOM,2025-02-11,1512.1145393044524
10.0,C5_TREND_XMOM,2025-02-12,1543.8254445767443
10.0,C5_TREND_XMOM,2025-02-13,1555.423083384047
10.0,C5_TREND_XMOM,2025-02-14,1577.8465724674222
10.0,C5_TREND_XMOM,2025-02-18,1582.5236102012536
10.0,C5_TREND_XMOM,2025-02-19,1542.0624223165794
10.0,C5_TREND_XMOM,2025-02-20,1520.5006190423858
10.0,C5_TREND_XMOM,2025-02-21,1434.5124142816353
10.0,C5_TREND_XMOM,2025-02-24,1363.6257535222067
10.0,C5_TREND_XMOM,2025-02-25,1275.208750241649
10.0,C5_TREND_XMOM,2025-02-26,1289.1501828051662
10.0,C5_TREND_XMOM,2025-02-27,1209.829184395824
10.0,C5_TREND_XMOM,2025-02-28,1243.164303179764
10.0,C5_TREND_XMOM,2025-03-03,1215.2159483517808
10.0,C5_TREND_XMOM,2025-03-04,1238.8754947642828
10.0,C5_TREND_XMOM,2025-03-05,1304.4155348117777
10.0,C5_TREND_XMOM,2025-03-06,1230.5204348975537
10.0,C5_TREND_XMOM,2025-03-07,1220.1385679487692
10.0,C5_TREND_XMOM,2025-03-10,1079.739902404976
10.0,C5_TREND_XMOM,2025-03-11,1135.5245143719008
10.0,C5_TREND_XMOM,2025-03-12,1179.089308960357
10.0,C5_TREND_XMOM,2025-03-13,1179.089308960357
10.0,C5_TREND_XMOM,2025-03-14,1179.089308960357
10.0,C5_TREND_XMOM,2025-03-17,1179.089308960357
10.0,C5_TREND_XMOM,2025-03-18,1179.089308960357
10.0,C5_TREND_XMOM,2025-03-19,1179.089308960357
10.0,C5_TREND_XMOM,2025-03-20,1179.089308960357
10.0,C5_TREND_XMOM,2025-03-21,1179.089308960357
10.0,C5_TREND_XMOM,2025-03-24,1179.089308960357
10.0,C5_TREND_XMOM,2025-03-25,1179.089308960357
10.0,C5_TREND_XMOM,2025-03-26,1141.4366184546184
10.0,C5_TREND_XMOM,2025-03-27,1125.9567562830637
10.0,C5_TREND_XMOM,2025-03-28,1113.95142209494
10.0,C5_TREND_XMOM,2025-03-31,1113.95142209494
10.0,C5_TREND_XMOM,2025-04-01,1113.95142209494
10.0,C5_TREND_XMOM,2025-04-02,1113.95142209494
10.0,C5_TREND_XMOM,2025-04-03,1113.95142209494
10.0,C5_TREND_XMOM,2025-04-04,1113.95142209494
10.0,C5_TREND_XMOM,2025-04-07,1113.95142209494
10.0,C5_TREND_XMOM,2025-04-08,1113.95142209494
10.0,C5_TREND_XMOM,2025-04-09,1113.95142209494
10.0,C5_TREND_XMOM,2025-04-10,1113.95142209494
10.0,C5_TREND_XMOM,2025-04-11,1113.95142209494
10.0,C5_TREND_XMOM,2025-04-14,1113.95142209494
10.0,C5_TREND_XMOM,2025-04-15,1113.95142209494
10.0,C5_TREND_XMOM,2025-04-16,1113.95142209494
10.0,C5_TREND_XMOM,2025-04-17,1113.95142209494
10.0,C5_TREND_XMOM,2025-04-21,1113.95142209494
10.0,C5_TREND_XMOM,2025-04-22,1113.95142209494
10.0,C5_TREND_XMOM,2025-04-23,1113.95142209494
10.0,C5_TREND_XMOM,2025-04-24,1113.95142209494
10.0,C5_TREND_XMOM,2025-04-25,1113.95142209494
10.0,C5_TREND_XMOM,2025-04-28,1113.95142209494
10.0,C5_TREND_XMOM,2025-04-29,1113.95142209494
10.0,C5_TREND_XMOM,2025-04-30,1113.95142209494
10.0,C5_TREND_XMOM,2025-05-01,1113.95142209494
10.0,C5_TREND_XMOM,2025-05-02,1113.95142209494
10.0,C5_TREND_XMOM,2025-05-05,1113.95142209494
10.0,C5_TREND_XMOM,2025-05-06,1113.95142209494
10.0,C5_TREND_XMOM,2025-05-07,1113.95142209494
10.0,C5_TREND_XMOM,2025-05-08,1113.95142209494
10.0,C5_TREND_XMOM,2025-05-09,1113.95142209494
10.0,C5_TREND_XMOM,2025-05-12,1113.95142209494
10.0,C5_TREND_XMOM,2025-05-13,1113.95142209494
10.0,C5_TREND_XMOM,2025-05-14,1112.6042277804263
10.0,C5_TREND_XMOM,2025-05-15,1100.2719379104058
10.0,C5_TREND_XMOM,2025-05-16,1107.861567021977
10.0,C5_TREND_XMOM,2025-05-19,1115.1375801452932
10.0,C5_TREND_XMOM,2025-05-20,1122.6366122708419
10.0,C5_TREND_XMOM,2025-05-21,1108.0102821489697
10.0,C5_TREND_XMOM,2025-05-22,1111.8701624662333
10.0,C5_TREND_XMOM,2025-05-23,1097.655532982335
10.0,C5_TREND_XMOM,2025-05-27,1100.7722644131884
10.0,C5_TREND_XMOM,2025-05-28,1089.1956546988235
10.0,C5_TREND_XMOM,2025-05-29,1087.9711740146226
10.0,C5_TREND_XMOM,2025-05-30,1104.036529816352
10.0,C5_TREND_XMOM,2025-06-02,1114.0048452973617
10.0,C5_TREND_XMOM,2025-06-03,1124.4120052001535
10.0,C5_TREND_XMOM,2025-06-04,1129.9397108721766
10.0,C5_TREND_XMOM,2025-06-05,1106.5494341202739
10.0,C5_TREND_XMOM,2025-06-06,1108.3123468950425
10.0,C5_TREND_XMOM,2025-06-09,1113.0205593720707
10.0,C5_TREND_XMOM,2025-06-10,1117.1488255158388
10.0,C5_TREND_XMOM,2025-06-11,1125.6121737286333
10.0,C5_TREND_XMOM,2025-06-12,1126.750964386003
10.0,C5_TREND_XMOM,2025-06-13,1122.4551680978452
10.0,C5_TREND_XMOM,2025-06-16,1135.2435409276588
10.0,C5_TREND_XMOM,2025-06-17,1125.7940919700372
10.0,C5_TREND_XMOM,2025-06-18,1130.6331320301301
10.0,C5_TREND_XMOM,2025-06-20,1123.2925089404746
10.0,C5_TREND_XMOM,2025-06-23,1141.1111108468685
10.0,C5_TREND_XMOM,2025-06-24,1156.9686021873422
10.0,C5_TREND_XMOM,2025-06-25,1155.0375166318836
10.0,C5_TREND_XMOM,2025-06-26,1165.0363476727434
10.0,C5_TREND_XMOM,2025-06-27,1142.8791381505157
10.0,C5_TREND_XMOM,2025-06-30,1163.1635749496259
10.0,C5_TREND_XMOM,2025-07-01,1140.5922686940858
10.0,C5_TREND_XMOM,2025-07-02,1146.1678183681463
10.0,C5_TREND_XMOM,2025-07-03,1156.0562053611432
10.0,C5_TREND_XMOM,2025-07-07,1166.5688121632259
10.0,C5_TREND_XMOM,2025-07-08,1160.4541409286505
10.0,C5_TREND_XMOM,2025-07-09,1164.7387166976655
10.0,C5_TREND_XMOM,2025-07-10,1168.2825609809481
10.0,C5_TREND_XMOM,2025-07-11,1175.7720746881246
10.0,C5_TREND_XMOM,2025-07-14,1197.5556952510665
10.0,C5_TREND_XMOM,2025-07-15,1204.4669029335098
10.0,C5_TREND_XMOM,2025-07-16,1205.9394329668812
10.0,C5_TREND_XMOM,2025-07-17,1231.9868378598585
10.0,C5_TREND_XMOM,2025-07-18,1248.9319799094783
10.0,C5_TREND_XMOM,2025-07-21,1239.7040489602393
10.0,C5_TREND_XMOM,2025-07-22,1237.7674734559967
10.0,C5_TREND_XMOM,2025-07-23,1270.1316340351705
10.0,C5_TREND_XMOM,2025-07-24,1270.4700262861406
10.0,C5_TREND_XMOM,2025-07-25,1240.6413368333226
10.0,C5_TREND_XMOM,2025-07-28,1243.1109931120668
10.0,C5_TREND_XMOM,2025-07-29,1232.1909488745312
10.0,C5_TREND_XMOM,2025-07-30,1248.0753806709938
10.0,C5_TREND_XMOM,2025-07-31,1270.2082706694973
10.0,C5_TREND_XMOM,2025-08-01,1256.0389324130015
10.0,C5_TREND_XMOM,2025-08-04,1283.8283185233852
10.0,C5_TREND_XMOM,2025-08-05,1297.795640331243
10.0,C5_TREND_XMOM,2025-08-06,1302.6738559012479
10.0,C5_TREND_XMOM,2025-08-07,1296.231577353224
10.0,C5_TREND_XMOM,2025-08-08,1298.1583348651648
10.0,C5_TREND_XMOM,2025-08-11,1283.5341066917315
10.0,C5_TREND_XMOM,2025-08-12,1330.0095688949853
10.0,C5_TREND_XMOM,2025-08-13,1316.6570042921114
10.0,C5_TREND_XMOM,2025-08-14,1302.6235188473013
10.0,C5_TREND_XMOM,2025-08-15,1281.892294179935
10.0,C5_TREND_XMOM,2025-08-18,1280.9867888424824
10.0,C5_TREND_XMOM,2025-08-19,1214.0884545351337
10.0,C5_TREND_XMOM,2025-08-20,1207.642219472304
10.0,C5_TREND_XMOM,2025-08-21,1202.2987631259098
10.0,C5_TREND_XMOM,2025-08-22,1225.0564330735695
10.0,C5_TREND_XMOM,2025-08-25,1239.4268037487386
10.0,C5_TREND_XMOM,2025-08-26,1259.5455178628674
10.0,C5_TREND_XMOM,2025-08-27,1243.2421825574231
10.0,C5_TREND_XMOM,2025-08-28,1256.650832512878
10.0,C5_TREND_XMOM,2025-08-29,1226.8597912270166
10.0,C5_TREND_XMOM,2025-09-02,1218.4455069694573
10.0,C5_TREND_XMOM,2025-09-03,1203.7159788649085
10.0,C5_TREND_XMOM,2025-09-04,1195.4763677155274
10.0,C5_TREND_XMOM,2025-09-05,1207.9385918092821
10.0,C5_TREND_XMOM,2025-09-08,1214.971135963415
10.0,C5_TREND_XMOM,2025-09-09,1209.234414221387
10.0,C5_TREND_XMOM,2025-09-10,1275.798319801425
10.0,C5_TREND_XMOM,2025-09-11,1260.9781317939037
10.0,C5_TREND_XMOM,2025-09-12,1282.2651860053338
10.0,C5_TREND_XMOM,2025-09-15,1301.517721111357
10.0,C5_TREND_XMOM,2025-09-16,1284.5283883582185
10.0,C5_TREND_XMOM,2025-09-17,1266.064019664893
10.0,C5_TREND_XMOM,2025-09-18,1291.0146857117784
10.0,C5_TREND_XMOM,2025-09-19,1319.7634214835334
10.0,C5_TREND_XMOM,2025-09-22,1347.935523690115
10.0,C5_TREND_XMOM,2025-09-23,1357.303606599046
10.0,C5_TREND_XMOM,2025-09-24,1346.4994174646981
10.0,C5_TREND_XMOM,2025-09-25,1318.1367642726916
10.0,C5_TREND_XMOM,2025-09-26,1321.0624857459682
10.0,C5_TREND_XMOM,2025-09-29,1309.432526149969
10.0,C5_TREND_XMOM,2025-09-30,1321.899388779696
10.0,C5_TREND_XMOM,2025-10-01,1376.2308646273411
10.0,C5_TREND_XMOM,2025-10-02,1412.4291142460038
10.0,C5_TREND_XMOM,2025-10-03,1393.6618652274894
10.0,C5_TREND_XMOM,2025-10-06,1436.6239388906063
10.0,C5_TREND_XMOM,2025-10-07,1437.4422763523978
10.0,C5_TREND_XMOM,2025-10-08,1487.2099236583551
10.0,C5_TREND_XMOM,2025-10-09,1519.7709794769926
10.0,C5_TREND_XMOM,2025-10-10,1438.2499682013718
10.0,C5_TREND_XMOM,2025-10-13,1528.505897722408
10.0,C5_TREND_XMOM,2025-10-14,1525.093694752683
10.0,C5_TREND_XMOM,2025-10-15,1539.675078765584
10.0,C5_TREND_XMOM,2025-10-16,1509.1009120285155
10.0,C5_TREND_XMOM,2025-10-17,1484.7992566809344
10.0,C5_TREND_XMOM,2025-10-20,1490.6271246295983
10.0,C5_TREND_XMOM,2025-10-21,1459.9550377936348
10.0,C5_TREND_XMOM,2025-10-22,1410.6745520892434
10.0,C5_TREND_XMOM,2025-10-23,1431.944431909259
10.0,C5_TREND_XMOM,2025-10-24,1452.6080215146922
10.0,C5_TREND_XMOM,2025-10-27,1512.3645684032483
10.0,C5_TREND_XMOM,2025-10-28,1532.7464782104712
10.0,C5_TREND_XMOM,2025-10-29,1577.5864850241123
10.0,C5_TREND_XMOM,2025-10-30,1528.3384749954585
10.0,C5_TREND_XMOM,2025-10-31,1558.0865724990304
10.0,C5_TREND_XMOM,2025-11-03,1532.3164719910685
10.0,C5_TREND_XMOM,2025-11-04,1467.6650575219594
10.0,C5_TREND_XMOM,2025-11-05,1474.5235346824797
10.0,C5_TREND_XMOM,2025-11-06,1411.5934909910266
10.0,C5_TREND_XMOM,2025-11-07,1425.001378075535
10.0,C5_TREND_XMOM,2025-11-10,1477.6728471829624
10.0,C5_TREND_XMOM,2025-11-11,1449.4880654594717
10.0,C5_TREND_XMOM,2025-11-12,1432.3124804879221
10.0,C5_TREND_XMOM,2025-11-13,1367.8063387324592
10.0,C5_TREND_XMOM,2025-11-14,1376.5142219466366
10.0,C5_TREND_XMOM,2025-11-17,1341.4744333137417
10.0,C5_TREND_XMOM,2025-11-18,1326.6479556326217
10.0,C5_TREND_XMOM,2025-11-19,1346.3094132370977
10.0,C5_TREND_XMOM,2025-11-20,1271.5471383303673
10.0,C5_TREND_XMOM,2025-11-21,1267.7623265553552
10.0,C5_TREND_XMOM,2025-11-24,1343.0152494915017
10.0,C5_TREND_XMOM,2025-11-25,1347.0404968068394
10.0,C5_TREND_XMOM,2025-11-26,1372.0399547378713
10.0,C5_TREND_XMOM,2025-11-28,1384.072183466297
10.0,C5_TREND_XMOM,2025-12-01,1357.4989734449707
10.0,C5_TREND_XMOM,2025-12-02,1384.9065662891346
10.0,C5_TREND_XMOM,2025-12-03,1407.5255292000602
10.0,C5_TREND_XMOM,2025-12-04,1463.5249867959988
10.0,C5_TREND_XMOM,2025-12-05,1476.8644093569185
10.0,C5_TREND_XMOM,2025-12-08,1489.4324655049136
10.0,C5_TREND_XMOM,2025-12-09,1481.7136167895849
10.0,C5_TREND_XMOM,2025-12-10,1523.3862520367281
10.0,C5_TREND_XMOM,2025-12-11,1546.2395425956774
10.0,C5_TREND_XMOM,2025-12-12,1454.0694611232743
10.0,C5_TREND_XMOM,2025-12-15,1403.6749354367778
10.0,C5_TREND_XMOM,2025-12-16,1406.4555821523736
10.0,C5_TREND_XMOM,2025-12-17,1338.6261458004658
10.0,C5_TREND_XMOM,2025-12-18,1377.2972582186974
10.0,C5_TREND_XMOM,2025-12-19,1456.9711197161841
10.0,C5_TREND_XMOM,2025-12-22,1522.0814078704302
10.0,C5_TREND_XMOM,2025-12-23,1531.5641207391868
10.0,C5_TREND_XMOM,2025-12-24,1494.510345514419
10.0,C5_TREND_XMOM,2025-12-26,1467.4423053235057
10.0,C5_TREND_XMOM,2025-12-29,1459.1446812643535
10.0,C5_TREND_XMOM,2025-12-30,1474.8808347549777
10.0,C5_TREND_XMOM,2025-12-31,1455.3337970509997
10.0,C5_TREND_XMOM,2026-01-02,1528.7335923051041
10.0,C5_TREND_XMOM,2026-01-05,1549.3918705186493
10.0,C5_TREND_XMOM,2026-01-06,1577.8442049464322
10.0,C5_TREND_XMOM,2026-01-07,1548.683059960163
10.0,C5_TREND_XMOM,2026-01-08,1545.199225533399
10.0,C5_TREND_XMOM,2026-01-09,1583.770734093
10.0,C5_TREND_XMOM,2026-01-12,1603.787775247763
10.0,C5_TREND_XMOM,2026-01-13,1581.5857203438015
10.0,C5_TREND_XMOM,2026-01-14,1570.6333253079797
10.0,C5_TREND_XMOM,2026-01-15,1581.5508879569056
10.0,C5_TREND_XMOM,2026-01-16,1633.4401395276618
10.0,C5_TREND_XMOM,2026-01-20,1588.5596649857534
10.0,C5_TREND_XMOM,2026-01-21,1565.2710383278784
10.0,C5_TREND_XMOM,2026-01-22,1626.3121552543105
10.0,C5_TREND_XMOM,2026-01-23,1610.8069855502627
10.0,C5_TREND_XMOM,2026-01-26,1568.4440762254228
10.0,C5_TREND_XMOM,2026-01-27,1587.1137259805726
10.0,C5_TREND_XMOM,2026-01-28,1605.705527699309
10.0,C5_TREND_XMOM,2026-01-29,1587.0273253717373
10.0,C5_TREND_XMOM,2026-01-30,1550.8277557218778
10.0,C5_TREND_XMOM,2026-02-02,1523.940364919696
10.0,C5_TREND_XMOM,2026-02-03,1568.4460806209686
10.0,C5_TREND_XMOM,2026-02-04,1537.8643158501518
10.0,C5_TREND_XMOM,2026-02-05,1477.2189889068168
10.0,C5_TREND_XMOM,2026-02-06,1545.3746351153632
10.0,C5_TREND_XMOM,2026-02-09,1561.2680195644682
10.0,C5_TREND_XMOM,2026-02-10,1529.6315987228645
10.0,C5_TREND_XMOM,2026-02-11,1539.5163442625935
10.0,C5_TREND_XMOM,2026-02-12,1489.0504494387005
10.0,C5_TREND_XMOM,2026-02-13,1508.9608030641225
10.0,C5_TREND_XMOM,2026-02-17,1497.3035606036692
10.0,C5_TREND_XMOM,2026-02-18,1507.1735556332826
10.0,C5_TREND_XMOM,2026-02-19,1520.9583759717316
10.0,C5_TREND_XMOM,2026-02-20,1504.1882913644154
10.0,C5_TREND_XMOM,2026-02-23,1537.4208616862584
10.0,C5_TREND_XMOM,2026-02-24,1539.8925950632593
10.0,C5_TREND_XMOM,2026-02-25,1521.9246593125708
10.0,C5_TREND_XMOM,2026-02-26,1519.8061101603848
10.0,C5_TREND_XMOM,2026-02-27,1518.2023262375067
10.0,C5_TREND_XMOM,2026-03-02,1545.4185508741157
10.0,C5_TREND_XMOM,2026-03-03,1527.6024196426927
10.0,C5_TREND_XMOM,2026-03-04,1575.6619365523522
10.0,C5_TREND_XMOM,2026-03-05,1519.9924081023023
10.0,C5_TREND_XMOM,2026-03-06,1506.3170357281756
10.0,C5_TREND_XMOM,2026-03-09,1520.3017603945807
10.0,C5_TREND_XMOM,2026-03-10,1510.3087351026657
10.0,C5_TREND_XMOM,2026-03-11,1513.3448200900505
10.0,C5_TREND_XMOM,2026-03-12,1487.3887402827195
10.0,C5_TREND_XMOM,2026-03-13,1481.2073695614622
10.0,C5_TREND_XMOM,2026-03-16,1497.2815210791555
10.0,C5_TREND_XMOM,2026-03-17,1500.1182796995554
10.0,C5_TREND_XMOM,2026-03-18,1470.7339696653094
10.0,C5_TREND_XMOM,2026-03-19,1469.9448119979072
10.0,C5_TREND_XMOM,2026-03-20,1432.404883639028
10.0,C5_TREND_XMOM,2026-03-23,1420.9799709429672
10.0,C5_TREND_XMOM,2026-03-24,1407.9874198162047
10.0,C5_TREND_XMOM,2026-03-25,1407.9874198162047
10.0,C5_TREND_XMOM,2026-03-26,1407.9874198162047
10.0,C5_TREND_XMOM,2026-03-27,1407.9874198162047
10.0,C5_TREND_XMOM,2026-03-30,1407.9874198162047
10.0,C5_TREND_XMOM,2026-03-31,1407.9874198162047
10.0,C5_TREND_XMOM,2026-04-01,1407.9874198162047
10.0,C5_TREND_XMOM,2026-04-02,1407.9874198162047
10.0,C5_TREND_XMOM,2026-04-06,1407.9874198162047
10.0,C5_TREND_XMOM,2026-04-07,1407.9874198162047
10.0,C5_TREND_XMOM,2026-04-08,1407.9874198162047
10.0,C5_TREND_XMOM,2026-04-09,1407.9874198162047
10.0,C5_TREND_XMOM,2026-04-10,1405.8526003060178
10.0,C5_TREND_XMOM,2026-04-13,1431.8285052405731
10.0,C5_TREND_XMOM,2026-04-14,1389.0881565002185
10.0,C5_TREND_XMOM,2026-04-15,1376.496613311167
10.0,C5_TREND_XMOM,2026-04-16,1397.7079339014933
10.0,C5_TREND_XMOM,2026-04-17,1368.3622335056293
10.0,C5_TREND_XMOM,2026-04-20,1358.241293677387
10.0,C5_TREND_XMOM,2026-04-21,1362.1495273001688
10.0,C5_TREND_XMOM,2026-04-22,1386.8642546775777
10.0,C5_TREND_XMOM,2026-04-23,1372.7255186014625
10.0,C5_TREND_XMOM,2026-04-24,1360.5616950845824
10.0,C5_TREND_XMOM,2026-04-27,1358.2450932111565
10.0,C5_TREND_XMOM,2026-04-28,1337.5278728188407
10.0,C5_TREND_XMOM,2026-04-29,1353.8907024899795
10.0,C5_TREND_XMOM,2026-04-30,1396.8225152844568
10.0,C5_TREND_XMOM,2026-05-01,1387.755831058954
10.0,C5_TREND_XMOM,2026-05-04,1391.4807989374701
10.0,C5_TREND_XMOM,2026-05-05,1406.5021254242154
10.0,C5_TREND_XMOM,2026-05-06,1407.4740895285552
10.0,C5_TREND_XMOM,2026-05-07,1398.0688375420193
10.0,C5_TREND_XMOM,2026-05-08,1406.72199120061
10.0,C5_TREND_XMOM,2026-05-11,1423.7893496781371
10.0,C5_TREND_XMOM,2026-05-12,1436.0898709200892
10.0,C5_TREND_XMOM,2026-05-13,1447.289819469091
10.0,C5_TREND_XMOM,2026-05-14,1447.48867003231
10.0,C5_TREND_XMOM,2026-05-15,1436.074601040669
10.0,C5_TREND_XMOM,2026-05-18,1430.5256595474912
10.0,C5_TREND_XMOM,2026-05-19,1445.0201396330706
10.0,C5_TREND_XMOM,2026-05-20,1438.2616748914284
10.0,C5_TREND_XMOM,2026-05-21,1423.5745915220273
10.0,C5_TREND_XMOM,2026-05-22,1430.317347848158
10.0,C5_TREND_XMOM,2026-05-26,1438.6077388170224
10.0,C5_TREND_XMOM,2026-05-27,1425.0091409745723
10.0,C5_TREND_XMOM,2026-05-28,1444.1030372656398
10.0,C5_TREND_XMOM,2026-05-29,1430.457506917242
10.0,C5_TREND_XMOM,2026-06-01,1431.577516638937
10.0,C5_TREND_XMOM,2026-06-02,1469.6269112108803
10.0,C5_TREND_XMOM,2026-06-03,1453.7112303274148
10.0,C5_TREND_XMOM,2026-06-04,1439.9965037941079
10.0,C5_TREND_XMOM,2026-06-05,1354.483101460142
10.0,C5_TREND_XMOM,2026-06-08,1372.6958332449155
10.0,C5_TREND_XMOM,2026-06-09,1353.6564080582841
10.0,C5_TREND_XMOM,2026-06-10,1337.9899465609333
10.0,C5_TREND_XMOM,2026-06-11,1397.5488362125475
10.0,C5_TREND_XMOM,2026-06-12,1352.3768618645415
10.0,C5_TREND_XMOM,2026-06-15,1375.9860817239794
10.0,C5_TREND_XMOM,2026-06-16,1329.3613365927715
10.0,C5_TREND_XMOM,2026-06-17,1334.3224606297745
10.0,C5_TREND_XMOM,2026-06-18,1337.7921276292225
10.0,C5_TREND_XMOM,2026-06-22,1310.9327121463184
10.0,C5_TREND_XMOM,2026-06-23,1277.9917514956564
10.0,C5_TREND_XMOM,2026-06-24,1245.9782504390105
10.0,C5_TREND_XMOM,2026-06-25,1267.4442817148338
10.0,C5_TREND_XMOM,2026-06-26,1254.758754595184
10.0,C5_TREND_XMOM,2026-06-29,1313.8740116595047
10.0,C5_TREND_XMOM,2026-06-30,1339.7820259358
10.0,C5_TREND_XMOM,2026-07-01,1308.2875611815402
10.0,C5_TREND_XMOM,2026-07-02,1295.690542889123
10.0,C5_TREND_XMOM,2026-07-06,1290.4241817417194
10.0,C5_TREND_XMOM,2026-07-07,1272.6933396768527
10.0,C5_TREND_XMOM,2026-07-08,1284.2351628933184
10.0,C5_TREND_XMOM,2026-07-09,1285.9761808823453
10.0,C5_TREND_XMOM,2026-07-10,1277.8949616393977
10.0,C5_TREND_XMOM,2026-07-13,1265.2696764148197
10.0,C5_TREND_XMOM,2026-07-14,1277.7621511994384
10.0,C5_TREND_XMOM,2026-07-15,1267.965889668459
10.0,C5_TREND_XMOM,2026-07-16,1216.3011371424343
10.0,C5_TREND_XMOM,2026-07-17,1231.155862256046
10.0,C5_TREND_XMOM,2026-07-20,1228.1591568427812
10.0,C5_TREND_XMOM,2026-07-21,1277.965610019226
10.0,C5_TREND_XMOM,2026-07-22,1278.2126715563634
10.0,C5_TREND_XMOM,2026-07-23,1288.164713532679
10.0,C5_TREND_XMOM,2026-07-24,1260.8772054760366
10.0,C5_TREND_XMOM,2026-07-27,1231.5073671958053
10.0,C5_TREND_XMOM,2026-07-28,1207.213276414178
10.0,C5_TREND_XMOM,2026-07-29,1200.2694171875132
10.0,C5_TREND_XMOM,2026-07-30,1224.9317027047382
10.0,C5_TREND_XMOM,2026-07-31,1231.2935905359047
10.0,C5_TREND_XMOM,2026-08-03,1226.4651497241468
10.0,C5_TREND_XMOM,2026-08-04,1257.2544560039103
10.0,C5_TREND_XMOM,2026-08-05,1259.7577293307588
10.0,C5_TREND_XMOM,2026-08-06,1274.4420012428618
10.0,C5_TREND_XMOM,2026-08-07,1283.5643165495237
10.0,C5_TREND_XMOM,2026-08-10,1300.087802020475
10.0,C5_TREND_XMOM,2026-08-11,1297.4327340306422
10.0,C5_TREND_XMOM,2026-08-12,1305.5733819917969
10.0,C5_TREND_XMOM,2026-08-13,1304.2144632244224
10.0,C5_TREND_XMOM,2026-08-14,1285.7452513086796
10.0,C5_TREND_XMOM,2026-08-17,1297.5386647205653
10.0,C5_TREND_XMOM,2026-08-18,1282.821883215681
10.0,C5_TREND_XMOM,2026-08-19,1278.7175540025703
10.0,C5_TREND_XMOM,2026-08-20,1278.8296339212948
10.0,C5_TREND_XMOM,2026-08-21,1284.0053816324812
10.0,C5_TREND_XMOM,2026-08-24,1262.0282052332736
10.0,C5_TREND_XMOM,2026-08-25,1250.229631400875
10.0,C5_TREND_XMOM,2026-08-26,1243.0895027126894
10.0,C5_TREND_XMOM,2026-08-27,1263.6849339103185
10.0,C5_TREND_XMOM,2026-08-28,1251.4957147514247
20.0,C1_EW_MONTHLY,2024-11-22,1500.0
20.0,C1_EW_MONTHLY,2024-11-25,1462.8781657415059
20.0,C1_EW_MONTHLY,2024-11-26,1459.2345506300628
20.0,C1_EW_MONTHLY,2024-11-27,1462.3955408014588
20.0,C1_EW_MONTHLY,2024-11-29,1480.76750472772
20.0,C1_EW_MONTHLY,2024-12-02,1482.0727847321348
20.0,C1_EW_MONTHLY,2024-12-03,1493.2831032116292
20.0,C1_EW_MONTHLY,2024-12-04,1514.902303641361
20.0,C1_EW_MONTHLY,2024-12-05,1511.7509718913143
20.0,C1_EW_MONTHLY,2024-12-06,1541.8026135946604
20.0,C1_EW_MONTHLY,2024-12-09,1512.1732875443738
20.0,C1_EW_MONTHLY,2024-12-10,1500.235190033482
20.0,C1_EW_MONTHLY,2024-12-11,1536.0311064594275
20.0,C1_EW_MONTHLY,2024-12-12,1518.9156461078553
20.0,C1_EW_MONTHLY,2024-12-13,1556.3797645447746
20.0,C1_EW_MONTHLY,2024-12-16,1583.4476520585386
20.0,C1_EW_MONTHLY,2024-12-17,1571.3920686870779
20.0,C1_EW_MONTHLY,2024-12-18,1507.3808424343827
20.0,C1_EW_MONTHLY,2024-12-19,1494.6019111894088
20.0,C1_EW_MONTHLY,2024-12-20,1517.2635792646445
20.0,C1_EW_MONTHLY,2024-12-23,1526.124022674463
20.0,C1_EW_MONTHLY,2024-12-24,1560.7552011648042
20.0,C1_EW_MONTHLY,2024-12-26,1558.0370066819387
20.0,C1_EW_MONTHLY,2024-12-27,1527.513323279473
20.0,C1_EW_MONTHLY,2024-12-30,1502.255128074749
20.0,C1_EW_MONTHLY,2024-12-31,1483.886047944084
20.0,C1_EW_MONTHLY,2025-01-02,1499.4943463650548
20.0,C1_EW_MONTHLY,2025-01-03,1551.8767407245143
20.0,C1_EW_MONTHLY,2025-01-06,1570.8215163358016
20.0,C1_EW_MONTHLY,2025-01-07,1526.3468340290972
20.0,C1_EW_MONTHLY,2025-01-08,1516.711459667813
20.0,C1_EW_MONTHLY,2025-01-10,1518.0896354873432
20.0,C1_EW_MONTHLY,2025-01-13,1507.6859112576549
20.0,C1_EW_MONTHLY,2025-01-14,1506.6567872558649
20.0,C1_EW_MONTHLY,2025-01-15,1544.9414248071064
20.0,C1_EW_MONTHLY,2025-01-16,1545.0359807684738
20.0,C1_EW_MONTHLY,2025-01-17,1567.0286889764182
20.0,C1_EW_MONTHLY,2025-01-21,1596.2624141800045
20.0,C1_EW_MONTHLY,2025-01-22,1598.936594497119
20.0,C1_EW_MONTHLY,2025-01-23,1592.6957851341112
20.0,C1_EW_MONTHLY,2025-01-24,1590.8957950061376
20.0,C1_EW_MONTHLY,2025-01-27,1508.2908391981052
20.0,C1_EW_MONTHLY,2025-01-28,1526.5837226970596
20.0,C1_EW_MONTHLY,2025-01-29,1516.420751876
20.0,C1_EW_MONTHLY,2025-01-30,1549.1862767360046
20.0,C1_EW_MONTHLY,2025-01-31,1548.3720159881325
20.0,C1_EW_MONTHLY,2025-02-03,1549.4700397594174
20.0,C1_EW_MONTHLY,2025-02-04,1589.2288672709167
20.0,C1_EW_MONTHLY,2025-02-05,1601.4717178107799
20.0,C1_EW_MONTHLY,2025-02-06,1622.308877417685
20.0,C1_EW_MONTHLY,2025-02-07,1609.325893110579
20.0,C1_EW_MONTHLY,2025-02-10,1649.9417733615437
20.0,C1_EW_MONTHLY,2025-02-11,1622.1145310503966
20.0,C1_EW_MONTHLY,2025-02-12,1625.3456217951177
20.0,C1_EW_MONTHLY,2025-02-13,1646.7441435727403
20.0,C1_EW_MONTHLY,2025-02-14,1657.1412954313244
20.0,C1_EW_MONTHLY,2025-02-18,1656.6563861850088
20.0,C1_EW_MONTHLY,2025-02-19,1648.9774976283238
20.0,C1_EW_MONTHLY,2025-02-20,1639.6913065656884
20.0,C1_EW_MONTHLY,2025-02-21,1583.3366812819509
20.0,C1_EW_MONTHLY,2025-02-24,1549.534695213987
20.0,C1_EW_MONTHLY,2025-02-25,1508.3248623823179
20.0,C1_EW_MONTHLY,2025-02-26,1527.413849286265
20.0,C1_EW_MONTHLY,2025-02-27,1474.109981788461
20.0,C1_EW_MONTHLY,2025-02-28,1499.995389064717
20.0,C1_EW_MONTHLY,2025-03-03,1465.5570118598164
20.0,C1_EW_MONTHLY,2025-03-04,1481.9965036522592
20.0,C1_EW_MONTHLY,2025-03-05,1534.4843853082357
20.0,C1_EW_MONTHLY,2025-03-06,1479.0968489224117
20.0,C1_EW_MONTHLY,2025-03-07,1487.7347719481934
20.0,C1_EW_MONTHLY,2025-03-10,1394.3948917354774
20.0,C1_EW_MONTHLY,2025-03-11,1415.199747218324
20.0,C1_EW_MONTHLY,2025-03-12,1438.1939872437024
20.0,C1_EW_MONTHLY,2025-03-13,1413.38950742131
20.0,C1_EW_MONTHLY,2025-03-14,1466.6775700462908
20.0,C1_EW_MONTHLY,2025-03-17,1466.986014850939
20.0,C1_EW_MONTHLY,2025-03-18,1433.348705250273
20.0,C1_EW_MONTHLY,2025-03-19,1461.0362143785603
20.0,C1_EW_MONTHLY,2025-03-20,1457.4728333299145
20.0,C1_EW_MONTHLY,2025-03-21,1462.6659730923748
20.0,C1_EW_MONTHLY,2025-03-24,1522.2317914704654
20.0,C1_EW_MONTHLY,2025-03-25,1519.9161920059494
20.0,C1_EW_MONTHLY,2025-03-26,1478.0458777613903
20.0,C1_EW_MONTHLY,2025-03-27,1458.5054603541098
20.0,C1_EW_MONTHLY,2025-03-28,1418.361646766515
20.0,C1_EW_MONTHLY,2025-03-31,1413.8165591343454
20.0,C1_EW_MONTHLY,2025-04-01,1429.100394196951
20.0,C1_EW_MONTHLY,2025-04-02,1452.3320839989317
20.0,C1_EW_MONTHLY,2025-04-03,1368.204628641184
20.0,C1_EW_MONTHLY,2025-04-04,1297.4061328731846
20.0,C1_EW_MONTHLY,2025-04-07,1298.6242171372905
20.0,C1_EW_MONTHLY,2025-04-08,1274.6366694712037
20.0,C1_EW_MONTHLY,2025-04-09,1434.6773496726573
20.0,C1_EW_MONTHLY,2025-04-10,1376.9687938170619
20.0,C1_EW_MONTHLY,2025-04-11,1409.9997943942255
20.0,C1_EW_MONTHLY,2025-04-14,1419.1936175733406
20.0,C1_EW_MONTHLY,2025-04-15,1425.6516934892759
20.0,C1_EW_MONTHLY,2025-04-16,1399.5139975088643
20.0,C1_EW_MONTHLY,2025-04-17,1413.2294441563622
20.0,C1_EW_MONTHLY,2025-04-21,1379.113224671463
20.0,C1_EW_MONTHLY,2025-04-22,1414.984581922315
20.0,C1_EW_MONTHLY,2025-04-23,1447.9882984718445
20.0,C1_EW_MONTHLY,2025-04-24,1492.352007668619
20.0,C1_EW_MONTHLY,2025-04-25,1525.2375684999047
20.0,C1_EW_MONTHLY,2025-04-28,1529.3139468058584
20.0,C1_EW_MONTHLY,2025-04-29,1533.4951105356256
20.0,C1_EW_MONTHLY,2025-04-30,1528.492683412755
20.0,C1_EW_MONTHLY,2025-05-01,1528.8134757998614
20.0,C1_EW_MONTHLY,2025-05-02,1572.2331673221906
20.0,C1_EW_MONTHLY,2025-05-05,1557.8659338245056
20.0,C1_EW_MONTHLY,2025-05-06,1545.607633316014
20.0,C1_EW_MONTHLY,2025-05-07,1552.821955064831
20.0,C1_EW_MONTHLY,2025-05-08,1572.6903222090523
20.0,C1_EW_MONTHLY,2025-05-09,1576.0031648779632
20.0,C1_EW_MONTHLY,2025-05-12,1619.7254253982583
20.0,C1_EW_MONTHLY,2025-05-13,1659.365299980395
20.0,C1_EW_MONTHLY,2025-05-14,1660.033491912858
20.0,C1_EW_MONTHLY,2025-05-15,1652.2836133853516
20.0,C1_EW_MONTHLY,2025-05-16,1664.7578902390183
20.0,C1_EW_MONTHLY,2025-05-19,1660.5242028329606
20.0,C1_EW_MONTHLY,2025-05-20,1664.1295789081498
20.0,C1_EW_MONTHLY,2025-05-21,1636.1949146983773
20.0,C1_EW_MONTHLY,2025-05-22,1642.479971670371
20.0,C1_EW_MONTHLY,2025-05-23,1632.684669650847
20.0,C1_EW_MONTHLY,2025-05-27,1663.204186357159
20.0,C1_EW_MONTHLY,2025-05-28,1654.1217177788776
20.0,C1_EW_MONTHLY,2025-05-29,1653.742730754043
20.0,C1_EW_MONTHLY,2025-05-30,1653.9751755255304
20.0,C1_EW_MONTHLY,2025-06-02,1681.570163803795
20.0,C1_EW_MONTHLY,2025-06-03,1706.7667669770224
20.0,C1_EW_MONTHLY,2025-06-04,1719.1465349174168
20.0,C1_EW_MONTHLY,2025-06-05,1694.401118035795
20.0,C1_EW_MONTHLY,2025-06-06,1710.5440973685922
20.0,C1_EW_MONTHLY,2025-06-09,1742.4416912748097
20.0,C1_EW_MONTHLY,2025-06-10,1757.5066690670046
20.0,C1_EW_MONTHLY,2025-06-11,1763.1474584417506
20.0,C1_EW_MONTHLY,2025-06-12,1769.68881236493
20.0,C1_EW_MONTHLY,2025-06-13,1780.1122871992209
20.0,C1_EW_MONTHLY,2025-06-16,1804.6695056189749
20.0,C1_EW_MONTHLY,2025-06-17,1787.2441872782144
20.0,C1_EW_MONTHLY,2025-06-18,1806.2640383364003
20.0,C1_EW_MONTHLY,2025-06-20,1807.1983576615094
20.0,C1_EW_MONTHLY,2025-06-23,1834.1369714658704
20.0,C1_EW_MONTHLY,2025-06-24,1858.6686742640268
20.0,C1_EW_MONTHLY,2025-06-25,1853.4863820739106
20.0,C1_EW_MONTHLY,2025-06-26,1865.2111970579701
20.0,C1_EW_MONTHLY,2025-06-27,1849.8537284194365
20.0,C1_EW_MONTHLY,2025-06-30,1854.4114020942095
20.0,C1_EW_MONTHLY,2025-07-01,1814.1829189164223
20.0,C1_EW_MONTHLY,2025-07-02,1843.3302069294864
20.0,C1_EW_MONTHLY,2025-07-03,1852.570882518525
20.0,C1_EW_MONTHLY,2025-07-07,1845.0715014750112
20.0,C1_EW_MONTHLY,2025-07-08,1844.026540602877
20.0,C1_EW_MONTHLY,2025-07-09,1860.3666535172583
20.0,C1_EW_MONTHLY,2025-07-10,1867.4780413294104
20.0,C1_EW_MONTHLY,2025-07-11,1882.8095513568826
20.0,C1_EW_MONTHLY,2025-07-14,1900.8815272169027
20.0,C1_EW_MONTHLY,2025-07-15,1897.734893841666
20.0,C1_EW_MONTHLY,2025-07-16,1912.2880859798438
20.0,C1_EW_MONTHLY,2025-07-17,1923.251170953089
20.0,C1_EW_MONTHLY,2025-07-18,1923.240482994769
20.0,C1_EW_MONTHLY,2025-07-21,1919.7081973948254
20.0,C1_EW_MONTHLY,2025-07-22,1904.5402688520937
20.0,C1_EW_MONTHLY,2025-07-23,1924.5475118817646
20.0,C1_EW_MONTHLY,2025-07-24,1923.767800747516
20.0,C1_EW_MONTHLY,2025-07-25,1909.1967474328615
20.0,C1_EW_MONTHLY,2025-07-28,1922.7211175760062
20.0,C1_EW_MONTHLY,2025-07-29,1911.3671576224672
20.0,C1_EW_MONTHLY,2025-07-30,1922.8938034640905
20.0,C1_EW_MONTHLY,2025-07-31,1917.8909884846455
20.0,C1_EW_MONTHLY,2025-08-01,1890.1852675151154
20.0,C1_EW_MONTHLY,2025-08-04,1923.3899406273024
20.0,C1_EW_MONTHLY,2025-08-05,1919.0751163476507
20.0,C1_EW_MONTHLY,2025-08-06,1932.965733925762
20.0,C1_EW_MONTHLY,2025-08-07,1923.0945556509214
20.0,C1_EW_MONTHLY,2025-08-08,1922.865790147751
20.0,C1_EW_MONTHLY,2025-08-11,1923.3836278364565
20.0,C1_EW_MONTHLY,2025-08-12,1952.6592624897607
20.0,C1_EW_MONTHLY,2025-08-13,1951.396800588552
20.0,C1_EW_MONTHLY,2025-08-14,1937.1195207145934
20.0,C1_EW_MONTHLY,2025-08-15,1921.5203177657143
20.0,C1_EW_MONTHLY,2025-08-18,1920.0059186711605
20.0,C1_EW_MONTHLY,2025-08-19,1871.1498726536781
20.0,C1_EW_MONTHLY,2025-08-20,1874.1848694404111
20.0,C1_EW_MONTHLY,2025-08-21,1859.2750256841623
20.0,C1_EW_MONTHLY,2025-08-22,1896.0855365319242
20.0,C1_EW_MONTHLY,2025-08-25,1891.6045419986967
20.0,C1_EW_MONTHLY,2025-08-26,1913.3952750741591
20.0,C1_EW_MONTHLY,2025-08-27,1903.6513782916732
20.0,C1_EW_MONTHLY,2025-08-28,1911.2537798539956
20.0,C1_EW_MONTHLY,2025-08-29,1883.5415244731507
20.0,C1_EW_MONTHLY,2025-09-02,1886.3057941325649
20.0,C1_EW_MONTHLY,2025-09-03,1879.0775404337733
20.0,C1_EW_MONTHLY,2025-09-04,1879.9608094040782
20.0,C1_EW_MONTHLY,2025-09-05,1895.1604880350224
20.0,C1_EW_MONTHLY,2025-09-08,1901.2637155009897
20.0,C1_EW_MONTHLY,2025-09-09,1901.5829121280121
20.0,C1_EW_MONTHLY,2025-09-10,1936.1790300860503
20.0,C1_EW_MONTHLY,2025-09-11,1940.5172313545743
20.0,C1_EW_MONTHLY,2025-09-12,1965.984066447527
20.0,C1_EW_MONTHLY,2025-09-15,1982.321546615701
20.0,C1_EW_MONTHLY,2025-09-16,1990.5277283602054
20.0,C1_EW_MONTHLY,2025-09-17,1977.6821499215775
20.0,C1_EW_MONTHLY,2025-09-18,1998.0809863017885
20.0,C1_EW_MONTHLY,2025-09-19,2006.2728466680499
20.0,C1_EW_MONTHLY,2025-09-22,2021.3695966536914
20.0,C1_EW_MONTHLY,2025-09-23,2020.24992103488
20.0,C1_EW_MONTHLY,2025-09-24,2020.8847515570549
20.0,C1_EW_MONTHLY,2025-09-25,1983.881805252238
20.0,C1_EW_MONTHLY,2025-09-26,1996.6153508548962
20.0,C1_EW_MONTHLY,2025-09-29,2004.0497501692566
20.0,C1_EW_MONTHLY,2025-09-30,2016.4990285259644
20.0,C1_EW_MONTHLY,2025-10-01,2062.7894893933153
20.0,C1_EW_MONTHLY,2025-10-02,2090.5549263930116
20.0,C1_EW_MONTHLY,2025-10-03,2085.4198766729137
20.0,C1_EW_MONTHLY,2025-10-06,2120.0727853167555
20.0,C1_EW_MONTHLY,2025-10-07,2100.7242513605806
20.0,C1_EW_MONTHLY,2025-10-08,2138.19020011168
20.0,C1_EW_MONTHLY,2025-10-09,2144.447174081443
20.0,C1_EW_MONTHLY,2025-10-10,2067.133045287171
20.0,C1_EW_MONTHLY,2025-10-13,2129.091056194225
20.0,C1_EW_MONTHLY,2025-10-14,2116.617604892517
20.0,C1_EW_MONTHLY,2025-10-15,2135.0794824777536
20.0,C1_EW_MONTHLY,2025-10-16,2109.0152685951384
20.0,C1_EW_MONTHLY,2025-10-17,2091.881647779675
20.0,C1_EW_MONTHLY,2025-10-20,2110.299289893836
20.0,C1_EW_MONTHLY,2025-10-21,2079.103840721308
20.0,C1_EW_MONTHLY,2025-10-22,2047.678932571286
20.0,C1_EW_MONTHLY,2025-10-23,2074.141685432159
20.0,C1_EW_MONTHLY,2025-10-24,2093.7055237107484
20.0,C1_EW_MONTHLY,2025-10-27,2127.856682856621
20.0,C1_EW_MONTHLY,2025-10-28,2121.3744505316376
20.0,C1_EW_MONTHLY,2025-10-29,2140.4562101188467
20.0,C1_EW_MONTHLY,2025-10-30,2090.065426592634
20.0,C1_EW_MONTHLY,2025-10-31,2111.661432223212
20.0,C1_EW_MONTHLY,2025-11-03,2103.0402289221697
20.0,C1_EW_MONTHLY,2025-11-04,2044.4712644144129
20.0,C1_EW_MONTHLY,2025-11-05,2062.347925884428
20.0,C1_EW_MONTHLY,2025-11-06,2013.064287110692
20.0,C1_EW_MONTHLY,2025-11-07,2021.7441206203855
20.0,C1_EW_MONTHLY,2025-11-10,2059.2073689989434
20.0,C1_EW_MONTHLY,2025-11-11,2039.2805771710136
20.0,C1_EW_MONTHLY,2025-11-12,2021.4314792978828
20.0,C1_EW_MONTHLY,2025-11-13,1967.564273869119
20.0,C1_EW_MONTHLY,2025-11-14,1968.5410927626183
20.0,C1_EW_MONTHLY,2025-11-17,1947.4199235540195
20.0,C1_EW_MONTHLY,2025-11-18,1946.2202447090272
20.0,C1_EW_MONTHLY,2025-11-19,1940.640612209614
20.0,C1_EW_MONTHLY,2025-11-20,1897.724655556544
20.0,C1_EW_MONTHLY,2025-11-21,1885.903794160162
20.0,C1_EW_MONTHLY,2025-11-24,1945.177073056984
20.0,C1_EW_MONTHLY,2025-11-25,1952.0860400896136
20.0,C1_EW_MONTHLY,2025-11-26,1977.5791488137022
20.0,C1_EW_MONTHLY,2025-11-28,1992.56150644742
20.0,C1_EW_MONTHLY,2025-12-01,1963.674414010189
20.0,C1_EW_MONTHLY,2025-12-02,1987.3072253500561
20.0,C1_EW_MONTHLY,2025-12-03,2015.3115373012506
20.0,C1_EW_MONTHLY,2025-12-04,2049.27121137583
20.0,C1_EW_MONTHLY,2025-12-05,2047.4874137488587
20.0,C1_EW_MONTHLY,2025-12-08,2050.0262893719964
20.0,C1_EW_MONTHLY,2025-12-09,2053.3212607410705
20.0,C1_EW_MONTHLY,2025-12-10,2073.369107802724
20.0,C1_EW_MONTHLY,2025-12-11,2089.6857020101575
20.0,C1_EW_MONTHLY,2025-12-12,2040.415837848859
20.0,C1_EW_MONTHLY,2025-12-15,2007.1819738908878
20.0,C1_EW_MONTHLY,2025-12-16,2020.9589297530433
20.0,C1_EW_MONTHLY,2025-12-17,1962.4219802806197
20.0,C1_EW_MONTHLY,2025-12-18,1990.7064855102287
20.0,C1_EW_MONTHLY,2025-12-19,2036.8597584111885
20.0,C1_EW_MONTHLY,2025-12-22,2073.9622174352157
20.0,C1_EW_MONTHLY,2025-12-23,2074.2606788753496
20.0,C1_EW_MONTHLY,2025-12-24,2060.850994794444
20.0,C1_EW_MONTHLY,2025-12-26,2039.86854094215
20.0,C1_EW_MONTHLY,2025-12-29,2023.3080240022878
20.0,C1_EW_MONTHLY,2025-12-30,2028.8778884355124
20.0,C1_EW_MONTHLY,2025-12-31,2008.0542601587847
20.0,C1_EW_MONTHLY,2026-01-02,2041.2936587813251
20.0,C1_EW_MONTHLY,2026-01-05,2074.800352576019
20.0,C1_EW_MONTHLY,2026-01-06,2090.582197465803
20.0,C1_EW_MONTHLY,2026-01-07,2056.4479086477595
20.0,C1_EW_MONTHLY,2026-01-08,2061.0808134366634
20.0,C1_EW_MONTHLY,2026-01-09,2093.8004765325995
20.0,C1_EW_MONTHLY,2026-01-12,2119.482914675152
20.0,C1_EW_MONTHLY,2026-01-13,2127.8049063862454
20.0,C1_EW_MONTHLY,2026-01-14,2127.654412717812
20.0,C1_EW_MONTHLY,2026-01-15,2133.307057505741
20.0,C1_EW_MONTHLY,2026-01-16,2150.4401701012857
20.0,C1_EW_MONTHLY,2026-01-20,2097.233096438024
20.0,C1_EW_MONTHLY,2026-01-21,2111.963727502029
20.0,C1_EW_MONTHLY,2026-01-22,2141.7139662784953
20.0,C1_EW_MONTHLY,2026-01-23,2146.6202150627005
20.0,C1_EW_MONTHLY,2026-01-26,2126.5188419332053
20.0,C1_EW_MONTHLY,2026-01-27,2157.4837485260305
20.0,C1_EW_MONTHLY,2026-01-28,2174.838063817494
20.0,C1_EW_MONTHLY,2026-01-29,2172.241736227713
20.0,C1_EW_MONTHLY,2026-01-30,2136.2083970989
20.0,C1_EW_MONTHLY,2026-02-02,2097.790581268554
20.0,C1_EW_MONTHLY,2026-02-03,2102.8571372338265
20.0,C1_EW_MONTHLY,2026-02-04,2040.1088143396066
20.0,C1_EW_MONTHLY,2026-02-05,1965.9417574870376
20.0,C1_EW_MONTHLY,2026-02-06,2065.2699302610126
20.0,C1_EW_MONTHLY,2026-02-09,2097.2067393187476
20.0,C1_EW_MONTHLY,2026-02-10,2076.5144916683967
20.0,C1_EW_MONTHLY,2026-02-11,2077.0821509612247
20.0,C1_EW_MONTHLY,2026-02-12,2033.7822389700432
20.0,C1_EW_MONTHLY,2026-02-13,2058.84726817432
20.0,C1_EW_MONTHLY,2026-02-17,2046.49797622036
20.0,C1_EW_MONTHLY,2026-02-18,2050.940007989029
20.0,C1_EW_MONTHLY,2026-02-19,2063.8474828590734
20.0,C1_EW_MONTHLY,2026-02-20,2060.3951637190407
20.0,C1_EW_MONTHLY,2026-02-23,2050.6481183675487
20.0,C1_EW_MONTHLY,2026-02-24,2057.4603694718407
20.0,C1_EW_MONTHLY,2026-02-25,2082.6895733601646
20.0,C1_EW_MONTHLY,2026-02-26,2063.9042298701206
20.0,C1_EW_MONTHLY,2026-02-27,2052.7482298996924
20.0,C1_EW_MONTHLY,2026-03-02,2087.7765578806348
20.0,C1_EW_MONTHLY,2026-03-03,2072.629475452004
20.0,C1_EW_MONTHLY,2026-03-04,2133.4206073364467
20.0,C1_EW_MONTHLY,2026-03-05,2110.138671614362
20.0,C1_EW_MONTHLY,2026-03-06,2094.6682944723348
20.0,C1_EW_MONTHLY,2026-03-09,2116.6971441728515
20.0,C1_EW_MONTHLY,2026-03-10,2114.466907939892
20.0,C1_EW_MONTHLY,2026-03-11,2116.896735001609
20.0,C1_EW_MONTHLY,2026-03-12,2108.686309268236
20.0,C1_EW_MONTHLY,2026-03-13,2096.114213511226
20.0,C1_EW_MONTHLY,2026-03-16,2120.5939059678144
20.0,C1_EW_MONTHLY,2026-03-17,2131.680142854145
20.0,C1_EW_MONTHLY,2026-03-18,2099.0048977625156
20.0,C1_EW_MONTHLY,2026-03-19,2085.196269069523
20.0,C1_EW_MONTHLY,2026-03-20,2033.7076009961238
20.0,C1_EW_MONTHLY,2026-03-23,2047.453986987295
20.0,C1_EW_MONTHLY,2026-03-24,2038.6128321301849
20.0,C1_EW_MONTHLY,2026-03-25,2068.3655542555425
20.0,C1_EW_MONTHLY,2026-03-26,2008.7013815001037
20.0,C1_EW_MONTHLY,2026-03-27,1975.131019965948
20.0,C1_EW_MONTHLY,2026-03-30,1950.2722284709616
20.0,C1_EW_MONTHLY,2026-03-31,2019.9845637271637
20.0,C1_EW_MONTHLY,2026-04-01,2039.6962239154525
20.0,C1_EW_MONTHLY,2026-04-02,2058.1450573386355
20.0,C1_EW_MONTHLY,2026-04-06,2076.781564178671
20.0,C1_EW_MONTHLY,2026-04-07,2074.2215475302232
20.0,C1_EW_MONTHLY,2026-04-08,2108.0593433666095
20.0,C1_EW_MONTHLY,2026-04-09,2106.5278920950427
20.0,C1_EW_MONTHLY,2026-04-10,2118.720049338361
20.0,C1_EW_MONTHLY,2026-04-13,2144.7274173048754
20.0,C1_EW_MONTHLY,2026-04-14,2160.6070298513514
20.0,C1_EW_MONTHLY,2026-04-15,2185.8263569104706
20.0,C1_EW_MONTHLY,2026-04-16,2204.627508447186
20.0,C1_EW_MONTHLY,2026-04-17,2232.335064526595
20.0,C1_EW_MONTHLY,2026-04-20,2216.2535018605845
20.0,C1_EW_MONTHLY,2026-04-21,2199.2557580566504
20.0,C1_EW_MONTHLY,2026-04-22,2254.519285373502
20.0,C1_EW_MONTHLY,2026-04-23,2219.904495584956
20.0,C1_EW_MONTHLY,2026-04-24,2232.7486538796807
20.0,C1_EW_MONTHLY,2026-04-27,2232.6100032353197
20.0,C1_EW_MONTHLY,2026-04-28,2197.2959322756856
20.0,C1_EW_MONTHLY,2026-04-29,2184.3854866329175
20.0,C1_EW_MONTHLY,2026-04-30,2215.19919760607
20.0,C1_EW_MONTHLY,2026-05-01,2232.0859489198115
20.0,C1_EW_MONTHLY,2026-05-04,2242.5086020609583
20.0,C1_EW_MONTHLY,2026-05-05,2235.1911097928896
20.0,C1_EW_MONTHLY,2026-05-06,2261.4298130110797
20.0,C1_EW_MONTHLY,2026-05-07,2241.5775573341907
20.0,C1_EW_MONTHLY,2026-05-08,2278.7907612128524
20.0,C1_EW_MONTHLY,2026-05-11,2319.848204165427
20.0,C1_EW_MONTHLY,2026-05-12,2288.013553232053
20.0,C1_EW_MONTHLY,2026-05-13,2291.71514795788
20.0,C1_EW_MONTHLY,2026-05-14,2333.659459589803
20.0,C1_EW_MONTHLY,2026-05-15,2293.854739808785
20.0,C1_EW_MONTHLY,2026-05-18,2278.325126731736
20.0,C1_EW_MONTHLY,2026-05-19,2274.9609179379668
20.0,C1_EW_MONTHLY,2026-05-20,2296.5953358067195
20.0,C1_EW_MONTHLY,2026-05-21,2303.24659685184
20.0,C1_EW_MONTHLY,2026-05-22,2326.898550998004
20.0,C1_EW_MONTHLY,2026-05-26,2370.9093425532947
20.0,C1_EW_MONTHLY,2026-05-27,2374.7709526295403
20.0,C1_EW_MONTHLY,2026-05-28,2401.8029541016876
20.0,C1_EW_MONTHLY,2026-05-29,2376.197774429645
20.0,C1_EW_MONTHLY,2026-06-01,2348.3165516989066
20.0,C1_EW_MONTHLY,2026-06-02,2356.1507625755467
20.0,C1_EW_MONTHLY,2026-06-03,2328.138232331463
20.0,C1_EW_MONTHLY,2026-06-04,2313.2139452870183
20.0,C1_EW_MONTHLY,2026-06-05,2208.960715210167
20.0,C1_EW_MONTHLY,2026-06-08,2242.9129044717306
20.0,C1_EW_MONTHLY,2026-06-09,2206.8343417316596
20.0,C1_EW_MONTHLY,2026-06-10,2165.8149494068357
20.0,C1_EW_MONTHLY,2026-06-11,2229.890604650366
20.0,C1_EW_MONTHLY,2026-06-12,2208.4115873218648
20.0,C1_EW_MONTHLY,2026-06-15,2261.817214152231
20.0,C1_EW_MONTHLY,2026-06-16,2223.4151853126277
20.0,C1_EW_MONTHLY,2026-06-17,2199.239346850523
20.0,C1_EW_MONTHLY,2026-06-18,2205.3631033134216
20.0,C1_EW_MONTHLY,2026-06-22,2179.2847259225
20.0,C1_EW_MONTHLY,2026-06-23,2131.0028218703533
20.0,C1_EW_MONTHLY,2026-06-24,2092.168047047039
20.0,C1_EW_MONTHLY,2026-06-25,2083.775552513893
20.0,C1_EW_MONTHLY,2026-06-26,2086.1678691273974
20.0,C1_EW_MONTHLY,2026-06-29,2144.2618292320776
20.0,C1_EW_MONTHLY,2026-06-30,2147.0716794610394
20.0,C1_EW_MONTHLY,2026-07-01,2147.1448609952413
20.0,C1_EW_MONTHLY,2026-07-02,2144.0793006099357
20.0,C1_EW_MONTHLY,2026-07-06,2168.2821668642414
20.0,C1_EW_MONTHLY,2026-07-07,2152.941559378401
20.0,C1_EW_MONTHLY,2026-07-08,2152.1123494997023
20.0,C1_EW_MONTHLY,2026-07-09,2165.626467367055
20.0,C1_EW_MONTHLY,2026-07-10,2179.2170301776987
20.0,C1_EW_MONTHLY,2026-07-13,2148.3876575877157
20.0,C1_EW_MONTHLY,2026-07-14,2178.034529459554
20.0,C1_EW_MONTHLY,2026-07-15,2179.9941558720657
20.0,C1_EW_MONTHLY,2026-07-16,2128.552965968805
20.0,C1_EW_MONTHLY,2026-07-17,2125.171595060528
20.0,C1_EW_MONTHLY,2026-07-20,2130.92283477744
20.0,C1_EW_MONTHLY,2026-07-21,2171.651980572568
20.0,C1_EW_MONTHLY,2026-07-22,2167.4656457104834
20.0,C1_EW_MONTHLY,2026-07-23,2146.983404108407
20.0,C1_EW_MONTHLY,2026-07-24,2120.718914535097
20.0,C1_EW_MONTHLY,2026-07-27,2115.4605382435
20.0,C1_EW_MONTHLY,2026-07-28,2082.320292239256
20.0,C1_EW_MONTHLY,2026-07-29,2056.1776585144235
20.0,C1_EW_MONTHLY,2026-07-30,2085.956174966196
20.0,C1_EW_MONTHLY,2026-07-31,2088.9899681947845
20.0,C1_EW_MONTHLY,2026-08-03,2116.857944827432
20.0,C1_EW_MONTHLY,2026-08-04,2174.495391057731
20.0,C1_EW_MONTHLY,2026-08-05,2174.460852438422
20.0,C1_EW_MONTHLY,2026-08-06,2175.1926160413627
20.0,C1_EW_MONTHLY,2026-08-07,2218.478416997992
20.0,C1_EW_MONTHLY,2026-08-10,2222.0049506218174
20.0,C1_EW_MONTHLY,2026-08-11,2225.3293849302545
20.0,C1_EW_MONTHLY,2026-08-12,2234.2546898413657
20.0,C1_EW_MONTHLY,2026-08-13,2243.0123020449655
20.0,C1_EW_MONTHLY,2026-08-14,2225.80764959951
20.0,C1_EW_MONTHLY,2026-08-17,2229.3333288250005
20.0,C1_EW_MONTHLY,2026-08-18,2194.4947858739156
20.0,C1_EW_MONTHLY,2026-08-19,2225.7064701193185
20.0,C1_EW_MONTHLY,2026-08-20,2219.5035537118724
20.0,C1_EW_MONTHLY,2026-08-21,2257.3664449836083
20.0,C1_EW_MONTHLY,2026-08-24,2235.6917485600893
20.0,C1_EW_MONTHLY,2026-08-25,2238.11427132846
20.0,C1_EW_MONTHLY,2026-08-26,2225.5878818485544
20.0,C1_EW_MONTHLY,2026-08-27,2279.823526891807
20.0,C1_EW_MONTHLY,2026-08-28,2234.9210610496184
20.0,C2_TREND_SPY200,2024-11-22,1500.0
20.0,C2_TREND_SPY200,2024-11-25,1462.8781657415059
20.0,C2_TREND_SPY200,2024-11-26,1459.2345506300628
20.0,C2_TREND_SPY200,2024-11-27,1462.3955408014588
20.0,C2_TREND_SPY200,2024-11-29,1480.76750472772
20.0,C2_TREND_SPY200,2024-12-02,1482.0727847321348
20.0,C2_TREND_SPY200,2024-12-03,1493.2831032116292
20.0,C2_TREND_SPY200,2024-12-04,1514.902303641361
20.0,C2_TREND_SPY200,2024-12-05,1511.7509718913143
20.0,C2_TREND_SPY200,2024-12-06,1541.8026135946604
20.0,C2_TREND_SPY200,2024-12-09,1512.1732875443738
20.0,C2_TREND_SPY200,2024-12-10,1500.235190033482
20.0,C2_TREND_SPY200,2024-12-11,1536.0311064594275
20.0,C2_TREND_SPY200,2024-12-12,1518.9156461078553
20.0,C2_TREND_SPY200,2024-12-13,1556.3797645447746
20.0,C2_TREND_SPY200,2024-12-16,1583.4476520585386
20.0,C2_TREND_SPY200,2024-12-17,1571.3920686870779
20.0,C2_TREND_SPY200,2024-12-18,1507.3808424343827
20.0,C2_TREND_SPY200,2024-12-19,1494.6019111894088
20.0,C2_TREND_SPY200,2024-12-20,1517.2635792646445
20.0,C2_TREND_SPY200,2024-12-23,1526.124022674463
20.0,C2_TREND_SPY200,2024-12-24,1560.7552011648042
20.0,C2_TREND_SPY200,2024-12-26,1558.0370066819387
20.0,C2_TREND_SPY200,2024-12-27,1527.513323279473
20.0,C2_TREND_SPY200,2024-12-30,1502.255128074749
20.0,C2_TREND_SPY200,2024-12-31,1483.886047944084
20.0,C2_TREND_SPY200,2025-01-02,1499.4943463650548
20.0,C2_TREND_SPY200,2025-01-03,1551.8767407245143
20.0,C2_TREND_SPY200,2025-01-06,1570.8215163358016
20.0,C2_TREND_SPY200,2025-01-07,1526.3468340290972
20.0,C2_TREND_SPY200,2025-01-08,1516.711459667813
20.0,C2_TREND_SPY200,2025-01-10,1518.0896354873432
20.0,C2_TREND_SPY200,2025-01-13,1507.6859112576549
20.0,C2_TREND_SPY200,2025-01-14,1506.6567872558649
20.0,C2_TREND_SPY200,2025-01-15,1544.9414248071064
20.0,C2_TREND_SPY200,2025-01-16,1545.0359807684738
20.0,C2_TREND_SPY200,2025-01-17,1567.0286889764182
20.0,C2_TREND_SPY200,2025-01-21,1596.2624141800045
20.0,C2_TREND_SPY200,2025-01-22,1598.936594497119
20.0,C2_TREND_SPY200,2025-01-23,1592.6957851341112
20.0,C2_TREND_SPY200,2025-01-24,1590.8957950061376
20.0,C2_TREND_SPY200,2025-01-27,1508.2908391981052
20.0,C2_TREND_SPY200,2025-01-28,1526.5837226970596
20.0,C2_TREND_SPY200,2025-01-29,1516.420751876
20.0,C2_TREND_SPY200,2025-01-30,1549.1862767360046
20.0,C2_TREND_SPY200,2025-01-31,1548.3720159881325
20.0,C2_TREND_SPY200,2025-02-03,1549.4700397594174
20.0,C2_TREND_SPY200,2025-02-04,1589.2288672709167
20.0,C2_TREND_SPY200,2025-02-05,1601.4717178107799
20.0,C2_TREND_SPY200,2025-02-06,1622.308877417685
20.0,C2_TREND_SPY200,2025-02-07,1609.325893110579
20.0,C2_TREND_SPY200,2025-02-10,1649.9417733615437
20.0,C2_TREND_SPY200,2025-02-11,1622.1145310503966
20.0,C2_TREND_SPY200,2025-02-12,1625.3456217951177
20.0,C2_TREND_SPY200,2025-02-13,1646.7441435727403
20.0,C2_TREND_SPY200,2025-02-14,1657.1412954313244
20.0,C2_TREND_SPY200,2025-02-18,1656.6563861850088
20.0,C2_TREND_SPY200,2025-02-19,1648.9774976283238
20.0,C2_TREND_SPY200,2025-02-20,1639.6913065656884
20.0,C2_TREND_SPY200,2025-02-21,1583.3366812819509
20.0,C2_TREND_SPY200,2025-02-24,1549.534695213987
20.0,C2_TREND_SPY200,2025-02-25,1508.3248623823179
20.0,C2_TREND_SPY200,2025-02-26,1527.413849286265
20.0,C2_TREND_SPY200,2025-02-27,1474.109981788461
20.0,C2_TREND_SPY200,2025-02-28,1499.995389064717
20.0,C2_TREND_SPY200,2025-03-03,1465.5570118598164
20.0,C2_TREND_SPY200,2025-03-04,1481.9965036522592
20.0,C2_TREND_SPY200,2025-03-05,1534.4843853082357
20.0,C2_TREND_SPY200,2025-03-06,1479.0968489224117
20.0,C2_TREND_SPY200,2025-03-07,1487.7347719481934
20.0,C2_TREND_SPY200,2025-03-10,1394.3948917354774
20.0,C2_TREND_SPY200,2025-03-11,1415.199747218324
20.0,C2_TREND_SPY200,2025-03-12,1445.3873590821102
20.0,C2_TREND_SPY200,2025-03-13,1445.3873590821102
20.0,C2_TREND_SPY200,2025-03-14,1445.3873590821102
20.0,C2_TREND_SPY200,2025-03-17,1445.3873590821102
20.0,C2_TREND_SPY200,2025-03-18,1445.3873590821102
20.0,C2_TREND_SPY200,2025-03-19,1445.3873590821102
20.0,C2_TREND_SPY200,2025-03-20,1445.3873590821102
20.0,C2_TREND_SPY200,2025-03-21,1445.3873590821102
20.0,C2_TREND_SPY200,2025-03-24,1445.3873590821102
20.0,C2_TREND_SPY200,2025-03-25,1445.3873590821102
20.0,C2_TREND_SPY200,2025-03-26,1410.2179688899066
20.0,C2_TREND_SPY200,2025-03-27,1391.538697772395
20.0,C2_TREND_SPY200,2025-03-28,1383.3953510301894
20.0,C2_TREND_SPY200,2025-03-31,1383.3953510301894
20.0,C2_TREND_SPY200,2025-04-01,1383.3953510301894
20.0,C2_TREND_SPY200,2025-04-02,1383.3953510301894
20.0,C2_TREND_SPY200,2025-04-03,1383.3953510301894
20.0,C2_TREND_SPY200,2025-04-04,1383.3953510301894
20.0,C2_TREND_SPY200,2025-04-07,1383.3953510301894
20.0,C2_TREND_SPY200,2025-04-08,1383.3953510301894
20.0,C2_TREND_SPY200,2025-04-09,1383.3953510301894
20.0,C2_TREND_SPY200,2025-04-10,1383.3953510301894
20.0,C2_TREND_SPY200,2025-04-11,1383.3953510301894
20.0,C2_TREND_SPY200,2025-04-14,1383.3953510301894
20.0,C2_TREND_SPY200,2025-04-15,1383.3953510301894
20.0,C2_TREND_SPY200,2025-04-16,1383.3953510301894
20.0,C2_TREND_SPY200,2025-04-17,1383.3953510301894
20.0,C2_TREND_SPY200,2025-04-21,1383.3953510301894
20.0,C2_TREND_SPY200,2025-04-22,1383.3953510301894
20.0,C2_TREND_SPY200,2025-04-23,1383.3953510301894
20.0,C2_TREND_SPY200,2025-04-24,1383.3953510301894
20.0,C2_TREND_SPY200,2025-04-25,1383.3953510301894
20.0,C2_TREND_SPY200,2025-04-28,1383.3953510301894
20.0,C2_TREND_SPY200,2025-04-29,1383.3953510301894
20.0,C2_TREND_SPY200,2025-04-30,1383.3953510301894
20.0,C2_TREND_SPY200,2025-05-01,1383.3953510301894
20.0,C2_TREND_SPY200,2025-05-02,1383.3953510301894
20.0,C2_TREND_SPY200,2025-05-05,1383.3953510301894
20.0,C2_TREND_SPY200,2025-05-06,1383.3953510301894
20.0,C2_TREND_SPY200,2025-05-07,1383.3953510301894
20.0,C2_TREND_SPY200,2025-05-08,1383.3953510301894
20.0,C2_TREND_SPY200,2025-05-09,1383.3953510301894
20.0,C2_TREND_SPY200,2025-05-12,1383.3953510301894
20.0,C2_TREND_SPY200,2025-05-13,1383.3953510301894
20.0,C2_TREND_SPY200,2025-05-14,1374.73585930438
20.0,C2_TREND_SPY200,2025-05-15,1368.361519844772
20.0,C2_TREND_SPY200,2025-05-16,1378.6014908045852
20.0,C2_TREND_SPY200,2025-05-19,1375.2846674108498
20.0,C2_TREND_SPY200,2025-05-20,1378.3261341056716
20.0,C2_TREND_SPY200,2025-05-21,1355.3189527196034
20.0,C2_TREND_SPY200,2025-05-22,1360.4480257812388
20.0,C2_TREND_SPY200,2025-05-23,1352.341143932948
20.0,C2_TREND_SPY200,2025-05-27,1377.4065678836728
20.0,C2_TREND_SPY200,2025-05-28,1369.910910481253
20.0,C2_TREND_SPY200,2025-05-29,1369.5958997783991
20.0,C2_TREND_SPY200,2025-05-30,1369.893560361468
20.0,C2_TREND_SPY200,2025-06-02,1392.78124321489
20.0,C2_TREND_SPY200,2025-06-03,1413.607218203919
20.0,C2_TREND_SPY200,2025-06-04,1423.8605988408215
20.0,C2_TREND_SPY200,2025-06-05,1403.3655314431348
20.0,C2_TREND_SPY200,2025-06-06,1416.7357426223557
20.0,C2_TREND_SPY200,2025-06-09,1443.154506955944
20.0,C2_TREND_SPY200,2025-06-10,1455.631877479655
20.0,C2_TREND_SPY200,2025-06-11,1460.3037873918875
20.0,C2_TREND_SPY200,2025-06-12,1465.7215780950723
20.0,C2_TREND_SPY200,2025-06-13,1474.3546845918772
20.0,C2_TREND_SPY200,2025-06-16,1494.6938790786903
20.0,C2_TREND_SPY200,2025-06-17,1480.2615874131873
20.0,C2_TREND_SPY200,2025-06-18,1496.0145299154813
20.0,C2_TREND_SPY200,2025-06-20,1496.7883676580689
20.0,C2_TREND_SPY200,2025-06-23,1519.099921678833
20.0,C2_TREND_SPY200,2025-06-24,1539.4179831862807
20.0,C2_TREND_SPY200,2025-06-25,1535.125817561469
20.0,C2_TREND_SPY200,2025-06-26,1544.8367419913652
20.0,C2_TREND_SPY200,2025-06-27,1532.1171197554443
20.0,C2_TREND_SPY200,2025-06-30,1535.8919532766572
20.0,C2_TREND_SPY200,2025-07-01,1502.5732390282913
20.0,C2_TREND_SPY200,2025-07-02,1526.7140985314986
20.0,C2_TREND_SPY200,2025-07-03,1534.3675670466384
20.0,C2_TREND_SPY200,2025-07-07,1528.1563029300135
20.0,C2_TREND_SPY200,2025-07-08,1527.29082777537
20.0,C2_TREND_SPY200,2025-07-09,1540.8243122613305
20.0,C2_TREND_SPY200,2025-07-10,1546.7142260663143
20.0,C2_TREND_SPY200,2025-07-11,1559.4123484226493
20.0,C2_TREND_SPY200,2025-07-14,1574.3802257080613
20.0,C2_TREND_SPY200,2025-07-15,1571.7740678320474
20.0,C2_TREND_SPY200,2025-07-16,1583.827558591581
20.0,C2_TREND_SPY200,2025-07-17,1592.9075901177462
20.0,C2_TREND_SPY200,2025-07-18,1592.8987379562668
20.0,C2_TREND_SPY200,2025-07-21,1589.973168676709
20.0,C2_TREND_SPY200,2025-07-22,1577.4105305423943
20.0,C2_TREND_SPY200,2025-07-23,1593.9812675114506
20.0,C2_TREND_SPY200,2025-07-24,1593.3354819777658
20.0,C2_TREND_SPY200,2025-07-25,1581.2671979327747
20.0,C2_TREND_SPY200,2025-07-28,1592.4685803512245
20.0,C2_TREND_SPY200,2025-07-29,1583.0648117426124
20.0,C2_TREND_SPY200,2025-07-30,1592.6116051760578
20.0,C2_TREND_SPY200,2025-07-31,1588.4680892000536
20.0,C2_TREND_SPY200,2025-08-01,1565.5211887178984
20.0,C2_TREND_SPY200,2025-08-04,1593.0225242827016
20.0,C2_TREND_SPY200,2025-08-05,1589.4488275919696
20.0,C2_TREND_SPY200,2025-08-06,1600.9535496510396
20.0,C2_TREND_SPY200,2025-08-07,1592.7778755451936
20.0,C2_TREND_SPY200,2025-08-08,1592.5884035137396
20.0,C2_TREND_SPY200,2025-08-11,1593.0172957963734
20.0,C2_TREND_SPY200,2025-08-12,1617.2644567231766
20.0,C2_TREND_SPY200,2025-08-13,1616.2188391901982
20.0,C2_TREND_SPY200,2025-08-14,1604.393869149393
20.0,C2_TREND_SPY200,2025-08-15,1591.4740336373504
20.0,C2_TREND_SPY200,2025-08-18,1590.2197524240514
20.0,C2_TREND_SPY200,2025-08-19,1549.7553722641665
20.0,C2_TREND_SPY200,2025-08-20,1552.269068598054
20.0,C2_TREND_SPY200,2025-08-21,1539.9201858075505
20.0,C2_TREND_SPY200,2025-08-22,1570.4080092448055
20.0,C2_TREND_SPY200,2025-08-25,1566.696684218175
20.0,C2_TREND_SPY200,2025-08-26,1584.744573456133
20.0,C2_TREND_SPY200,2025-08-27,1576.6743185790988
20.0,C2_TREND_SPY200,2025-08-28,1582.9709080909852
20.0,C2_TREND_SPY200,2025-08-29,1560.0185955682512
20.0,C2_TREND_SPY200,2025-09-02,1562.3080657051296
20.0,C2_TREND_SPY200,2025-09-03,1556.3213592603356
20.0,C2_TREND_SPY200,2025-09-04,1557.0529152152537
20.0,C2_TREND_SPY200,2025-09-05,1569.6418499442436
20.0,C2_TREND_SPY200,2025-09-08,1574.6967681481601
20.0,C2_TREND_SPY200,2025-09-09,1574.9611385734083
20.0,C2_TREND_SPY200,2025-09-10,1603.6149201055719
20.0,C2_TREND_SPY200,2025-09-11,1607.2079784811276
20.0,C2_TREND_SPY200,2025-09-12,1628.3005510626583
20.0,C2_TREND_SPY200,2025-09-15,1641.831855011058
20.0,C2_TREND_SPY200,2025-09-16,1648.6285175500593
20.0,C2_TREND_SPY200,2025-09-17,1637.9893354695391
20.0,C2_TREND_SPY200,2025-09-18,1654.8844045017893
20.0,C2_TREND_SPY200,2025-09-19,1661.6692055468527
20.0,C2_TREND_SPY200,2025-09-22,1674.1728909736091
20.0,C2_TREND_SPY200,2025-09-23,1673.2455343087017
20.0,C2_TREND_SPY200,2025-09-24,1673.7713243731944
20.0,C2_TREND_SPY200,2025-09-25,1643.1241187893013
20.0,C2_TREND_SPY200,2025-09-26,1653.670511140922
20.0,C2_TREND_SPY200,2025-09-29,1659.8279549915565
20.0,C2_TREND_SPY200,2025-09-30,1670.1389067202697
20.0,C2_TREND_SPY200,2025-10-01,1708.4783745855668
20.0,C2_TREND_SPY200,2025-10-02,1731.474734087501
20.0,C2_TREND_SPY200,2025-10-03,1727.2216964196634
20.0,C2_TREND_SPY200,2025-10-06,1755.9225140934561
20.0,C2_TREND_SPY200,2025-10-07,1739.8973442862446
20.0,C2_TREND_SPY200,2025-10-08,1770.9280255815083
20.0,C2_TREND_SPY200,2025-10-09,1776.1102823133035
20.0,C2_TREND_SPY200,2025-10-10,1712.075867859415
20.0,C2_TREND_SPY200,2025-10-13,1763.391778819467
20.0,C2_TREND_SPY200,2025-10-14,1753.0608061656933
20.0,C2_TREND_SPY200,2025-10-15,1768.3516144477828
20.0,C2_TREND_SPY200,2025-10-16,1746.7642707086418
20.0,C2_TREND_SPY200,2025-10-17,1732.5735736975869
20.0,C2_TREND_SPY200,2025-10-20,1747.8277445301887
20.0,C2_TREND_SPY200,2025-10-21,1721.9905223750468
20.0,C2_TREND_SPY200,2025-10-22,1695.9632538274252
20.0,C2_TREND_SPY200,2025-10-23,1717.8806822549382
20.0,C2_TREND_SPY200,2025-10-24,1734.0841750469679
20.0,C2_TREND_SPY200,2025-10-27,1762.3694252713685
20.0,C2_TREND_SPY200,2025-10-28,1757.0006012574693
20.0,C2_TREND_SPY200,2025-10-29,1772.804818688001
20.0,C2_TREND_SPY200,2025-10-30,1731.0693122896835
20.0,C2_TREND_SPY200,2025-10-31,1748.9559210721059
20.0,C2_TREND_SPY200,2025-11-03,1741.8155223651738
20.0,C2_TREND_SPY200,2025-11-04,1693.3065446930011
20.0,C2_TREND_SPY200,2025-11-05,1708.1126553932697
20.0,C2_TREND_SPY200,2025-11-06,1667.2941271339569
20.0,C2_TREND_SPY200,2025-11-07,1674.4830855432203
20.0,C2_TREND_SPY200,2025-11-10,1705.5115302902984
20.0,C2_TREND_SPY200,2025-11-11,1689.0074259752726
20.0,C2_TREND_SPY200,2025-11-12,1674.224144463074
20.0,C2_TREND_SPY200,2025-11-13,1629.6093371608185
20.0,C2_TREND_SPY200,2025-11-14,1630.4183746142335
20.0,C2_TREND_SPY200,2025-11-17,1612.9250428785429
20.0,C2_TREND_SPY200,2025-11-18,1611.9314245894948
20.0,C2_TREND_SPY200,2025-11-19,1607.3101670581768
20.0,C2_TREND_SPY200,2025-11-20,1571.7655881065039
20.0,C2_TREND_SPY200,2025-11-21,1561.9751144936918
20.0,C2_TREND_SPY200,2025-11-24,1611.067431332955
20.0,C2_TREND_SPY200,2025-11-25,1616.7896927787626
20.0,C2_TREND_SPY200,2025-11-26,1637.9040261511293
20.0,C2_TREND_SPY200,2025-11-28,1650.3129676108038
20.0,C2_TREND_SPY200,2025-12-01,1626.387611685038
20.0,C2_TREND_SPY200,2025-12-02,1645.9611781165302
20.0,C2_TREND_SPY200,2025-12-03,1669.1553826680745
20.0,C2_TREND_SPY200,2025-12-04,1697.2820378903953
20.0,C2_TREND_SPY200,2025-12-05,1695.8046308714106
20.0,C2_TREND_SPY200,2025-12-08,1697.9074213501272
20.0,C2_TREND_SPY200,2025-12-09,1700.6364382264921
20.0,C2_TREND_SPY200,2025-12-10,1717.2408049531748
20.0,C2_TREND_SPY200,2025-12-11,1730.754810378172
20.0,C2_TREND_SPY200,2025-12-12,1689.94769076118
20.0,C2_TREND_SPY200,2025-12-15,1662.4221782607203
20.0,C2_TREND_SPY200,2025-12-16,1673.8327614923787
20.0,C2_TREND_SPY200,2025-12-17,1625.3502998538634
20.0,C2_TREND_SPY200,2025-12-18,1648.7765708180673
20.0,C2_TREND_SPY200,2025-12-19,1687.0024145471948
20.0,C2_TREND_SPY200,2025-12-22,1717.7320402372795
20.0,C2_TREND_SPY200,2025-12-23,1717.979237015593
20.0,C2_TREND_SPY200,2025-12-24,1706.8728418259461
20.0,C2_TREND_SPY200,2025-12-26,1689.4943992671142
20.0,C2_TREND_SPY200,2025-12-29,1675.7783680340708
20.0,C2_TREND_SPY200,2025-12-30,1680.3915352925178
20.0,C2_TREND_SPY200,2025-12-31,1663.144637936229
20.0,C2_TREND_SPY200,2026-01-02,1690.6747344501207
20.0,C2_TREND_SPY200,2026-01-05,1718.426214689111
20.0,C2_TREND_SPY200,2026-01-06,1731.497320996323
20.0,C2_TREND_SPY200,2026-01-07,1703.2260433999663
20.0,C2_TREND_SPY200,2026-01-08,1707.0631861060233
20.0,C2_TREND_SPY200,2026-01-09,1734.1628184779013
20.0,C2_TREND_SPY200,2026-01-12,1755.4339614611279
20.0,C2_TREND_SPY200,2026-01-13,1762.3265420879882
20.0,C2_TREND_SPY200,2026-01-14,1762.20189767839
20.0,C2_TREND_SPY200,2026-01-15,1766.8836266813
20.0,C2_TREND_SPY200,2026-01-16,1781.073902765864
20.0,C2_TREND_SPY200,2026-01-20,1737.0058409514713
20.0,C2_TREND_SPY200,2026-01-21,1749.2062931770897
20.0,C2_TREND_SPY200,2026-01-22,1773.846538752172
20.0,C2_TREND_SPY200,2026-01-23,1777.9100750418668
20.0,C2_TREND_SPY200,2026-01-26,1761.2613760506197
20.0,C2_TREND_SPY200,2026-01-27,1786.9076543339472
20.0,C2_TREND_SPY200,2026-01-28,1801.2811386539227
20.0,C2_TREND_SPY200,2026-01-29,1799.1307643363834
20.0,C2_TREND_SPY200,2026-01-30,1769.2866231953547
20.0,C2_TREND_SPY200,2026-02-02,1737.4675704599922
20.0,C2_TREND_SPY200,2026-02-03,1741.66387907258
20.0,C2_TREND_SPY200,2026-02-04,1689.6934025612725
20.0,C2_TREND_SPY200,2026-02-05,1628.2655092203286
20.0,C2_TREND_SPY200,2026-02-06,1710.5327672435142
20.0,C2_TREND_SPY200,2026-02-09,1736.9840110126768
20.0,C2_TREND_SPY200,2026-02-10,1719.84592793926
20.0,C2_TREND_SPY200,2026-02-11,1720.3160843129065
20.0,C2_TREND_SPY200,2026-02-12,1684.4534993817852
20.0,C2_TREND_SPY200,2026-02-13,1705.2132814991828
20.0,C2_TREND_SPY200,2026-02-17,1694.9851421988465
20.0,C2_TREND_SPY200,2026-02-18,1698.6641968260951
20.0,C2_TREND_SPY200,2026-02-19,1709.3546438151689
20.0,C2_TREND_SPY200,2026-02-20,1706.4953057085704
20.0,C2_TREND_SPY200,2026-02-23,1698.4224430704992
20.0,C2_TREND_SPY200,2026-02-24,1704.0646008155209
20.0,C2_TREND_SPY200,2026-02-25,1724.9603584644935
20.0,C2_TREND_SPY200,2026-02-26,1709.4016437837531
20.0,C2_TREND_SPY200,2026-02-27,1700.16183293812
20.0,C2_TREND_SPY200,2026-03-02,1729.1735867603345
20.0,C2_TREND_SPY200,2026-03-03,1716.6282141469653
20.0,C2_TREND_SPY200,2026-03-04,1766.977672841219
20.0,C2_TREND_SPY200,2026-03-05,1747.6947145441166
20.0,C2_TREND_SPY200,2026-03-06,1734.8815773191393
20.0,C2_TREND_SPY200,2026-03-09,1753.1266835327638
20.0,C2_TREND_SPY200,2026-03-10,1751.2795195861654
20.0,C2_TREND_SPY200,2026-03-11,1753.291992022288
20.0,C2_TREND_SPY200,2026-03-12,1746.4918144550975
20.0,C2_TREND_SPY200,2026-03-13,1736.0791408233408
20.0,C2_TREND_SPY200,2026-03-16,1756.3541254466566
20.0,C2_TREND_SPY200,2026-03-17,1765.536155931696
20.0,C2_TREND_SPY200,2026-03-18,1738.473312190064
20.0,C2_TREND_SPY200,2026-03-19,1727.03649635114
20.0,C2_TREND_SPY200,2026-03-20,1684.391681457552
20.0,C2_TREND_SPY200,2026-03-23,1695.7769455939952
20.0,C2_TREND_SPY200,2026-03-24,1688.7759158707147
20.0,C2_TREND_SPY200,2026-03-25,1688.7759158707147
20.0,C2_TREND_SPY200,2026-03-26,1688.7759158707147
20.0,C2_TREND_SPY200,2026-03-27,1688.7759158707147
20.0,C2_TREND_SPY200,2026-03-30,1688.7759158707147
20.0,C2_TREND_SPY200,2026-03-31,1688.7759158707147
20.0,C2_TREND_SPY200,2026-04-01,1688.7759158707147
20.0,C2_TREND_SPY200,2026-04-02,1688.7759158707147
20.0,C2_TREND_SPY200,2026-04-06,1688.7759158707147
20.0,C2_TREND_SPY200,2026-04-07,1688.7759158707147
20.0,C2_TREND_SPY200,2026-04-08,1688.7759158707147
20.0,C2_TREND_SPY200,2026-04-09,1688.7759158707147
20.0,C2_TREND_SPY200,2026-04-10,1689.455379748276
20.0,C2_TREND_SPY200,2026-04-13,1710.166556372877
20.0,C2_TREND_SPY200,2026-04-14,1722.8819504123392
20.0,C2_TREND_SPY200,2026-04-15,1742.9956358052468
20.0,C2_TREND_SPY200,2026-04-16,1757.9235015006839
20.0,C2_TREND_SPY200,2026-04-17,1779.8787071467457
20.0,C2_TREND_SPY200,2026-04-20,1767.1619731960243
20.0,C2_TREND_SPY200,2026-04-21,1753.6976195047894
20.0,C2_TREND_SPY200,2026-04-22,1797.5945805163421
20.0,C2_TREND_SPY200,2026-04-23,1769.9727557390893
20.0,C2_TREND_SPY200,2026-04-24,1780.1577455703425
20.0,C2_TREND_SPY200,2026-04-27,1780.09504110915
20.0,C2_TREND_SPY200,2026-04-28,1752.148948635012
20.0,C2_TREND_SPY200,2026-04-29,1741.9433323255007
20.0,C2_TREND_SPY200,2026-04-30,1766.3912935300027
20.0,C2_TREND_SPY200,2026-05-01,1779.8203698982002
20.0,C2_TREND_SPY200,2026-05-04,1788.1919487407451
20.0,C2_TREND_SPY200,2026-05-05,1782.3569295364898
20.0,C2_TREND_SPY200,2026-05-06,1803.2798538887284
20.0,C2_TREND_SPY200,2026-05-07,1787.4495272031897
20.0,C2_TREND_SPY200,2026-05-08,1817.1235946745537
20.0,C2_TREND_SPY200,2026-05-11,1849.8630851078128
20.0,C2_TREND_SPY200,2026-05-12,1824.477913145612
20.0,C2_TREND_SPY200,2026-05-13,1827.4295905127099
20.0,C2_TREND_SPY200,2026-05-14,1860.87627619621
20.0,C2_TREND_SPY200,2026-05-15,1829.1357159286226
20.0,C2_TREND_SPY200,2026-05-18,1816.7522945023165
20.0,C2_TREND_SPY200,2026-05-19,1814.069651022879
20.0,C2_TREND_SPY200,2026-05-20,1831.321086229434
20.0,C2_TREND_SPY200,2026-05-21,1836.6248480250083
20.0,C2_TREND_SPY200,2026-05-22,1855.4850806846666
20.0,C2_TREND_SPY200,2026-05-26,1890.5795918248025
20.0,C2_TREND_SPY200,2026-05-27,1893.6588665447175
20.0,C2_TREND_SPY200,2026-05-28,1915.2143724395073
20.0,C2_TREND_SPY200,2026-05-29,1894.7966241670922
20.0,C2_TREND_SPY200,2026-06-01,1872.5639433370907
20.0,C2_TREND_SPY200,2026-06-02,1878.8109975519417
20.0,C2_TREND_SPY200,2026-06-03,1856.473611197976
20.0,C2_TREND_SPY200,2026-06-04,1844.5728809581701
20.0,C2_TREND_SPY200,2026-06-05,1761.440630547933
20.0,C2_TREND_SPY200,2026-06-08,1788.514342293722
20.0,C2_TREND_SPY200,2026-06-09,1759.7450455540616
20.0,C2_TREND_SPY200,2026-06-10,1727.0358969558908
20.0,C2_TREND_SPY200,2026-06-11,1778.130269887823
20.0,C2_TREND_SPY200,2026-06-12,1761.002752152377
20.0,C2_TREND_SPY200,2026-06-15,1803.5887702518153
20.0,C2_TREND_SPY200,2026-06-16,1772.9667254921305
20.0,C2_TREND_SPY200,2026-06-17,1753.688743837005
20.0,C2_TREND_SPY200,2026-06-18,1758.5718698116123
20.0,C2_TREND_SPY200,2026-06-22,1737.77679038859
20.0,C2_TREND_SPY200,2026-06-23,1699.276464451568
20.0,C2_TREND_SPY200,2026-06-24,1668.3093450361116
20.0,C2_TREND_SPY200,2026-06-25,1661.61711155249
20.0,C2_TREND_SPY200,2026-06-26,1663.52476145099
20.0,C2_TREND_SPY200,2026-06-29,1709.849289095692
20.0,C2_TREND_SPY200,2026-06-30,1712.0898832017656
20.0,C2_TREND_SPY200,2026-07-01,1712.1482386658809
20.0,C2_TREND_SPY200,2026-07-02,1709.7037395034947
20.0,C2_TREND_SPY200,2026-07-06,1729.0032733080131
20.0,C2_TREND_SPY200,2026-07-07,1716.7705662540645
20.0,C2_TREND_SPY200,2026-07-08,1716.109348532294
20.0,C2_TREND_SPY200,2026-07-09,1726.8856000670812
20.0,C2_TREND_SPY200,2026-07-10,1737.7228093310787
20.0,C2_TREND_SPY200,2026-07-13,1713.1392533083858
20.0,C2_TREND_SPY200,2026-07-14,1736.7798750379288
20.0,C2_TREND_SPY200,2026-07-15,1738.3424947621843
20.0,C2_TREND_SPY200,2026-07-16,1697.3229323247808
20.0,C2_TREND_SPY200,2026-07-17,1694.6266036559273
20.0,C2_TREND_SPY200,2026-07-20,1699.2126821876254
20.0,C2_TREND_SPY200,2026-07-21,1731.6903861852825
20.0,C2_TREND_SPY200,2026-07-22,1728.35217366372
20.0,C2_TREND_SPY200,2026-07-23,1712.0194918219045
20.0,C2_TREND_SPY200,2026-07-24,1691.0760052508322
20.0,C2_TREND_SPY200,2026-07-27,1686.882939440765
20.0,C2_TREND_SPY200,2026-07-28,1660.4566768928253
20.0,C2_TREND_SPY200,2026-07-29,1639.6103590224452
20.0,C2_TREND_SPY200,2026-07-30,1663.3559550551938
20.0,C2_TREND_SPY200,2026-07-31,1665.7751228659752
20.0,C2_TREND_SPY200,2026-08-03,1687.997241165275
20.0,C2_TREND_SPY200,2026-08-04,1733.9577414729551
20.0,C2_TREND_SPY200,2026-08-05,1733.9302001378128
20.0,C2_TREND_SPY200,2026-08-06,1734.5137135218674
20.0,C2_TREND_SPY200,2026-08-07,1769.0301121186449
20.0,C2_TREND_SPY200,2026-08-10,1771.8421945460177
20.0,C2_TREND_SPY200,2026-08-11,1774.4931215743472
20.0,C2_TREND_SPY200,2026-08-12,1781.6102217573464
20.0,C2_TREND_SPY200,2026-08-13,1788.593602609611
20.0,C2_TREND_SPY200,2026-08-14,1774.8744931464091
20.0,C2_TREND_SPY200,2026-08-17,1777.6858942706103
20.0,C2_TREND_SPY200,2026-08-18,1749.905397931049
20.0,C2_TREND_SPY200,2026-08-19,1774.7938119255255
20.0,C2_TREND_SPY200,2026-08-20,1769.8475632608322
20.0,C2_TREND_SPY200,2026-08-21,1800.0396959759264
20.0,C2_TREND_SPY200,2026-08-24,1782.7561423697928
20.0,C2_TREND_SPY200,2026-08-25,1784.6878788661702
20.0,C2_TREND_SPY200,2026-08-26,1774.699248814017
20.0,C2_TREND_SPY200,2026-08-27,1817.947129206526
20.0,C2_TREND_SPY200,2026-08-28,1782.1415907912824
20.0,C3_XMOM_TOP5,2024-11-22,1500.0
20.0,C3_XMOM_TOP5,2024-11-25,1417.1865905350298
20.0,C3_XMOM_TOP5,2024-11-26,1393.36244598466
20.0,C3_XMOM_TOP5,2024-11-27,1398.2907841553067
20.0,C3_XMOM_TOP5,2024-11-29,1428.0866881156114
20.0,C3_XMOM_TOP5,2024-12-02,1412.539277738523
20.0,C3_XMOM_TOP5,2024-12-03,1419.1712634473952
20.0,C3_XMOM_TOP5,2024-12-04,1454.1359336012558
20.0,C3_XMOM_TOP5,2024-12-05,1454.594622687586
20.0,C3_XMOM_TOP5,2024-12-06,1528.0817014589127
20.0,C3_XMOM_TOP5,2024-12-09,1476.520032176508
20.0,C3_XMOM_TOP5,2024-12-10,1456.0946530376336
20.0,C3_XMOM_TOP5,2024-12-11,1506.3001094868582
20.0,C3_XMOM_TOP5,2024-12-12,1484.8122475335808
20.0,C3_XMOM_TOP5,2024-12-13,1525.426370443325
20.0,C3_XMOM_TOP5,2024-12-16,1556.0006450316555
20.0,C3_XMOM_TOP5,2024-12-17,1542.621698546709
20.0,C3_XMOM_TOP5,2024-12-18,1441.185160844736
20.0,C3_XMOM_TOP5,2024-12-19,1435.176769632642
20.0,C3_XMOM_TOP5,2024-12-20,1482.6030583534525
20.0,C3_XMOM_TOP5,2024-12-23,1472.406310883875
20.0,C3_XMOM_TOP5,2024-12-24,1532.1302913869197
20.0,C3_XMOM_TOP5,2024-12-26,1527.2789688048913
20.0,C3_XMOM_TOP5,2024-12-27,1458.7620246340764
20.0,C3_XMOM_TOP5,2024-12-30,1406.0916538038412
20.0,C3_XMOM_TOP5,2024-12-31,1365.9712635325884
20.0,C3_XMOM_TOP5,2025-01-02,1380.2568321276638
20.0,C3_XMOM_TOP5,2025-01-03,1509.2450358234219
20.0,C3_XMOM_TOP5,2025-01-06,1536.3478105162676
20.0,C3_XMOM_TOP5,2025-01-07,1451.8687823269365
20.0,C3_XMOM_TOP5,2025-01-08,1425.9103665831149
20.0,C3_XMOM_TOP5,2025-01-10,1427.5835999754947
20.0,C3_XMOM_TOP5,2025-01-13,1400.8537498618498
20.0,C3_XMOM_TOP5,2025-01-14,1419.4404617679015
20.0,C3_XMOM_TOP5,2025-01-15,1479.150315406528
20.0,C3_XMOM_TOP5,2025-01-16,1480.3505822097954
20.0,C3_XMOM_TOP5,2025-01-17,1517.6221092605535
20.0,C3_XMOM_TOP5,2025-01-21,1569.8264456122033
20.0,C3_XMOM_TOP5,2025-01-22,1561.3721781434183
20.0,C3_XMOM_TOP5,2025-01-23,1537.8472554202888
20.0,C3_XMOM_TOP5,2025-01-24,1521.3683966831036
20.0,C3_XMOM_TOP5,2025-01-27,1383.209828758632
20.0,C3_XMOM_TOP5,2025-01-28,1425.8573544909273
20.0,C3_XMOM_TOP5,2025-01-29,1401.4110195389035
20.0,C3_XMOM_TOP5,2025-01-30,1458.30467486094
20.0,C3_XMOM_TOP5,2025-01-31,1472.4270052783188
20.0,C3_XMOM_TOP5,2025-02-03,1489.7851280146706
20.0,C3_XMOM_TOP5,2025-02-04,1573.8077064897705
20.0,C3_XMOM_TOP5,2025-02-05,1545.9231564399986
20.0,C3_XMOM_TOP5,2025-02-06,1558.2414551674897
20.0,C3_XMOM_TOP5,2025-02-07,1539.4091619765984
20.0,C3_XMOM_TOP5,2025-02-10,1562.353946049675
20.0,C3_XMOM_TOP5,2025-02-11,1509.7172337166928
20.0,C3_XMOM_TOP5,2025-02-12,1541.3778645366028
20.0,C3_XMOM_TOP5,2025-02-13,1552.9571164534982
20.0,C3_XMOM_TOP5,2025-02-14,1575.3450553491864
20.0,C3_XMOM_TOP5,2025-02-18,1580.0146781098777
20.0,C3_XMOM_TOP5,2025-02-19,1539.6176373709932
20.0,C3_XMOM_TOP5,2025-02-20,1518.0900181682623
20.0,C3_XMOM_TOP5,2025-02-21,1432.2381390616843
20.0,C3_XMOM_TOP5,2025-02-24,1361.4638619765865
20.0,C3_XMOM_TOP5,2025-02-25,1273.1870349660853
20.0,C3_XMOM_TOP5,2025-02-26,1287.1063647898181
20.0,C3_XMOM_TOP5,2025-02-27,1207.911121849239
20.0,C3_XMOM_TOP5,2025-02-28,1241.193391153558
20.0,C3_XMOM_TOP5,2025-03-03,1213.28934563248
20.0,C3_XMOM_TOP5,2025-03-04,1236.8386831207665
20.0,C3_XMOM_TOP5,2025-03-05,1302.2709700346743
20.0,C3_XMOM_TOP5,2025-03-06,1228.4973596490915
20.0,C3_XMOM_TOP5,2025-03-07,1218.1325613303445
20.0,C3_XMOM_TOP5,2025-03-10,1077.9647225628678
20.0,C3_XMOM_TOP5,2025-03-11,1133.6576201100113
20.0,C3_XMOM_TOP5,2025-03-12,1180.9841073180469
20.0,C3_XMOM_TOP5,2025-03-13,1147.9353489389564
20.0,C3_XMOM_TOP5,2025-03-14,1233.974108007185
20.0,C3_XMOM_TOP5,2025-03-17,1226.8225976796073
20.0,C3_XMOM_TOP5,2025-03-18,1185.2525846579413
20.0,C3_XMOM_TOP5,2025-03-19,1240.5297364820904
20.0,C3_XMOM_TOP5,2025-03-20,1243.0907872284736
20.0,C3_XMOM_TOP5,2025-03-21,1262.886733697983
20.0,C3_XMOM_TOP5,2025-03-24,1356.9840006415454
20.0,C3_XMOM_TOP5,2025-03-25,1364.4427205374934
20.0,C3_XMOM_TOP5,2025-03-26,1306.406253284736
20.0,C3_XMOM_TOP5,2025-03-27,1288.672221982567
20.0,C3_XMOM_TOP5,2025-03-28,1223.8967284807516
20.0,C3_XMOM_TOP5,2025-03-31,1207.9583074190136
20.0,C3_XMOM_TOP5,2025-04-01,1250.6658169540551
20.0,C3_XMOM_TOP5,2025-04-02,1251.2622568489967
20.0,C3_XMOM_TOP5,2025-04-03,1182.038613152027
20.0,C3_XMOM_TOP5,2025-04-04,1149.399172387841
20.0,C3_XMOM_TOP5,2025-04-07,1111.34243709546
20.0,C3_XMOM_TOP5,2025-04-08,1074.6461055615955
20.0,C3_XMOM_TOP5,2025-04-09,1204.375527825694
20.0,C3_XMOM_TOP5,2025-04-10,1164.6281666131647
20.0,C3_XMOM_TOP5,2025-04-11,1207.9890030438294
20.0,C3_XMOM_TOP5,2025-04-14,1231.6255571888173
20.0,C3_XMOM_TOP5,2025-04-15,1246.0831439548406
20.0,C3_XMOM_TOP5,2025-04-16,1243.3717300424173
20.0,C3_XMOM_TOP5,2025-04-17,1256.9009191544042
20.0,C3_XMOM_TOP5,2025-04-21,1261.1989200922064
20.0,C3_XMOM_TOP5,2025-04-22,1301.7300408767078
20.0,C3_XMOM_TOP5,2025-04-23,1319.2573642808916
20.0,C3_XMOM_TOP5,2025-04-24,1348.8661072541763
20.0,C3_XMOM_TOP5,2025-04-25,1382.6818216313425
20.0,C3_XMOM_TOP5,2025-04-28,1386.3032261270012
20.0,C3_XMOM_TOP5,2025-04-29,1393.6018885481433
20.0,C3_XMOM_TOP5,2025-04-30,1386.7012258093737
20.0,C3_XMOM_TOP5,2025-05-01,1386.3031204998006
20.0,C3_XMOM_TOP5,2025-05-02,1419.761638428849
20.0,C3_XMOM_TOP5,2025-05-05,1415.0068497114107
20.0,C3_XMOM_TOP5,2025-05-06,1386.5659141614383
20.0,C3_XMOM_TOP5,2025-05-07,1395.3071123255027
20.0,C3_XMOM_TOP5,2025-05-08,1436.714678017314
20.0,C3_XMOM_TOP5,2025-05-09,1439.5130857012286
20.0,C3_XMOM_TOP5,2025-05-12,1422.3263979532344
20.0,C3_XMOM_TOP5,2025-05-13,1464.6481996842735
20.0,C3_XMOM_TOP5,2025-05-14,1458.4549400264873
20.0,C3_XMOM_TOP5,2025-05-15,1442.1441154306353
20.0,C3_XMOM_TOP5,2025-05-16,1452.2057020965815
20.0,C3_XMOM_TOP5,2025-05-19,1461.600179133163
20.0,C3_XMOM_TOP5,2025-05-20,1471.31158985811
20.0,C3_XMOM_TOP5,2025-05-21,1451.9259715622607
20.0,C3_XMOM_TOP5,2025-05-22,1457.034545029532
20.0,C3_XMOM_TOP5,2025-05-23,1438.3369978446385
20.0,C3_XMOM_TOP5,2025-05-27,1442.5119845094996
20.0,C3_XMOM_TOP5,2025-05-28,1427.37410700177
20.0,C3_XMOM_TOP5,2025-05-29,1425.7217979150032
20.0,C3_XMOM_TOP5,2025-05-30,1447.0918118261513
20.0,C3_XMOM_TOP5,2025-06-02,1460.0687202570057
20.0,C3_XMOM_TOP5,2025-06-03,1472.5567114632865
20.0,C3_XMOM_TOP5,2025-06-04,1479.7959263139696
20.0,C3_XMOM_TOP5,2025-06-05,1449.16346343141
20.0,C3_XMOM_TOP5,2025-06-06,1451.4722159404585
20.0,C3_XMOM_TOP5,2025-06-09,1457.6382030074576
20.0,C3_XMOM_TOP5,2025-06-10,1463.0446785596555
20.0,C3_XMOM_TOP5,2025-06-11,1474.1284807198635
20.0,C3_XMOM_TOP5,2025-06-12,1475.6198680562725
20.0,C3_XMOM_TOP5,2025-06-13,1469.9939910414857
20.0,C3_XMOM_TOP5,2025-06-16,1486.741948331291
20.0,C3_XMOM_TOP5,2025-06-17,1474.3667251765912
20.0,C3_XMOM_TOP5,2025-06-18,1480.7040471587247
20.0,C3_XMOM_TOP5,2025-06-20,1471.090592529102
20.0,C3_XMOM_TOP5,2025-06-23,1494.426257485367
20.0,C3_XMOM_TOP5,2025-06-24,1515.1936053902205
20.0,C3_XMOM_TOP5,2025-06-25,1512.664609806796
20.0,C3_XMOM_TOP5,2025-06-26,1525.7593168073538
20.0,C3_XMOM_TOP5,2025-06-27,1496.741708103108
20.0,C3_XMOM_TOP5,2025-06-30,1523.3066890964099
20.0,C3_XMOM_TOP5,2025-07-01,1493.74676945897
20.0,C3_XMOM_TOP5,2025-07-02,1499.8171256859378
20.0,C3_XMOM_TOP5,2025-07-03,1512.7565678163423
20.0,C3_XMOM_TOP5,2025-07-07,1526.5128323569174
20.0,C3_XMOM_TOP5,2025-07-08,1518.5114834369904
20.0,C3_XMOM_TOP5,2025-07-09,1524.118062169777
20.0,C3_XMOM_TOP5,2025-07-10,1528.7553572164998
20.0,C3_XMOM_TOP5,2025-07-11,1538.5557553266785
20.0,C3_XMOM_TOP5,2025-07-14,1567.0606973222234
20.0,C3_XMOM_TOP5,2025-07-15,1576.1043534737796
20.0,C3_XMOM_TOP5,2025-07-16,1578.0312316557915
20.0,C3_XMOM_TOP5,2025-07-17,1612.1155457606696
20.0,C3_XMOM_TOP5,2025-07-18,1634.289099960948
20.0,C3_XMOM_TOP5,2025-07-21,1622.2138971411541
20.0,C3_XMOM_TOP5,2025-07-22,1619.6797925712121
20.0,C3_XMOM_TOP5,2025-07-23,1662.0298930688896
20.0,C3_XMOM_TOP5,2025-07-24,1662.472696020666
20.0,C3_XMOM_TOP5,2025-07-25,1623.440384555318
20.0,C3_XMOM_TOP5,2025-07-28,1626.672051613194
20.0,C3_XMOM_TOP5,2025-07-29,1612.3826350912555
20.0,C3_XMOM_TOP5,2025-07-30,1633.1681976051673
20.0,C3_XMOM_TOP5,2025-07-31,1662.13017588505
20.0,C3_XMOM_TOP5,2025-08-01,1643.588897866107
20.0,C3_XMOM_TOP5,2025-08-04,1678.60683452811
20.0,C3_XMOM_TOP5,2025-08-05,1696.86912202282
20.0,C3_XMOM_TOP5,2025-08-06,1703.2473938508863
20.0,C3_XMOM_TOP5,2025-08-07,1694.8241080854777
20.0,C3_XMOM_TOP5,2025-08-08,1697.3433454954627
20.0,C3_XMOM_TOP5,2025-08-11,1678.2221522584587
20.0,C3_XMOM_TOP5,2025-08-12,1738.9888664418345
20.0,C3_XMOM_TOP5,2025-08-13,1721.5303746190011
20.0,C3_XMOM_TOP5,2025-08-14,1703.181578101564
20.0,C3_XMOM_TOP5,2025-08-15,1676.0754807264855
20.0,C3_XMOM_TOP5,2025-08-18,1674.8915315751701
20.0,C3_XMOM_TOP5,2025-08-19,1587.421891307365
20.0,C3_XMOM_TOP5,2025-08-20,1578.9934323948166
20.0,C3_XMOM_TOP5,2025-08-21,1572.0068577775994
20.0,C3_XMOM_TOP5,2025-08-22,1601.7625344213538
20.0,C3_XMOM_TOP5,2025-08-25,1620.5518087207288
20.0,C3_XMOM_TOP5,2025-08-26,1646.857047923379
20.0,C3_XMOM_TOP5,2025-08-27,1625.5404204004724
20.0,C3_XMOM_TOP5,2025-08-28,1643.072243878949
20.0,C3_XMOM_TOP5,2025-08-29,1604.12042704438
20.0,C3_XMOM_TOP5,2025-09-02,1593.1187418045288
20.0,C3_XMOM_TOP5,2025-09-03,1573.795971665635
20.0,C3_XMOM_TOP5,2025-09-04,1563.023109077888
20.0,C3_XMOM_TOP5,2025-09-05,1579.3168182427694
20.0,C3_XMOM_TOP5,2025-09-08,1588.5115035793985
20.0,C3_XMOM_TOP5,2025-09-09,1581.011038580434
20.0,C3_XMOM_TOP5,2025-09-10,1668.0398795192914
20.0,C3_XMOM_TOP5,2025-09-11,1648.6632553030388
20.0,C3_XMOM_TOP5,2025-09-12,1676.494970387662
20.0,C3_XMOM_TOP5,2025-09-15,1701.6666576678983
20.0,C3_XMOM_TOP5,2025-09-16,1679.4539896318802
20.0,C3_XMOM_TOP5,2025-09-17,1655.3127889008679
20.0,C3_XMOM_TOP5,2025-09-18,1687.9344857167491
20.0,C3_XMOM_TOP5,2025-09-19,1725.5219609538337
20.0,C3_XMOM_TOP5,2025-09-22,1762.3555178265105
20.0,C3_XMOM_TOP5,2025-09-23,1774.603798486711
20.0,C3_XMOM_TOP5,2025-09-24,1760.4778837067274
20.0,C3_XMOM_TOP5,2025-09-25,1723.3951913415224
20.0,C3_XMOM_TOP5,2025-09-26,1727.22041984202
20.0,C3_XMOM_TOP5,2025-09-29,1712.014853176636
20.0,C3_XMOM_TOP5,2025-09-30,1728.3146269857994
20.0,C3_XMOM_TOP5,2025-10-01,1799.35020292316
20.0,C3_XMOM_TOP5,2025-10-02,1845.91351204681
20.0,C3_XMOM_TOP5,2025-10-03,1821.3864627260264
20.0,C3_XMOM_TOP5,2025-10-06,1877.5338980064387
20.0,C3_XMOM_TOP5,2025-10-07,1878.6033889726748
20.0,C3_XMOM_TOP5,2025-10-08,1943.6450761612655
20.0,C3_XMOM_TOP5,2025-10-09,1986.1993482984685
20.0,C3_XMOM_TOP5,2025-10-10,1879.6589671128827
20.0,C3_XMOM_TOP5,2025-10-13,1997.6150741945212
20.0,C3_XMOM_TOP5,2025-10-14,1993.1556422101953
20.0,C3_XMOM_TOP5,2025-10-15,2012.2121552077526
20.0,C3_XMOM_TOP5,2025-10-16,1972.2545623414694
20.0,C3_XMOM_TOP5,2025-10-17,1940.4945585871205
20.0,C3_XMOM_TOP5,2025-10-20,1948.1110400688167
20.0,C3_XMOM_TOP5,2025-10-21,1908.025474738763
20.0,C3_XMOM_TOP5,2025-10-22,1843.6204624627828
20.0,C3_XMOM_TOP5,2025-10-23,1871.4182175241674
20.0,C3_XMOM_TOP5,2025-10-24,1898.4236076533712
20.0,C3_XMOM_TOP5,2025-10-27,1976.5198577393294
20.0,C3_XMOM_TOP5,2025-10-28,2003.1571185653754
20.0,C3_XMOM_TOP5,2025-10-29,2061.758837846528
20.0,C3_XMOM_TOP5,2025-10-30,1997.3962682588585
20.0,C3_XMOM_TOP5,2025-10-31,2036.274265452256
20.0,C3_XMOM_TOP5,2025-11-03,2002.5951404224347
20.0,C3_XMOM_TOP5,2025-11-04,1917.3040500498764
20.0,C3_XMOM_TOP5,2025-11-05,1926.2637142250546
20.0,C3_XMOM_TOP5,2025-11-06,1844.0542025786049
20.0,C3_XMOM_TOP5,2025-11-07,1861.5697767744937
20.0,C3_XMOM_TOP5,2025-11-10,1930.3778611014836
20.0,C3_XMOM_TOP5,2025-11-11,1893.5582912198781
20.0,C3_XMOM_TOP5,2025-11-12,1871.1207340543972
20.0,C3_XMOM_TOP5,2025-11-13,1786.8522654368633
20.0,C3_XMOM_TOP5,2025-11-14,1798.2279261629508
20.0,C3_XMOM_TOP5,2025-11-17,1752.4532255155343
20.0,C3_XMOM_TOP5,2025-11-18,1733.0844563537323
20.0,C3_XMOM_TOP5,2025-11-19,1758.7694667733401
20.0,C3_XMOM_TOP5,2025-11-20,1661.1027602349707
20.0,C3_XMOM_TOP5,2025-11-21,1656.1584203069222
20.0,C3_XMOM_TOP5,2025-11-24,1754.4660915184827
20.0,C3_XMOM_TOP5,2025-11-25,1759.7245276586605
20.0,C3_XMOM_TOP5,2025-11-26,1792.3829068266894
20.0,C3_XMOM_TOP5,2025-11-28,1808.1013711683343
20.0,C3_XMOM_TOP5,2025-12-01,1773.3870997236368
20.0,C3_XMOM_TOP5,2025-12-02,1808.328817099492
20.0,C3_XMOM_TOP5,2025-12-03,1837.863316711498
20.0,C3_XMOM_TOP5,2025-12-04,1910.9840855616437
20.0,C3_XMOM_TOP5,2025-12-05,1928.4019120111304
20.0,C3_XMOM_TOP5,2025-12-08,1944.8125339697235
20.0,C3_XMOM_TOP5,2025-12-09,1934.7337193359233
20.0,C3_XMOM_TOP5,2025-12-10,1989.1473736836006
20.0,C3_XMOM_TOP5,2025-12-11,2018.9878444339338
20.0,C3_XMOM_TOP5,2025-12-12,1898.6376212072812
20.0,C3_XMOM_TOP5,2025-12-15,1832.835439860755
20.0,C3_XMOM_TOP5,2025-12-16,1836.4662433448186
20.0,C3_XMOM_TOP5,2025-12-17,1747.8985901987776
20.0,C3_XMOM_TOP5,2025-12-18,1798.3930341399023
20.0,C3_XMOM_TOP5,2025-12-19,1902.4264348201755
20.0,C3_XMOM_TOP5,2025-12-22,1987.4435855976915
20.0,C3_XMOM_TOP5,2025-12-23,1999.8255493794074
20.0,C3_XMOM_TOP5,2025-12-24,1951.4429283764496
20.0,C3_XMOM_TOP5,2025-12-26,1916.0990876502178
20.0,C3_XMOM_TOP5,2025-12-29,1905.264542515647
20.0,C3_XMOM_TOP5,2025-12-30,1925.8118779966571
20.0,C3_XMOM_TOP5,2025-12-31,1900.2885160389276
20.0,C3_XMOM_TOP5,2026-01-02,1996.1296133072096
20.0,C3_XMOM_TOP5,2026-01-05,2021.2647823601587
20.0,C3_XMOM_TOP5,2026-01-06,2058.3823783983776
20.0,C3_XMOM_TOP5,2026-01-07,2020.3401009761305
20.0,C3_XMOM_TOP5,2026-01-08,2015.7952521432562
20.0,C3_XMOM_TOP5,2026-01-09,2066.1138534845213
20.0,C3_XMOM_TOP5,2026-01-12,2092.227157099334
20.0,C3_XMOM_TOP5,2026-01-13,2063.2633858757367
20.0,C3_XMOM_TOP5,2026-01-14,2048.9753992213386
20.0,C3_XMOM_TOP5,2026-01-15,2063.2179451591187
20.0,C3_XMOM_TOP5,2026-01-16,2130.9102564321133
20.0,C3_XMOM_TOP5,2026-01-20,2072.361270644028
20.0,C3_XMOM_TOP5,2026-01-21,2041.9800082992479
20.0,C3_XMOM_TOP5,2026-01-22,2121.6114187041735
20.0,C3_XMOM_TOP5,2026-01-23,2101.3840933492143
20.0,C3_XMOM_TOP5,2026-01-26,2046.1194063930652
20.0,C3_XMOM_TOP5,2026-01-27,2070.4749656722365
20.0,C3_XMOM_TOP5,2026-01-28,2094.728968013249
20.0,C3_XMOM_TOP5,2026-01-29,2070.362251444715
20.0,C3_XMOM_TOP5,2026-01-30,2023.1379716081613
20.0,C3_XMOM_TOP5,2026-02-02,1988.0619284507825
20.0,C3_XMOM_TOP5,2026-02-03,2043.6261226205022
20.0,C3_XMOM_TOP5,2026-02-04,2003.7792358619004
20.0,C3_XMOM_TOP5,2026-02-05,1924.7606607973416
20.0,C3_XMOM_TOP5,2026-02-06,2013.5648987732638
20.0,C3_XMOM_TOP5,2026-02-09,2034.2733796310704
20.0,C3_XMOM_TOP5,2026-02-10,1993.0523157660507
20.0,C3_XMOM_TOP5,2026-02-11,2005.9317666123616
20.0,C3_XMOM_TOP5,2026-02-12,1940.1766078996727
20.0,C3_XMOM_TOP5,2026-02-13,1966.1190481800647
20.0,C3_XMOM_TOP5,2026-02-17,1950.9301006578958
20.0,C3_XMOM_TOP5,2026-02-18,1963.7903321455265
20.0,C3_XMOM_TOP5,2026-02-19,1981.7514334465868
20.0,C3_XMOM_TOP5,2026-02-20,1959.9006453286436
20.0,C3_XMOM_TOP5,2026-02-23,2003.2014318017448
20.0,C3_XMOM_TOP5,2026-02-24,2006.4220072233697
20.0,C3_XMOM_TOP5,2026-02-25,1983.0104642169722
20.0,C3_XMOM_TOP5,2026-02-26,1980.2500745274851
20.0,C3_XMOM_TOP5,2026-02-27,1978.160404528415
20.0,C3_XMOM_TOP5,2026-03-02,2013.6221193515737
20.0,C3_XMOM_TOP5,2026-03-03,1990.262238893627
20.0,C3_XMOM_TOP5,2026-03-04,2052.8773804349307
20.0,C3_XMOM_TOP5,2026-03-05,1980.3474086919796
20.0,C3_XMOM_TOP5,2026-03-06,1962.5302221720735
20.0,C3_XMOM_TOP5,2026-03-09,1980.7504534750458
20.0,C3_XMOM_TOP5,2026-03-10,1967.7308741427094
20.0,C3_XMOM_TOP5,2026-03-11,1971.686488003204
20.0,C3_XMOM_TOP5,2026-03-12,1937.8691773954324
20.0,C3_XMOM_TOP5,2026-03-13,1929.8156756642697
20.0,C3_XMOM_TOP5,2026-03-16,1950.758151518296
20.0,C3_XMOM_TOP5,2026-03-17,1954.4540697038399
20.0,C3_XMOM_TOP5,2026-03-18,1916.1702322831175
20.0,C3_XMOM_TOP5,2026-03-19,1915.1420650808611
20.0,C3_XMOM_TOP5,2026-03-20,1866.2325445781867
20.0,C3_XMOM_TOP5,2026-03-23,1851.347406908043
20.0,C3_XMOM_TOP5,2026-03-24,1843.6359064189185
20.0,C3_XMOM_TOP5,2026-03-25,1913.2486579006854
20.0,C3_XMOM_TOP5,2026-03-26,1838.0013898825293
20.0,C3_XMOM_TOP5,2026-03-27,1787.9376838837672
20.0,C3_XMOM_TOP5,2026-03-30,1743.0321550182202
20.0,C3_XMOM_TOP5,2026-03-31,1835.71281647773
20.0,C3_XMOM_TOP5,2026-04-01,1880.0703808295505
20.0,C3_XMOM_TOP5,2026-04-02,1898.281208798469
20.0,C3_XMOM_TOP5,2026-04-06,1921.7246803465273
20.0,C3_XMOM_TOP5,2026-04-07,1908.784879146819
20.0,C3_XMOM_TOP5,2026-04-08,1925.789771476306
20.0,C3_XMOM_TOP5,2026-04-09,1916.9110807057375
20.0,C3_XMOM_TOP5,2026-04-10,1923.3292708226468
20.0,C3_XMOM_TOP5,2026-04-13,1958.8971306078338
20.0,C3_XMOM_TOP5,2026-04-14,1900.2454040066732
20.0,C3_XMOM_TOP5,2026-04-15,1882.9687847724556
20.0,C3_XMOM_TOP5,2026-04-16,1912.0930309163184
20.0,C3_XMOM_TOP5,2026-04-17,1872.3044612984413
20.0,C3_XMOM_TOP5,2026-04-20,1858.1295841278486
20.0,C3_XMOM_TOP5,2026-04-21,1863.220573253971
20.0,C3_XMOM_TOP5,2026-04-22,1897.4222233735352
20.0,C3_XMOM_TOP5,2026-04-23,1877.849165353862
20.0,C3_XMOM_TOP5,2026-04-24,1861.3938131950176
20.0,C3_XMOM_TOP5,2026-04-27,1858.0943131882566
20.0,C3_XMOM_TOP5,2026-04-28,1829.2223217885312
20.0,C3_XMOM_TOP5,2026-04-29,1851.1534098118168
20.0,C3_XMOM_TOP5,2026-04-30,1910.394074519203
20.0,C3_XMOM_TOP5,2026-05-01,1898.1451326300798
20.0,C3_XMOM_TOP5,2026-05-04,1901.6376869823969
20.0,C3_XMOM_TOP5,2026-05-05,1922.1662638606936
20.0,C3_XMOM_TOP5,2026-05-06,1923.4945779650764
20.0,C3_XMOM_TOP5,2026-05-07,1910.6410900500296
20.0,C3_XMOM_TOP5,2026-05-08,1922.4667387553447
20.0,C3_XMOM_TOP5,2026-05-11,1945.791481808132
20.0,C3_XMOM_TOP5,2026-05-12,1962.6017279725672
20.0,C3_XMOM_TOP5,2026-05-13,1977.9078998358864
20.0,C3_XMOM_TOP5,2026-05-14,1978.1796547356907
20.0,C3_XMOM_TOP5,2026-05-15,1962.5808597161001
20.0,C3_XMOM_TOP5,2026-05-18,1954.997516651399
20.0,C3_XMOM_TOP5,2026-05-19,1974.806090082668
20.0,C3_XMOM_TOP5,2026-05-20,1965.569777753628
20.0,C3_XMOM_TOP5,2026-05-21,1945.4979871342873
20.0,C3_XMOM_TOP5,2026-05-22,1954.7128318908235
20.0,C3_XMOM_TOP5,2026-05-26,1966.0427186691745
20.0,C3_XMOM_TOP5,2026-05-27,1947.4584836821973
20.0,C3_XMOM_TOP5,2026-05-28,1973.5527516060906
20.0,C3_XMOM_TOP5,2026-05-29,1954.9043773064307
20.0,C3_XMOM_TOP5,2026-06-01,1956.435014810152
20.0,C3_XMOM_TOP5,2026-06-02,2005.9523084818331
20.0,C3_XMOM_TOP5,2026-06-03,1984.2283616993518
20.0,C3_XMOM_TOP5,2026-06-04,1965.508585176604
20.0,C3_XMOM_TOP5,2026-06-05,1848.787936208207
20.0,C3_XMOM_TOP5,2026-06-08,1873.6472192607505
20.0,C3_XMOM_TOP5,2026-06-09,1847.6595494556143
20.0,C3_XMOM_TOP5,2026-06-10,1826.2757721400103
20.0,C3_XMOM_TOP5,2026-06-11,1907.5700729424038
20.0,C3_XMOM_TOP5,2026-06-12,1845.9130458895957
20.0,C3_XMOM_TOP5,2026-06-15,1878.138210465191
20.0,C3_XMOM_TOP5,2026-06-16,1814.498238704424
20.0,C3_XMOM_TOP5,2026-06-17,1821.269874511291
20.0,C3_XMOM_TOP5,2026-06-18,1826.0057612007033
20.0,C3_XMOM_TOP5,2026-06-22,1789.344275158636
20.0,C3_XMOM_TOP5,2026-06-23,1744.3818458803369
20.0,C3_XMOM_TOP5,2026-06-24,1700.6853431439702
20.0,C3_XMOM_TOP5,2026-06-25,1729.985184255482
20.0,C3_XMOM_TOP5,2026-06-26,1712.6702030069391
20.0,C3_XMOM_TOP5,2026-06-29,1793.3589720204072
20.0,C3_XMOM_TOP5,2026-06-30,1828.721852659885
20.0,C3_XMOM_TOP5,2026-07-01,1785.7338032466134
20.0,C3_XMOM_TOP5,2026-07-02,1767.6167992394678
20.0,C3_XMOM_TOP5,2026-07-06,1760.4322840123555
20.0,C3_XMOM_TOP5,2026-07-07,1736.243379902092
20.0,C3_XMOM_TOP5,2026-07-08,1751.989053684495
20.0,C3_XMOM_TOP5,2026-07-09,1754.3641984766457
20.0,C3_XMOM_TOP5,2026-07-10,1743.3395761464403
20.0,C3_XMOM_TOP5,2026-07-13,1726.1158135893775
20.0,C3_XMOM_TOP5,2026-07-14,1743.1583924787237
20.0,C3_XMOM_TOP5,2026-07-15,1729.794062124586
20.0,C3_XMOM_TOP5,2026-07-16,1659.3115807985134
20.0,C3_XMOM_TOP5,2026-07-17,1679.576806783999
20.0,C3_XMOM_TOP5,2026-07-20,1675.4886185511455
20.0,C3_XMOM_TOP5,2026-07-21,1743.435956616074
20.0,C3_XMOM_TOP5,2026-07-22,1743.7730047838536
20.0,C3_XMOM_TOP5,2026-07-23,1757.3498551210077
20.0,C3_XMOM_TOP5,2026-07-24,1720.1234835039454
20.0,C3_XMOM_TOP5,2026-07-27,1680.0563395242389
20.0,C3_XMOM_TOP5,2026-07-28,1646.913670371078
20.0,C3_XMOM_TOP5,2026-07-29,1637.4406659658457
20.0,C3_XMOM_TOP5,2026-07-30,1671.0856365393615
20.0,C3_XMOM_TOP5,2026-07-31,1679.7646995046373
20.0,C3_XMOM_TOP5,2026-08-03,1673.1776072858688
20.0,C3_XMOM_TOP5,2026-08-04,1714.4453078942431
20.0,C3_XMOM_TOP5,2026-08-05,1717.8588771912916
20.0,C3_XMOM_TOP5,2026-08-06,1737.8829709292977
20.0,C3_XMOM_TOP5,2026-08-07,1750.3225455913337
20.0,C3_XMOM_TOP5,2026-08-10,1772.8546686635173
20.0,C3_XMOM_TOP5,2026-08-11,1769.2341057491672
20.0,C3_XMOM_TOP5,2026-08-12,1780.3350373335188
20.0,C3_XMOM_TOP5,2026-08-13,1778.4819582742966
20.0,C3_XMOM_TOP5,2026-08-14,1753.2965603954196
20.0,C3_XMOM_TOP5,2026-08-17,1769.3785573145872
20.0,C3_XMOM_TOP5,2026-08-18,1749.310132122006
20.0,C3_XMOM_TOP5,2026-08-19,1743.7132953576836
20.0,C3_XMOM_TOP5,2026-08-20,1743.8661322713638
20.0,C3_XMOM_TOP5,2026-08-21,1750.9240005779052
20.0,C3_XMOM_TOP5,2026-08-24,1720.9549940824782
20.0,C3_XMOM_TOP5,2026-08-25,1704.8659601958195
20.0,C3_XMOM_TOP5,2026-08-26,1695.129378974124
20.0,C3_XMOM_TOP5,2026-08-27,1723.2141793200008
20.0,C3_XMOM_TOP5,2026-08-28,1706.5924449574263
20.0,C4_VOLTGT_EW,2024-11-22,1500.0
20.0,C4_VOLTGT_EW,2024-11-25,1475.6328640889471
20.0,C4_VOLTGT_EW,2024-11-26,1473.2411594115904
20.0,C4_VOLTGT_EW,2024-11-27,1475.3160643471483
20.0,C4_VOLTGT_EW,2024-11-29,1487.3756015679344
20.0,C4_VOLTGT_EW,2024-12-02,1488.232400158437
20.0,C4_VOLTGT_EW,2024-12-03,1496.6788520611049
20.0,C4_VOLTGT_EW,2024-12-04,1512.757869101763
20.0,C4_VOLTGT_EW,2024-12-05,1510.4141044896319
20.0,C4_VOLTGT_EW,2024-12-06,1532.7646470371415
20.0,C4_VOLTGT_EW,2024-12-09,1510.7281966136288
20.0,C4_VOLTGT_EW,2024-12-10,1501.849381972238
20.0,C4_VOLTGT_EW,2024-12-11,1528.4721588908142
20.0,C4_VOLTGT_EW,2024-12-12,1515.742743686672
20.0,C4_VOLTGT_EW,2024-12-13,1543.60622553552
20.0,C4_VOLTGT_EW,2024-12-16,1563.737637240732
20.0,C4_VOLTGT_EW,2024-12-17,1554.7714439212878
20.0,C4_VOLTGT_EW,2024-12-18,1507.1638739255427
20.0,C4_VOLTGT_EW,2024-12-19,1497.6596994341148
20.0,C4_VOLTGT_EW,2024-12-20,1514.5140390909291
20.0,C4_VOLTGT_EW,2024-12-23,1521.1038859743658
20.0,C4_VOLTGT_EW,2024-12-24,1546.8604032375329
20.0,C4_VOLTGT_EW,2024-12-26,1544.838779193116
20.0,C4_VOLTGT_EW,2024-12-27,1522.1371613804176
20.0,C4_VOLTGT_EW,2024-12-30,1503.3516862915935
20.0,C4_VOLTGT_EW,2024-12-31,1489.689906643352
20.0,C4_VOLTGT_EW,2025-01-02,1501.2983885158505
20.0,C4_VOLTGT_EW,2025-01-03,1535.7917590450352
20.0,C4_VOLTGT_EW,2025-01-06,1548.027146668499
20.0,C4_VOLTGT_EW,2025-01-07,1519.3033977776054
20.0,C4_VOLTGT_EW,2025-01-08,1513.080439922287
20.0,C4_VOLTGT_EW,2025-01-10,1513.9705278130718
20.0,C4_VOLTGT_EW,2025-01-13,1507.2513350767895
20.0,C4_VOLTGT_EW,2025-01-14,1506.5866805391547
20.0,C4_VOLTGT_EW,2025-01-15,1531.312620295558
20.0,C4_VOLTGT_EW,2025-01-16,1531.3736887855298
20.0,C4_VOLTGT_EW,2025-01-17,1545.5775682790204
20.0,C4_VOLTGT_EW,2025-01-21,1564.4580220190264
20.0,C4_VOLTGT_EW,2025-01-22,1566.1851278674294
20.0,C4_VOLTGT_EW,2025-01-23,1562.1545326676082
20.0,C4_VOLTGT_EW,2025-01-24,1560.9920181366342
20.0,C4_VOLTGT_EW,2025-01-27,1507.6420247311585
20.0,C4_VOLTGT_EW,2025-01-28,1519.4563911270961
20.0,C4_VOLTGT_EW,2025-01-29,1512.8926877635404
20.0,C4_VOLTGT_EW,2025-01-30,1534.0541364697233
20.0,C4_VOLTGT_EW,2025-01-31,1533.528250279187
20.0,C4_VOLTGT_EW,2025-02-03,1534.2374033848826
20.0,C4_VOLTGT_EW,2025-02-04,1558.051043967192
20.0,C4_VOLTGT_EW,2025-02-05,1564.8783842423354
20.0,C4_VOLTGT_EW,2025-02-06,1576.4984214665585
20.0,C4_VOLTGT_EW,2025-02-07,1569.2583386637143
20.0,C4_VOLTGT_EW,2025-02-10,1591.908164710754
20.0,C4_VOLTGT_EW,2025-02-11,1576.390042394512
20.0,C4_VOLTGT_EW,2025-02-12,1578.1918904120344
20.0,C4_VOLTGT_EW,2025-02-13,1590.124976508708
20.0,C4_VOLTGT_EW,2025-02-14,1595.9230456266605
20.0,C4_VOLTGT_EW,2025-02-18,1595.6526314435928
20.0,C4_VOLTGT_EW,2025-02-19,1591.3704273163194
20.0,C4_VOLTGT_EW,2025-02-20,1586.1918958919446
20.0,C4_VOLTGT_EW,2025-02-21,1554.7652112618007
20.0,C4_VOLTGT_EW,2025-02-24,1535.9152171276555
20.0,C4_VOLTGT_EW,2025-02-25,1512.9341678607811
20.0,C4_VOLTGT_EW,2025-02-26,1523.5793202030932
20.0,C4_VOLTGT_EW,2025-02-27,1493.8539192269309
20.0,C4_VOLTGT_EW,2025-02-28,1508.2891590479376
20.0,C4_VOLTGT_EW,2025-03-03,1489.0842754355776
20.0,C4_VOLTGT_EW,2025-03-04,1497.5016564427929
20.0,C4_VOLTGT_EW,2025-03-05,1525.807296000648
20.0,C4_VOLTGT_EW,2025-03-06,1495.9379320356384
20.0,C4_VOLTGT_EW,2025-03-07,1500.5961870076871
20.0,C4_VOLTGT_EW,2025-03-10,1450.2599013295685
20.0,C4_VOLTGT_EW,2025-03-11,1461.4795337813132
20.0,C4_VOLTGT_EW,2025-03-12,1473.8798564754384
20.0,C4_VOLTGT_EW,2025-03-13,1460.503308534819
20.0,C4_VOLTGT_EW,2025-03-14,1489.2404693005246
20.0,C4_VOLTGT_EW,2025-03-17,1489.4068072663256
20.0,C4_VOLTGT_EW,2025-03-18,1471.2668951339788
20.0,C4_VOLTGT_EW,2025-03-19,1486.1982017311252
20.0,C4_VOLTGT_EW,2025-03-20,1484.27654331421
20.0,C4_VOLTGT_EW,2025-03-21,1487.0770972259343
20.0,C4_VOLTGT_EW,2025-03-24,1519.1997230927932
20.0,C4_VOLTGT_EW,2025-03-25,1517.95096772803
20.0,C4_VOLTGT_EW,2025-03-26,1495.3711648137382
20.0,C4_VOLTGT_EW,2025-03-27,1484.8334179188312
20.0,C4_VOLTGT_EW,2025-03-28,1463.1846814478897
20.0,C4_VOLTGT_EW,2025-03-31,1460.7336087770914
20.0,C4_VOLTGT_EW,2025-04-01,1468.9758679937877
20.0,C4_VOLTGT_EW,2025-04-02,1478.2052778946509
20.0,C4_VOLTGT_EW,2025-04-03,1438.6566323019706
20.0,C4_VOLTGT_EW,2025-04-04,1405.3739827113382
20.0,C4_VOLTGT_EW,2025-04-07,1405.9466088850209
20.0,C4_VOLTGT_EW,2025-04-08,1394.6699689670606
20.0,C4_VOLTGT_EW,2025-04-09,1469.9057182808056
20.0,C4_VOLTGT_EW,2025-04-10,1442.7767006076451
20.0,C4_VOLTGT_EW,2025-04-11,1458.304703087249
20.0,C4_VOLTGT_EW,2025-04-14,1462.6267552996496
20.0,C4_VOLTGT_EW,2025-04-15,1465.6627220304135
20.0,C4_VOLTGT_EW,2025-04-16,1453.3752889856041
20.0,C4_VOLTGT_EW,2025-04-17,1459.8229740641623
20.0,C4_VOLTGT_EW,2025-04-21,1443.7848059342364
20.0,C4_VOLTGT_EW,2025-04-22,1460.648071188244
20.0,C4_VOLTGT_EW,2025-04-23,1476.1632473398117
20.0,C4_VOLTGT_EW,2025-04-24,1497.0188004376553
20.0,C4_VOLTGT_EW,2025-04-25,1512.4784311242415
20.0,C4_VOLTGT_EW,2025-04-28,1514.394752499211
20.0,C4_VOLTGT_EW,2025-04-29,1516.3603339114902
20.0,C4_VOLTGT_EW,2025-04-30,1514.008673368041
20.0,C4_VOLTGT_EW,2025-05-01,1514.159479123101
20.0,C4_VOLTGT_EW,2025-05-02,1532.3222404590729
20.0,C4_VOLTGT_EW,2025-05-05,1527.6216750050303
20.0,C4_VOLTGT_EW,2025-05-06,1523.6110946866434
20.0,C4_VOLTGT_EW,2025-05-07,1525.971423249014
20.0,C4_VOLTGT_EW,2025-05-08,1532.4718090220586
20.0,C4_VOLTGT_EW,2025-05-09,1533.5556804442544
20.0,C4_VOLTGT_EW,2025-05-12,1547.8604070575905
20.0,C4_VOLTGT_EW,2025-05-13,1560.829488759603
20.0,C4_VOLTGT_EW,2025-05-14,1561.0481028661331
20.0,C4_VOLTGT_EW,2025-05-15,1558.512554788259
20.0,C4_VOLTGT_EW,2025-05-16,1562.5937966537829
20.0,C4_VOLTGT_EW,2025-05-19,1561.2086500444975
20.0,C4_VOLTGT_EW,2025-05-20,1562.3882303882426
20.0,C4_VOLTGT_EW,2025-05-21,1553.2487730545888
20.0,C4_VOLTGT_EW,2025-05-22,1555.3050716234125
20.0,C4_VOLTGT_EW,2025-05-23,1552.1003169785945
20.0,C4_VOLTGT_EW,2025-05-27,1562.0854672809737
20.0,C4_VOLTGT_EW,2025-05-28,1559.1139322221627
20.0,C4_VOLTGT_EW,2025-05-29,1558.9899380435509
20.0,C4_VOLTGT_EW,2025-05-30,1559.0659876089044
20.0,C4_VOLTGT_EW,2025-06-02,1568.094312277423
20.0,C4_VOLTGT_EW,2025-06-03,1576.3626518495848
20.0,C4_VOLTGT_EW,2025-06-04,1580.435009927885
20.0,C4_VOLTGT_EW,2025-06-05,1572.2949382541692
20.0,C4_VOLTGT_EW,2025-06-06,1577.6052148773072
20.0,C4_VOLTGT_EW,2025-06-09,1588.0980144877485
20.0,C4_VOLTGT_EW,2025-06-10,1593.053679594465
20.0,C4_VOLTGT_EW,2025-06-11,1594.9092324843768
20.0,C4_VOLTGT_EW,2025-06-12,1597.0610285132152
20.0,C4_VOLTGT_EW,2025-06-13,1600.4898586940199
20.0,C4_VOLTGT_EW,2025-06-16,1608.5680219757369
20.0,C4_VOLTGT_EW,2025-06-17,1602.83591647476
20.0,C4_VOLTGT_EW,2025-06-18,1609.092547816947
20.0,C4_VOLTGT_EW,2025-06-20,1609.3998946807685
20.0,C4_VOLTGT_EW,2025-06-23,1618.2614244018907
20.0,C4_VOLTGT_EW,2025-06-24,1626.3311942510136
20.0,C4_VOLTGT_EW,2025-06-25,1624.6264652475184
20.0,C4_VOLTGT_EW,2025-06-26,1628.4833747830446
20.0,C4_VOLTGT_EW,2025-06-27,1623.4314940229613
20.0,C4_VOLTGT_EW,2025-06-30,1624.9307530799229
20.0,C4_VOLTGT_EW,2025-07-01,1611.697484957644
20.0,C4_VOLTGT_EW,2025-07-02,1622.1268477133935
20.0,C4_VOLTGT_EW,2025-07-03,1625.5816812146932
20.0,C4_VOLTGT_EW,2025-07-07,1622.7778696731566
20.0,C4_VOLTGT_EW,2025-07-08,1622.3871876506341
20.0,C4_VOLTGT_EW,2025-07-09,1628.496304778238
20.0,C4_VOLTGT_EW,2025-07-10,1631.1550563616506
20.0,C4_VOLTGT_EW,2025-07-11,1636.887084713696
20.0,C4_VOLTGT_EW,2025-07-14,1643.6436975862375
20.0,C4_VOLTGT_EW,2025-07-15,1642.4672582343387
20.0,C4_VOLTGT_EW,2025-07-16,1647.908295014103
20.0,C4_VOLTGT_EW,2025-07-17,1652.0070898346994
20.0,C4_VOLTGT_EW,2025-07-18,1652.0030939021394
20.0,C4_VOLTGT_EW,2025-07-21,1650.6824698298778
20.0,C4_VOLTGT_EW,2025-07-22,1645.011600079087
20.0,C4_VOLTGT_EW,2025-07-23,1652.4917559206733
20.0,C4_VOLTGT_EW,2025-07-24,1652.2002434525662
20.0,C4_VOLTGT_EW,2025-07-25,1646.7525288719994
20.0,C4_VOLTGT_EW,2025-07-28,1651.808917509854
20.0,C4_VOLTGT_EW,2025-07-29,1647.5639853247621
20.0,C4_VOLTGT_EW,2025-07-30,1651.8734799961794
20.0,C4_VOLTGT_EW,2025-07-31,1650.0030655848896
20.0,C4_VOLTGT_EW,2025-08-01,1639.644661368564
20.0,C4_VOLTGT_EW,2025-08-04,1661.7856626781547
20.0,C4_VOLTGT_EW,2025-08-05,1658.0577066493515
20.0,C4_VOLTGT_EW,2025-08-06,1670.0590323553195
20.0,C4_VOLTGT_EW,2025-08-07,1661.530453628574
20.0,C4_VOLTGT_EW,2025-08-08,1661.3328029986867
20.0,C4_VOLTGT_EW,2025-08-11,1661.78020850316
20.0,C4_VOLTGT_EW,2025-08-12,1687.074003019314
20.0,C4_VOLTGT_EW,2025-08-13,1685.9832511947402
20.0,C4_VOLTGT_EW,2025-08-14,1673.6478539383475
20.0,C4_VOLTGT_EW,2025-08-15,1660.1703311219392
20.0,C4_VOLTGT_EW,2025-08-18,1658.8619086072197
20.0,C4_VOLTGT_EW,2025-08-19,1616.6508753205853
20.0,C4_VOLTGT_EW,2025-08-20,1619.2730758634573
20.0,C4_VOLTGT_EW,2025-08-21,1606.3911510579105
20.0,C4_VOLTGT_EW,2025-08-22,1638.194987539825
20.0,C4_VOLTGT_EW,2025-08-25,1634.32346242026
20.0,C4_VOLTGT_EW,2025-08-26,1653.1503924354188
20.0,C4_VOLTGT_EW,2025-08-27,1644.731783379748
20.0,C4_VOLTGT_EW,2025-08-28,1651.300166447234
20.0,C4_VOLTGT_EW,2025-08-29,1627.3571127275372
20.0,C4_VOLTGT_EW,2025-09-02,1629.7454083044045
20.0,C4_VOLTGT_EW,2025-09-03,1623.5002844690707
20.0,C4_VOLTGT_EW,2025-09-04,1624.2634181842561
20.0,C4_VOLTGT_EW,2025-09-05,1637.3957568186054
20.0,C4_VOLTGT_EW,2025-09-08,1642.6688715858068
20.0,C4_VOLTGT_EW,2025-09-09,1642.9446536137546
20.0,C4_VOLTGT_EW,2025-09-10,1672.835281402023
20.0,C4_VOLTGT_EW,2025-09-11,1676.583434866678
20.0,C4_VOLTGT_EW,2025-09-12,1698.5864725957074
20.0,C4_VOLTGT_EW,2025-09-15,1712.7018580067931
20.0,C4_VOLTGT_EW,2025-09-16,1719.7918998544185
20.0,C4_VOLTGT_EW,2025-09-17,1708.6934753346575
20.0,C4_VOLTGT_EW,2025-09-18,1726.3178234275338
20.0,C4_VOLTGT_EW,2025-09-19,1733.3954917774445
20.0,C4_VOLTGT_EW,2025-09-22,1746.4389013062441
20.0,C4_VOLTGT_EW,2025-09-23,1745.4715151039518
20.0,C4_VOLTGT_EW,2025-09-24,1746.0200010025715
20.0,C4_VOLTGT_EW,2025-09-25,1714.04990261153
20.0,C4_VOLTGT_EW,2025-09-26,1725.0515321150378
20.0,C4_VOLTGT_EW,2025-09-29,1731.474763270754
20.0,C4_VOLTGT_EW,2025-09-30,1742.230789309405
20.0,C4_VOLTGT_EW,2025-10-01,1782.2251880338981
20.0,C4_VOLTGT_EW,2025-10-02,1806.2141900295312
20.0,C4_VOLTGT_EW,2025-10-03,1801.7775691333986
20.0,C4_VOLTGT_EW,2025-10-06,1831.7172633878313
20.0,C4_VOLTGT_EW,2025-10-07,1815.0003638954038
20.0,C4_VOLTGT_EW,2025-10-08,1847.3704908042016
20.0,C4_VOLTGT_EW,2025-10-09,1852.7764406925073
20.0,C4_VOLTGT_EW,2025-10-10,1785.9779678301245
20.0,C4_VOLTGT_EW,2025-10-13,1839.5089404314572
20.0,C4_VOLTGT_EW,2025-10-14,1828.7320292604795
20.0,C4_VOLTGT_EW,2025-10-15,1844.6828683645142
20.0,C4_VOLTGT_EW,2025-10-16,1822.163702581116
20.0,C4_VOLTGT_EW,2025-10-17,1807.3604612728998
20.0,C4_VOLTGT_EW,2025-10-20,1823.273081464554
20.0,C4_VOLTGT_EW,2025-10-21,1796.3205904066024
20.0,C4_VOLTGT_EW,2025-10-22,1769.1698495653286
20.0,C4_VOLTGT_EW,2025-10-23,1792.0333482092133
20.0,C4_VOLTGT_EW,2025-10-24,1808.9362680340464
20.0,C4_VOLTGT_EW,2025-10-27,1838.4424567863603
20.0,C4_VOLTGT_EW,2025-10-28,1832.841886401609
20.0,C4_VOLTGT_EW,2025-10-29,1849.3282960634756
20.0,C4_VOLTGT_EW,2025-10-30,1805.7912681180826
20.0,C4_VOLTGT_EW,2025-10-31,1824.4499559743304
20.0,C4_VOLTGT_EW,2025-11-03,1817.0013405177922
20.0,C4_VOLTGT_EW,2025-11-04,1768.4254301539472
20.0,C4_VOLTGT_EW,2025-11-05,1780.6076133866509
20.0,C4_VOLTGT_EW,2025-11-06,1747.0229130821194
20.0,C4_VOLTGT_EW,2025-11-07,1752.9378498515944
20.0,C4_VOLTGT_EW,2025-11-10,1778.4674576592588
20.0,C4_VOLTGT_EW,2025-11-11,1764.888197924719
20.0,C4_VOLTGT_EW,2025-11-12,1752.7247981090622
20.0,C4_VOLTGT_EW,2025-11-13,1716.0165923924878
20.0,C4_VOLTGT_EW,2025-11-14,1716.6822528551938
20.0,C4_VOLTGT_EW,2025-11-17,1702.2890758170956
20.0,C4_VOLTGT_EW,2025-11-18,1701.4715457914467
20.0,C4_VOLTGT_EW,2025-11-19,1697.6692639396024
20.0,C4_VOLTGT_EW,2025-11-20,1668.4238677322978
20.0,C4_VOLTGT_EW,2025-11-21,1660.3684542681754
20.0,C4_VOLTGT_EW,2025-11-24,1700.7606687504694
20.0,C4_VOLTGT_EW,2025-11-25,1705.468835456058
20.0,C4_VOLTGT_EW,2025-11-26,1722.841303026079
20.0,C4_VOLTGT_EW,2025-11-28,1733.0511414938478
20.0,C4_VOLTGT_EW,2025-12-01,1713.3658186095581
20.0,C4_VOLTGT_EW,2025-12-02,1728.1600370055999
20.0,C4_VOLTGT_EW,2025-12-03,1744.4992960269465
20.0,C4_VOLTGT_EW,2025-12-04,1764.3132415347704
20.0,C4_VOLTGT_EW,2025-12-05,1763.272475687013
20.0,C4_VOLTGT_EW,2025-12-08,1764.7537956530855
20.0,C4_VOLTGT_EW,2025-12-09,1766.6762635487817
20.0,C4_VOLTGT_EW,2025-12-10,1778.3732824411427
20.0,C4_VOLTGT_EW,2025-12-11,1787.893282774166
20.0,C4_VOLTGT_EW,2025-12-12,1759.1465285642776
20.0,C4_VOLTGT_EW,2025-12-15,1739.756060680766
20.0,C4_VOLTGT_EW,2025-12-16,1747.7942960335831
20.0,C4_VOLTGT_EW,2025-12-17,1713.640613507253
20.0,C4_VOLTGT_EW,2025-12-18,1730.1433527297927
20.0,C4_VOLTGT_EW,2025-12-19,1757.0717158306584
20.0,C4_VOLTGT_EW,2025-12-22,1778.7193352893692
20.0,C4_VOLTGT_EW,2025-12-23,1778.8934741429407
20.0,C4_VOLTGT_EW,2025-12-24,1771.0695253891126
20.0,C4_VOLTGT_EW,2025-12-26,1758.8272053851942
20.0,C4_VOLTGT_EW,2025-12-29,1749.1648870865201
20.0,C4_VOLTGT_EW,2025-12-30,1752.4146529742466
20.0,C4_VOLTGT_EW,2025-12-31,1740.2650005646228
20.0,C4_VOLTGT_EW,2026-01-02,1759.6586976764816
20.0,C4_VOLTGT_EW,2026-01-05,1778.9542890360665
20.0,C4_VOLTGT_EW,2026-01-06,1787.5884954308965
20.0,C4_VOLTGT_EW,2026-01-07,1768.9137145764407
20.0,C4_VOLTGT_EW,2026-01-08,1771.448364766856
20.0,C4_VOLTGT_EW,2026-01-09,1789.3492075588474
20.0,C4_VOLTGT_EW,2026-01-12,1803.400002836198
20.0,C4_VOLTGT_EW,2026-01-13,1807.952942910787
20.0,C4_VOLTGT_EW,2026-01-14,1807.8706082152273
20.0,C4_VOLTGT_EW,2026-01-15,1810.9631555134986
20.0,C4_VOLTGT_EW,2026-01-16,1820.3366369644257
20.0,C4_VOLTGT_EW,2026-01-20,1791.2271850035263
20.0,C4_VOLTGT_EW,2026-01-21,1799.2862750415388
20.0,C4_VOLTGT_EW,2026-01-22,1815.5625534922137
20.0,C4_VOLTGT_EW,2026-01-23,1818.2467494732953
20.0,C4_VOLTGT_EW,2026-01-26,1807.2493403850904
20.0,C4_VOLTGT_EW,2026-01-27,1824.1901604467648
20.0,C4_VOLTGT_EW,2026-01-28,1833.6846613187413
20.0,C4_VOLTGT_EW,2026-01-29,1832.2642172302765
20.0,C4_VOLTGT_EW,2026-01-30,1812.5504708776891
20.0,C4_VOLTGT_EW,2026-02-02,1791.5321835079724
20.0,C4_VOLTGT_EW,2026-02-03,1792.7985497812106
20.0,C4_VOLTGT_EW,2026-02-04,1755.1683153759782
20.0,C4_VOLTGT_EW,2026-02-05,1710.6902543573074
20.0,C4_VOLTGT_EW,2026-02-06,1770.2574627244394
20.0,C4_VOLTGT_EW,2026-02-09,1789.4100002834703
20.0,C4_VOLTGT_EW,2026-02-10,1777.0008378781822
20.0,C4_VOLTGT_EW,2026-02-11,1777.3412637456186
20.0,C4_VOLTGT_EW,2026-02-12,1751.3742615565575
20.0,C4_VOLTGT_EW,2026-02-13,1766.4057856009686
20.0,C4_VOLTGT_EW,2026-02-17,1758.9999023911564
20.0,C4_VOLTGT_EW,2026-02-18,1761.6637934559785
20.0,C4_VOLTGT_EW,2026-02-19,1769.4044195402525
20.0,C4_VOLTGT_EW,2026-02-20,1767.3340601666628
20.0,C4_VOLTGT_EW,2026-02-23,1761.488746946843
20.0,C4_VOLTGT_EW,2026-02-24,1765.574061008766
20.0,C4_VOLTGT_EW,2026-02-25,1780.704040781699
20.0,C4_VOLTGT_EW,2026-02-26,1769.4384507817108
20.0,C4_VOLTGT_EW,2026-02-27,1762.7481860136836
20.0,C4_VOLTGT_EW,2026-03-02,1783.7547106815746
20.0,C4_VOLTGT_EW,2026-03-03,1774.2698813246834
20.0,C4_VOLTGT_EW,2026-03-04,1807.4835631308943
20.0,C4_VOLTGT_EW,2026-03-05,1794.7633063938445
20.0,C4_VOLTGT_EW,2026-03-06,1786.310952113057
20.0,C4_VOLTGT_EW,2026-03-09,1798.3465760902618
20.0,C4_VOLTGT_EW,2026-03-10,1797.1280701289809
20.0,C4_VOLTGT_EW,2026-03-11,1798.4556240068296
20.0,C4_VOLTGT_EW,2026-03-12,1793.9697975491129
20.0,C4_VOLTGT_EW,2026-03-13,1787.1009406095136
20.0,C4_VOLTGT_EW,2026-03-16,1800.4756005436725
20.0,C4_VOLTGT_EW,2026-03-17,1806.5326475661034
20.0,C4_VOLTGT_EW,2026-03-18,1788.6802872008398
20.0,C4_VOLTGT_EW,2026-03-19,1781.1358414013935
20.0,C4_VOLTGT_EW,2026-03-20,1753.004629084665
20.0,C4_VOLTGT_EW,2026-03-23,1760.515068126399
20.0,C4_VOLTGT_EW,2026-03-24,1755.6846381751739
20.0,C4_VOLTGT_EW,2026-03-25,1771.940256633121
20.0,C4_VOLTGT_EW,2026-03-26,1739.3422972317912
20.0,C4_VOLTGT_EW,2026-03-27,1721.0008834177765
20.0,C4_VOLTGT_EW,2026-03-30,1707.4190999370724
20.0,C4_VOLTGT_EW,2026-03-31,1745.5069467889575
20.0,C4_VOLTGT_EW,2026-04-01,1756.2765572415228
20.0,C4_VOLTGT_EW,2026-04-02,1764.9833739773262
20.0,C4_VOLTGT_EW,2026-04-06,1774.5710015100685
20.0,C4_VOLTGT_EW,2026-04-07,1773.2539904245891
20.0,C4_VOLTGT_EW,2026-04-08,1790.6619835529646
20.0,C4_VOLTGT_EW,2026-04-09,1789.8741221526302
20.0,C4_VOLTGT_EW,2026-04-10,1796.14642755154
20.0,C4_VOLTGT_EW,2026-04-13,1809.5260248822078
20.0,C4_VOLTGT_EW,2026-04-14,1817.695356815852
20.0,C4_VOLTGT_EW,2026-04-15,1830.6695432631655
20.0,C4_VOLTGT_EW,2026-04-16,1840.3418729367413
20.0,C4_VOLTGT_EW,2026-04-17,1854.5961390292082
20.0,C4_VOLTGT_EW,2026-04-20,1846.3229130266322
20.0,C4_VOLTGT_EW,2026-04-21,1837.578353872499
20.0,C4_VOLTGT_EW,2026-04-22,1866.008902612528
20.0,C4_VOLTGT_EW,2026-04-23,1848.2011817523176
20.0,C4_VOLTGT_EW,2026-04-24,1854.8089117715967
20.0,C4_VOLTGT_EW,2026-04-27,1854.7375823778043
20.0,C4_VOLTGT_EW,2026-04-28,1836.5701134453502
20.0,C4_VOLTGT_EW,2026-04-29,1829.9282816274545
20.0,C4_VOLTGT_EW,2026-04-30,1845.780521870112
20.0,C4_VOLTGT_EW,2026-05-01,1854.4679804815291
20.0,C4_VOLTGT_EW,2026-05-04,1859.8286099349757
20.0,C4_VOLTGT_EW,2026-05-05,1856.0680142010274
20.0,C4_VOLTGT_EW,2026-05-06,1869.5525730870327
20.0,C4_VOLTGT_EW,2026-05-07,1859.3501286876672
20.0,C4_VOLTGT_EW,2026-05-08,1878.4746881167644
20.0,C4_VOLTGT_EW,2026-05-11,1899.5748736937312
20.0,C4_VOLTGT_EW,2026-05-12,1883.2144529230545
20.0,C4_VOLTGT_EW,2026-05-13,1885.1167714803964
20.0,C4_VOLTGT_EW,2026-05-14,1906.672735410104
20.0,C4_VOLTGT_EW,2026-05-15,1886.216347631917
20.0,C4_VOLTGT_EW,2026-05-18,1878.2353898737165
20.0,C4_VOLTGT_EW,2026-05-19,1876.5064602384687
20.0,C4_VOLTGT_EW,2026-05-20,1887.624791022186
20.0,C4_VOLTGT_EW,2026-05-21,1891.0429981067095
20.0,C4_VOLTGT_EW,2026-05-22,1903.198178406623
20.0,C4_VOLTGT_EW,2026-05-26,1925.8161449048903
20.0,C4_VOLTGT_EW,2026-05-27,1927.8006983347955
20.0,C4_VOLTGT_EW,2026-05-28,1941.692947987021
20.0,C4_VOLTGT_EW,2026-05-29,1928.533968665397
20.0,C4_VOLTGT_EW,2026-06-01,1914.205288372012
20.0,C4_VOLTGT_EW,2026-06-02,1917.8508875188315
20.0,C4_VOLTGT_EW,2026-06-03,1900.3320466904001
20.0,C4_VOLTGT_EW,2026-06-04,1890.9985017756323
20.0,C4_VOLTGT_EW,2026-06-05,1825.7992595917906
20.0,C4_VOLTGT_EW,2026-06-08,1847.0327216984756
20.0,C4_VOLTGT_EW,2026-06-09,1824.4694404648792
20.0,C4_VOLTGT_EW,2026-06-10,1798.8161989063324
20.0,C4_VOLTGT_EW,2026-06-11,1838.8886663131616
20.0,C4_VOLTGT_EW,2026-06-12,1825.455838844511
20.0,C4_VOLTGT_EW,2026-06-15,1858.8553449809262
20.0,C4_VOLTGT_EW,2026-06-16,1834.8389842713493
20.0,C4_VOLTGT_EW,2026-06-17,1819.7195836952112
20.0,C4_VOLTGT_EW,2026-06-18,1823.549338230443
20.0,C4_VOLTGT_EW,2026-06-22,1807.2401030919355
20.0,C4_VOLTGT_EW,2026-06-23,1777.0449374066861
20.0,C4_VOLTGT_EW,2026-06-24,1752.7579403803713
20.0,C4_VOLTGT_EW,2026-06-25,1747.5093328965572
20.0,C4_VOLTGT_EW,2026-06-26,1749.0054710032548
20.0,C4_VOLTGT_EW,2026-06-29,1785.3370280350262
20.0,C4_VOLTGT_EW,2026-06-30,1787.0942887495705
20.0,C4_VOLTGT_EW,2026-07-01,1787.1400559700994
20.0,C4_VOLTGT_EW,2026-07-02,1786.8237544513217
20.0,C4_VOLTGT_EW,2026-07-06,1800.0755453712545
20.0,C4_VOLTGT_EW,2026-07-07,1791.6761053689388
20.0,C4_VOLTGT_EW,2026-07-08,1791.2220882361826
20.0,C4_VOLTGT_EW,2026-07-09,1798.6214707127779
20.0,C4_VOLTGT_EW,2026-07-10,1806.0627090751482
20.0,C4_VOLTGT_EW,2026-07-13,1789.1827083569492
20.0,C4_VOLTGT_EW,2026-07-14,1805.4152546738856
20.0,C4_VOLTGT_EW,2026-07-15,1806.4882085640124
20.0,C4_VOLTGT_EW,2026-07-16,1778.3226232937436
20.0,C4_VOLTGT_EW,2026-07-17,1776.4712219006851
20.0,C4_VOLTGT_EW,2026-07-20,1779.6201971277565
20.0,C4_VOLTGT_EW,2026-07-21,1801.9206188527442
20.0,C4_VOLTGT_EW,2026-07-22,1799.628475693737
20.0,C4_VOLTGT_EW,2026-07-23,1788.4138377070494
20.0,C4_VOLTGT_EW,2026-07-24,1774.0332465494903
20.0,C4_VOLTGT_EW,2026-07-27,1771.1541287432601
20.0,C4_VOLTGT_EW,2026-07-28,1753.0088559285064
20.0,C4_VOLTGT_EW,2026-07-29,1738.694984481308
20.0,C4_VOLTGT_EW,2026-07-30,1754.9996101309443
20.0,C4_VOLTGT_EW,2026-07-31,1756.66070238081
20.0,C4_VOLTGT_EW,2026-08-03,1771.9192505137908
20.0,C4_VOLTGT_EW,2026-08-04,1802.997738539716
20.0,C4_VOLTGT_EW,2026-08-05,1802.9793662665325
20.0,C4_VOLTGT_EW,2026-08-06,1803.368616360719
20.0,C4_VOLTGT_EW,2026-08-07,1826.3938147056274
20.0,C4_VOLTGT_EW,2026-08-10,1828.2696985835746
20.0,C4_VOLTGT_EW,2026-08-11,1830.038078921808
20.0,C4_VOLTGT_EW,2026-08-12,1834.785753940529
20.0,C4_VOLTGT_EW,2026-08-13,1839.4442274713233
20.0,C4_VOLTGT_EW,2026-08-14,1830.2924842609168
20.0,C4_VOLTGT_EW,2026-08-17,1832.1679136551606
20.0,C4_VOLTGT_EW,2026-08-18,1813.6361008258195
20.0,C4_VOLTGT_EW,2026-08-19,1830.2386634340323
20.0,C4_VOLTGT_EW,2026-08-20,1826.9391199938764
20.0,C4_VOLTGT_EW,2026-08-21,1847.0796871585444
20.0,C4_VOLTGT_EW,2026-08-24,1835.5501746350901
20.0,C4_VOLTGT_EW,2026-08-25,1836.8387973705844
20.0,C4_VOLTGT_EW,2026-08-26,1830.1755822758837
20.0,C4_VOLTGT_EW,2026-08-27,1859.0253772868664
20.0,C4_VOLTGT_EW,2026-08-28,1835.1402195828937
20.0,C5_TREND_XMOM,2024-11-22,1500.0
20.0,C5_TREND_XMOM,2024-11-25,1417.1865905350298
20.0,C5_TREND_XMOM,2024-11-26,1393.36244598466
20.0,C5_TREND_XMOM,2024-11-27,1398.2907841553067
20.0,C5_TREND_XMOM,2024-11-29,1428.0866881156114
20.0,C5_TREND_XMOM,2024-12-02,1412.539277738523
20.0,C5_TREND_XMOM,2024-12-03,1419.1712634473952
20.0,C5_TREND_XMOM,2024-12-04,1454.1359336012558
20.0,C5_TREND_XMOM,2024-12-05,1454.594622687586
20.0,C5_TREND_XMOM,2024-12-06,1528.0817014589127
20.0,C5_TREND_XMOM,2024-12-09,1476.520032176508
20.0,C5_TREND_XMOM,2024-12-10,1456.0946530376336
20.0,C5_TREND_XMOM,2024-12-11,1506.3001094868582
20.0,C5_TREND_XMOM,2024-12-12,1484.8122475335808
20.0,C5_TREND_XMOM,2024-12-13,1525.426370443325
20.0,C5_TREND_XMOM,2024-12-16,1556.0006450316555
20.0,C5_TREND_XMOM,2024-12-17,1542.621698546709
20.0,C5_TREND_XMOM,2024-12-18,1441.185160844736
20.0,C5_TREND_XMOM,2024-12-19,1435.176769632642
20.0,C5_TREND_XMOM,2024-12-20,1482.6030583534525
20.0,C5_TREND_XMOM,2024-12-23,1472.406310883875
20.0,C5_TREND_XMOM,2024-12-24,1532.1302913869197
20.0,C5_TREND_XMOM,2024-12-26,1527.2789688048913
20.0,C5_TREND_XMOM,2024-12-27,1458.7620246340764
20.0,C5_TREND_XMOM,2024-12-30,1406.0916538038412
20.0,C5_TREND_XMOM,2024-12-31,1365.9712635325884
20.0,C5_TREND_XMOM,2025-01-02,1380.2568321276638
20.0,C5_TREND_XMOM,2025-01-03,1509.2450358234219
20.0,C5_TREND_XMOM,2025-01-06,1536.3478105162676
20.0,C5_TREND_XMOM,2025-01-07,1451.8687823269365
20.0,C5_TREND_XMOM,2025-01-08,1425.9103665831149
20.0,C5_TREND_XMOM,2025-01-10,1427.5835999754947
20.0,C5_TREND_XMOM,2025-01-13,1400.8537498618498
20.0,C5_TREND_XMOM,2025-01-14,1419.4404617679015
20.0,C5_TREND_XMOM,2025-01-15,1479.150315406528
20.0,C5_TREND_XMOM,2025-01-16,1480.3505822097954
20.0,C5_TREND_XMOM,2025-01-17,1517.6221092605535
20.0,C5_TREND_XMOM,2025-01-21,1569.8264456122033
20.0,C5_TREND_XMOM,2025-01-22,1561.3721781434183
20.0,C5_TREND_XMOM,2025-01-23,1537.8472554202888
20.0,C5_TREND_XMOM,2025-01-24,1521.3683966831036
20.0,C5_TREND_XMOM,2025-01-27,1383.209828758632
20.0,C5_TREND_XMOM,2025-01-28,1425.8573544909273
20.0,C5_TREND_XMOM,2025-01-29,1401.4110195389035
20.0,C5_TREND_XMOM,2025-01-30,1458.30467486094
20.0,C5_TREND_XMOM,2025-01-31,1472.4270052783188
20.0,C5_TREND_XMOM,2025-02-03,1489.7851280146706
20.0,C5_TREND_XMOM,2025-02-04,1573.8077064897705
20.0,C5_TREND_XMOM,2025-02-05,1545.9231564399986
20.0,C5_TREND_XMOM,2025-02-06,1558.2414551674897
20.0,C5_TREND_XMOM,2025-02-07,1539.4091619765984
20.0,C5_TREND_XMOM,2025-02-10,1562.353946049675
20.0,C5_TREND_XMOM,2025-02-11,1509.7172337166928
20.0,C5_TREND_XMOM,2025-02-12,1541.3778645366028
20.0,C5_TREND_XMOM,2025-02-13,1552.9571164534982
20.0,C5_TREND_XMOM,2025-02-14,1575.3450553491864
20.0,C5_TREND_XMOM,2025-02-18,1580.0146781098777
20.0,C5_TREND_XMOM,2025-02-19,1539.6176373709932
20.0,C5_TREND_XMOM,2025-02-20,1518.0900181682623
20.0,C5_TREND_XMOM,2025-02-21,1432.2381390616843
20.0,C5_TREND_XMOM,2025-02-24,1361.4638619765865
20.0,C5_TREND_XMOM,2025-02-25,1273.1870349660853
20.0,C5_TREND_XMOM,2025-02-26,1287.1063647898181
20.0,C5_TREND_XMOM,2025-02-27,1207.911121849239
20.0,C5_TREND_XMOM,2025-02-28,1241.193391153558
20.0,C5_TREND_XMOM,2025-03-03,1213.28934563248
20.0,C5_TREND_XMOM,2025-03-04,1236.8386831207665
20.0,C5_TREND_XMOM,2025-03-05,1302.2709700346743
20.0,C5_TREND_XMOM,2025-03-06,1228.4973596490915
20.0,C5_TREND_XMOM,2025-03-07,1218.1325613303445
20.0,C5_TREND_XMOM,2025-03-10,1077.9647225628678
20.0,C5_TREND_XMOM,2025-03-11,1133.6576201100113
20.0,C5_TREND_XMOM,2025-03-12,1175.9724615283087
20.0,C5_TREND_XMOM,2025-03-13,1175.9724615283087
20.0,C5_TREND_XMOM,2025-03-14,1175.9724615283087
20.0,C5_TREND_XMOM,2025-03-17,1175.9724615283087
20.0,C5_TREND_XMOM,2025-03-18,1175.9724615283087
20.0,C5_TREND_XMOM,2025-03-19,1175.9724615283087
20.0,C5_TREND_XMOM,2025-03-20,1175.9724615283087
20.0,C5_TREND_XMOM,2025-03-21,1175.9724615283087
20.0,C5_TREND_XMOM,2025-03-24,1175.9724615283087
20.0,C5_TREND_XMOM,2025-03-25,1175.9724615283087
20.0,C5_TREND_XMOM,2025-03-26,1137.2831565004158
20.0,C5_TREND_XMOM,2025-03-27,1121.8596224837024
20.0,C5_TREND_XMOM,2025-03-28,1108.786964348415
20.0,C5_TREND_XMOM,2025-03-31,1108.786964348415
20.0,C5_TREND_XMOM,2025-04-01,1108.786964348415
20.0,C5_TREND_XMOM,2025-04-02,1108.786964348415
20.0,C5_TREND_XMOM,2025-04-03,1108.786964348415
20.0,C5_TREND_XMOM,2025-04-04,1108.786964348415
20.0,C5_TREND_XMOM,2025-04-07,1108.786964348415
20.0,C5_TREND_XMOM,2025-04-08,1108.786964348415
20.0,C5_TREND_XMOM,2025-04-09,1108.786964348415
20.0,C5_TREND_XMOM,2025-04-10,1108.786964348415
20.0,C5_TREND_XMOM,2025-04-11,1108.786964348415
20.0,C5_TREND_XMOM,2025-04-14,1108.786964348415
20.0,C5_TREND_XMOM,2025-04-15,1108.786964348415
20.0,C5_TREND_XMOM,2025-04-16,1108.786964348415
20.0,C5_TREND_XMOM,2025-04-17,1108.786964348415
20.0,C5_TREND_XMOM,2025-04-21,1108.786964348415
20.0,C5_TREND_XMOM,2025-04-22,1108.786964348415
20.0,C5_TREND_XMOM,2025-04-23,1108.786964348415
20.0,C5_TREND_XMOM,2025-04-24,1108.786964348415
20.0,C5_TREND_XMOM,2025-04-25,1108.786964348415
20.0,C5_TREND_XMOM,2025-04-28,1108.786964348415
20.0,C5_TREND_XMOM,2025-04-29,1108.786964348415
20.0,C5_TREND_XMOM,2025-04-30,1108.786964348415
20.0,C5_TREND_XMOM,2025-05-01,1108.786964348415
20.0,C5_TREND_XMOM,2025-05-02,1108.786964348415
20.0,C5_TREND_XMOM,2025-05-05,1108.786964348415
20.0,C5_TREND_XMOM,2025-05-06,1108.786964348415
20.0,C5_TREND_XMOM,2025-05-07,1108.786964348415
20.0,C5_TREND_XMOM,2025-05-08,1108.786964348415
20.0,C5_TREND_XMOM,2025-05-09,1108.786964348415
20.0,C5_TREND_XMOM,2025-05-12,1108.786964348415
20.0,C5_TREND_XMOM,2025-05-13,1108.786964348415
20.0,C5_TREND_XMOM,2025-05-14,1106.3407802984132
20.0,C5_TREND_XMOM,2025-05-15,1094.0779155195482
20.0,C5_TREND_XMOM,2025-05-16,1101.6248185276575
20.0,C5_TREND_XMOM,2025-05-19,1108.8598710605513
20.0,C5_TREND_XMOM,2025-05-20,1116.3166871017895
20.0,C5_TREND_XMOM,2025-05-21,1101.7726964572314
20.0,C5_TREND_XMOM,2025-05-22,1105.6108474326047
20.0,C5_TREND_XMOM,2025-05-23,1091.4762397417444
20.0,C5_TREND_XMOM,2025-05-27,1094.5754254154047
20.0,C5_TREND_XMOM,2025-05-28,1083.0639866622453
20.0,C5_TREND_XMOM,2025-05-29,1081.8463992382592
20.0,C5_TREND_XMOM,2025-05-30,1097.8213145133113
20.0,C5_TREND_XMOM,2025-06-02,1107.7335129861876
20.0,C5_TREND_XMOM,2025-06-03,1117.1740373796733
20.0,C5_TREND_XMOM,2025-06-04,1122.66616058229
20.0,C5_TREND_XMOM,2025-06-05,1099.4264496991786
20.0,C5_TREND_XMOM,2025-06-06,1101.1780144041338
20.0,C5_TREND_XMOM,2025-06-09,1105.8559195825533
20.0,C5_TREND_XMOM,2025-06-10,1109.9576116081469
20.0,C5_TREND_XMOM,2025-06-11,1118.3664802869853
20.0,C5_TREND_XMOM,2025-06-12,1119.4979404195174
20.0,C5_TREND_XMOM,2025-06-13,1115.2297966601063
20.0,C5_TREND_XMOM,2025-06-16,1127.9358492811436
20.0,C5_TREND_XMOM,2025-06-17,1118.547227500002
20.0,C5_TREND_XMOM,2025-06-18,1123.355118109471
20.0,C5_TREND_XMOM,2025-06-20,1116.0617474446024
20.0,C5_TREND_XMOM,2025-06-23,1133.7656489861763
20.0,C5_TREND_XMOM,2025-06-24,1149.5210638533422
20.0,C5_TREND_XMOM,2025-06-25,1147.602408914992
20.0,C5_TREND_XMOM,2025-06-26,1157.5368763444876
20.0,C5_TREND_XMOM,2025-06-27,1135.5222952972067
20.0,C5_TREND_XMOM,2025-06-30,1155.676158872152
20.0,C5_TREND_XMOM,2025-07-01,1133.250146679276
20.0,C5_TREND_XMOM,2025-07-02,1137.8555002942653
20.0,C5_TREND_XMOM,2025-07-03,1147.6721740384637
20.0,C5_TREND_XMOM,2025-07-07,1158.1085405813765
20.0,C5_TREND_XMOM,2025-07-08,1152.038214591367
20.0,C5_TREND_XMOM,2025-07-09,1156.291717461603
20.0,C5_TREND_XMOM,2025-07-10,1159.8098608305736
20.0,C5_TREND_XMOM,2025-07-11,1167.2450585648578
20.0,C5_TREND_XMOM,2025-07-14,1188.8706984376963
20.0,C5_TREND_XMOM,2025-07-15,1195.731784178474
20.0,C5_TREND_XMOM,2025-07-16,1197.1936350269877
20.0,C5_TREND_XMOM,2025-07-17,1223.0521371162047
20.0,C5_TREND_XMOM,2025-07-18,1239.8743884265573
20.0,C5_TREND_XMOM,2025-07-21,1230.7133809208005
20.0,C5_TREND_XMOM,2025-07-22,1228.7908499842968
20.0,C5_TREND_XMOM,2025-07-23,1260.920296944211
20.0,C5_TREND_XMOM,2025-07-24,1261.2562350833323
20.0,C5_TREND_XMOM,2025-07-25,1231.643871329496
20.0,C5_TREND_XMOM,2025-07-28,1234.0956169949834
20.0,C5_TREND_XMOM,2025-07-29,1223.2547678627618
20.0,C5_TREND_XMOM,2025-07-30,1239.0240014767253
20.0,C5_TREND_XMOM,2025-07-31,1260.9963777890011
20.0,C5_TREND_XMOM,2025-08-01,1246.9297993941914
20.0,C5_TREND_XMOM,2025-08-04,1273.4966062117849
20.0,C5_TREND_XMOM,2025-08-05,1287.3515248668223
20.0,C5_TREND_XMOM,2025-08-06,1292.1904826021648
20.0,C5_TREND_XMOM,2025-08-07,1285.8000488122207
20.0,C5_TREND_XMOM,2025-08-08,1287.7113005871245
20.0,C5_TREND_XMOM,2025-08-11,1273.2047620736614
20.0,C5_TREND_XMOM,2025-08-12,1319.3062092329214
20.0,C5_TREND_XMOM,2025-08-13,1306.0611004745
20.0,C5_TREND_XMOM,2025-08-14,1292.1405506397343
20.0,C5_TREND_XMOM,2025-08-15,1271.5761621809486
20.0,C5_TREND_XMOM,2025-08-18,1270.677943970994
20.0,C5_TREND_XMOM,2025-08-19,1204.317979424007
20.0,C5_TREND_XMOM,2025-08-20,1197.92362095963
20.0,C5_TREND_XMOM,2025-08-21,1192.6231665107043
20.0,C5_TREND_XMOM,2025-08-22,1215.197692267362
20.0,C5_TREND_XMOM,2025-08-25,1229.4524162213265
20.0,C5_TREND_XMOM,2025-08-26,1249.4092233551314
20.0,C5_TREND_XMOM,2025-08-27,1233.2370904602158
20.0,C5_TREND_XMOM,2025-08-28,1246.5378332198034
20.0,C5_TREND_XMOM,2025-08-29,1216.9865377500983
20.0,C5_TREND_XMOM,2025-09-02,1208.639968126188
20.0,C5_TREND_XMOM,2025-09-03,1193.9805007105144
20.0,C5_TREND_XMOM,2025-09-04,1185.8075303266908
20.0,C5_TREND_XMOM,2025-09-05,1198.1689617811933
20.0,C5_TREND_XMOM,2025-09-08,1205.1446277504517
20.0,C5_TREND_XMOM,2025-09-09,1199.454303771831
20.0,C5_TREND_XMOM,2025-09-10,1265.479850253856
20.0,C5_TREND_XMOM,2025-09-11,1250.7795257516173
20.0,C5_TREND_XMOM,2025-09-12,1271.8944133931209
20.0,C5_TREND_XMOM,2025-09-15,1290.9912368211137
20.0,C5_TREND_XMOM,2025-09-16,1274.1393112975707
20.0,C5_TREND_XMOM,2025-09-17,1255.824279708018
20.0,C5_TREND_XMOM,2025-09-18,1280.5731484302003
20.0,C5_TREND_XMOM,2025-09-19,1309.0893686468025
20.0,C5_TREND_XMOM,2025-09-22,1337.033619025867
20.0,C5_TREND_XMOM,2025-09-23,1346.3259342552874
20.0,C5_TREND_XMOM,2025-09-24,1335.6091278168083
20.0,C5_TREND_XMOM,2025-09-25,1307.4758676007195
20.0,C5_TREND_XMOM,2025-09-26,1310.3779262681605
20.0,C5_TREND_XMOM,2025-09-29,1298.8420280783162
20.0,C5_TREND_XMOM,2025-09-30,1311.208060552993
20.0,C5_TREND_XMOM,2025-10-01,1365.100111398812
20.0,C5_TREND_XMOM,2025-10-02,1400.4259631249122
20.0,C5_TREND_XMOM,2025-10-03,1381.8182025535168
20.0,C5_TREND_XMOM,2025-10-06,1424.415174522359
20.0,C5_TREND_XMOM,2025-10-07,1425.2265575620681
20.0,C5_TREND_XMOM,2025-10-08,1474.5712678260675
20.0,C5_TREND_XMOM,2025-10-09,1506.8556122191817
20.0,C5_TREND_XMOM,2025-10-10,1426.0273854578534
20.0,C5_TREND_XMOM,2025-10-13,1515.5162990977467
20.0,C5_TREND_XMOM,2025-10-14,1512.1330938224817
20.0,C5_TREND_XMOM,2025-10-15,1526.5905618426464
20.0,C5_TREND_XMOM,2025-10-16,1496.2762214855675
20.0,C5_TREND_XMOM,2025-10-17,1472.181087257303
20.0,C5_TREND_XMOM,2025-10-20,1477.959428628671
20.0,C5_TREND_XMOM,2025-10-21,1447.5480003204723
20.0,C5_TREND_XMOM,2025-10-22,1398.686311645443
20.0,C5_TREND_XMOM,2025-10-23,1419.7754350797172
20.0,C5_TREND_XMOM,2025-10-24,1440.2634206946657
20.0,C5_TREND_XMOM,2025-10-27,1499.512142549354
20.0,C5_TREND_XMOM,2025-10-28,1519.7208421465316
20.0,C5_TREND_XMOM,2025-10-29,1564.1797881532082
20.0,C5_TREND_XMOM,2025-10-30,1515.3502991680707
20.0,C5_TREND_XMOM,2025-10-31,1544.8455904201294
20.0,C5_TREND_XMOM,2025-11-03,1519.294490219994
20.0,C5_TREND_XMOM,2025-11-04,1454.5873104949153
20.0,C5_TREND_XMOM,2025-11-05,1461.3846746454635
20.0,C5_TREND_XMOM,2025-11-06,1399.0153741478202
20.0,C5_TREND_XMOM,2025-11-07,1412.3037891807458
20.0,C5_TREND_XMOM,2025-11-10,1464.5059249447108
20.0,C5_TREND_XMOM,2025-11-11,1436.5722859758312
20.0,C5_TREND_XMOM,2025-11-12,1419.5497454296074
20.0,C5_TREND_XMOM,2025-11-13,1355.618390815969
20.0,C5_TREND_XMOM,2025-11-14,1364.248681739431
20.0,C5_TREND_XMOM,2025-11-17,1329.5211179491687
20.0,C5_TREND_XMOM,2025-11-18,1314.8267527847445
20.0,C5_TREND_XMOM,2025-11-19,1334.3130153967277
20.0,C5_TREND_XMOM,2025-11-20,1260.2169157275869
20.0,C5_TREND_XMOM,2025-11-21,1256.4658288209873
20.0,C5_TREND_XMOM,2025-11-24,1331.0482045609865
20.0,C5_TREND_XMOM,2025-11-25,1335.0375845877754
20.0,C5_TREND_XMOM,2025-11-26,1359.8142828469329
20.0,C5_TREND_XMOM,2025-11-28,1371.7392974377217
20.0,C5_TREND_XMOM,2025-12-01,1345.402870132298
20.0,C5_TREND_XMOM,2025-12-02,1371.9118522108038
20.0,C5_TREND_XMOM,2025-12-03,1394.3185791753262
20.0,C5_TREND_XMOM,2025-12-04,1449.7925883708356
20.0,C5_TREND_XMOM,2025-12-05,1463.0068458221597
20.0,C5_TREND_XMOM,2025-12-08,1475.4569746672314
20.0,C5_TREND_XMOM,2025-12-09,1467.810552666102
20.0,C5_TREND_XMOM,2025-12-10,1509.092169491419
20.0,C5_TREND_XMOM,2025-12-11,1531.7310253846722
20.0,C5_TREND_XMOM,2025-12-12,1440.4257848224538
20.0,C5_TREND_XMOM,2025-12-15,1390.504115910811
20.0,C5_TREND_XMOM,2025-12-16,1393.2586715456787
20.0,C5_TREND_XMOM,2025-12-17,1326.0656854445983
20.0,C5_TREND_XMOM,2025-12-18,1364.3739430239561
20.0,C5_TREND_XMOM,2025-12-19,1443.3002168683274
20.0,C5_TREND_XMOM,2025-12-22,1507.7995688058515
20.0,C5_TREND_XMOM,2025-12-23,1517.1933044501397
20.0,C5_TREND_XMOM,2025-12-24,1480.4872084308065
20.0,C5_TREND_XMOM,2025-12-26,1453.6731503145716
20.0,C5_TREND_XMOM,2025-12-29,1445.453383675409
20.0,C5_TREND_XMOM,2025-12-30,1461.0418832951652
20.0,C5_TREND_XMOM,2025-12-31,1441.6782573622224
20.0,C5_TREND_XMOM,2026-01-02,1514.3893351418399
20.0,C5_TREND_XMOM,2026-01-05,1533.4584535482886
20.0,C5_TREND_XMOM,2026-01-06,1561.6181938836123
20.0,C5_TREND_XMOM,2026-01-07,1532.7569321555686
20.0,C5_TREND_XMOM,2026-01-08,1529.3089242925253
20.0,C5_TREND_XMOM,2026-01-09,1567.4837766279975
20.0,C5_TREND_XMOM,2026-01-12,1587.2949693661653
20.0,C5_TREND_XMOM,2026-01-13,1565.3212328141421
20.0,C5_TREND_XMOM,2026-01-14,1554.481468469271
20.0,C5_TREND_XMOM,2026-01-15,1565.28675863162
20.0,C5_TREND_XMOM,2026-01-16,1616.6423988563452
20.0,C5_TREND_XMOM,2026-01-20,1572.2234597905874
20.0,C5_TREND_XMOM,2026-01-21,1549.1743254175678
20.0,C5_TREND_XMOM,2026-01-22,1609.5877163394744
20.0,C5_TREND_XMOM,2026-01-23,1594.2419965065608
20.0,C5_TREND_XMOM,2026-01-26,1552.3147328767795
20.0,C5_TREND_XMOM,2026-01-27,1570.7923903284332
20.0,C5_TREND_XMOM,2026-01-28,1589.193000306299
20.0,C5_TREND_XMOM,2026-01-29,1570.7068782339582
20.0,C5_TREND_XMOM,2026-01-30,1534.8795725983573
20.0,C5_TREND_XMOM,2026-02-02,1508.2686825427252
20.0,C5_TREND_XMOM,2026-02-03,1550.4231711618083
20.0,C5_TREND_XMOM,2026-02-04,1520.19281941333
20.0,C5_TREND_XMOM,2026-02-05,1460.244363883125
20.0,C5_TREND_XMOM,2026-02-06,1527.616838100027
20.0,C5_TREND_XMOM,2026-02-09,1543.3275927268733
20.0,C5_TREND_XMOM,2026-02-10,1512.054703890281
20.0,C5_TREND_XMOM,2026-02-11,1521.8258644773039
20.0,C5_TREND_XMOM,2026-02-12,1471.9398698899727
20.0,C5_TREND_XMOM,2026-02-13,1491.6214349678478
20.0,C5_TREND_XMOM,2026-02-17,1480.0981451041744
20.0,C5_TREND_XMOM,2026-02-18,1489.854724678211
20.0,C5_TREND_XMOM,2026-02-19,1503.4811445641737
20.0,C5_TREND_XMOM,2026-02-20,1486.9037638822488
20.0,C5_TREND_XMOM,2026-02-23,1519.7544609517013
20.0,C5_TREND_XMOM,2026-02-24,1522.1977918050761
20.0,C5_TREND_XMOM,2026-02-25,1504.4363244074946
20.0,C5_TREND_XMOM,2026-02-26,1502.3421193625281
20.0,C5_TREND_XMOM,2026-02-27,1500.7567644139012
20.0,C5_TREND_XMOM,2026-03-02,1527.6602492257202
20.0,C5_TREND_XMOM,2026-03-03,1509.9379762831875
20.0,C5_TREND_XMOM,2026-03-04,1557.441756566995
20.0,C5_TREND_XMOM,2026-03-05,1502.4159631749103
20.0,C5_TREND_XMOM,2026-03-06,1488.8987260836402
20.0,C5_TREND_XMOM,2026-03-09,1502.7217382693686
20.0,C5_TREND_XMOM,2026-03-10,1492.8442674090188
20.0,C5_TREND_XMOM,2026-03-11,1495.8452446022518
20.0,C5_TREND_XMOM,2026-03-12,1470.189308140922
20.0,C5_TREND_XMOM,2026-03-13,1464.079415751714
20.0,C5_TREND_XMOM,2026-03-16,1479.9676936838555
20.0,C5_TREND_XMOM,2026-03-17,1482.771649422216
20.0,C5_TREND_XMOM,2026-03-18,1453.727125102881
20.0,C5_TREND_XMOM,2026-03-19,1452.947092866768
20.0,C5_TREND_XMOM,2026-03-20,1415.8412577835265
20.0,C5_TREND_XMOM,2026-03-23,1404.548457161008
20.0,C5_TREND_XMOM,2026-03-24,1390.3130462631432
20.0,C5_TREND_XMOM,2026-03-25,1390.3130462631432
20.0,C5_TREND_XMOM,2026-03-26,1390.3130462631432
20.0,C5_TREND_XMOM,2026-03-27,1390.3130462631432
20.0,C5_TREND_XMOM,2026-03-30,1390.3130462631432
20.0,C5_TREND_XMOM,2026-03-31,1390.3130462631432
20.0,C5_TREND_XMOM,2026-04-01,1390.3130462631432
20.0,C5_TREND_XMOM,2026-04-02,1390.3130462631432
20.0,C5_TREND_XMOM,2026-04-06,1390.3130462631432
20.0,C5_TREND_XMOM,2026-04-07,1390.3130462631432
20.0,C5_TREND_XMOM,2026-04-08,1390.3130462631432
20.0,C5_TREND_XMOM,2026-04-09,1390.3130462631432
20.0,C5_TREND_XMOM,2026-04-10,1386.8195908452867
20.0,C5_TREND_XMOM,2026-04-13,1412.4438233184026
20.0,C5_TREND_XMOM,2026-04-14,1370.2821109598087
20.0,C5_TREND_XMOM,2026-04-15,1357.861037249983
20.0,C5_TREND_XMOM,2026-04-16,1378.7851902770938
20.0,C5_TREND_XMOM,2026-04-17,1349.8367840165783
20.0,C5_TREND_XMOM,2026-04-20,1339.852865625335
20.0,C5_TREND_XMOM,2026-04-21,1343.708187977404
20.0,C5_TREND_XMOM,2026-04-22,1368.0883172327258
20.0,C5_TREND_XMOM,2026-04-23,1354.1409971681046
20.0,C5_TREND_XMOM,2026-04-24,1342.141852485994
20.0,C5_TREND_XMOM,2026-04-27,1339.856613719457
20.0,C5_TREND_XMOM,2026-04-28,1319.419871559099
20.0,C5_TREND_XMOM,2026-04-29,1335.5611745268925
20.0,C5_TREND_XMOM,2026-04-30,1377.911758820668
20.0,C5_TREND_XMOM,2026-05-01,1368.9678230871507
20.0,C5_TREND_XMOM,2026-05-04,1371.5274305042665
20.0,C5_TREND_XMOM,2026-05-05,1386.3333562021728
20.0,C5_TREND_XMOM,2026-05-06,1387.2913826669183
20.0,C5_TREND_XMOM,2026-05-07,1378.0209988425863
20.0,C5_TREND_XMOM,2026-05-08,1386.5500691770012
20.0,C5_TREND_XMOM,2026-05-11,1403.372687452476
20.0,C5_TREND_XMOM,2026-05-12,1415.4968233411782
20.0,C5_TREND_XMOM,2026-05-13,1426.5361683805938
20.0,C5_TREND_XMOM,2026-05-14,1426.7321674933623
20.0,C5_TREND_XMOM,2026-05-15,1415.4817724267127
20.0,C5_TREND_XMOM,2026-05-18,1410.0124008953426
20.0,C5_TREND_XMOM,2026-05-19,1424.2990349929528
20.0,C5_TREND_XMOM,2026-05-20,1417.6374843712435
20.0,C5_TREND_XMOM,2026-05-21,1403.1610088563689
20.0,C5_TREND_XMOM,2026-05-22,1409.807076315982
20.0,C5_TREND_XMOM,2026-05-26,1417.9785858560954
20.0,C5_TREND_XMOM,2026-05-27,1404.5749873504185
20.0,C5_TREND_XMOM,2026-05-28,1423.3950835661906
20.0,C5_TREND_XMOM,2026-05-29,1409.945225550976
20.0,C5_TREND_XMOM,2026-06-01,1411.0491747085277
20.0,C5_TREND_XMOM,2026-06-02,1446.7627741075885
20.0,C5_TREND_XMOM,2026-06-03,1431.0947059393202
20.0,C5_TREND_XMOM,2026-06-04,1417.5933501502473
20.0,C5_TREND_XMOM,2026-06-05,1333.4103468040912
20.0,C5_TREND_XMOM,2026-06-08,1351.3397288533802
20.0,C5_TREND_XMOM,2026-06-09,1332.5965149190836
20.0,C5_TREND_XMOM,2026-06-10,1317.173788835712
20.0,C5_TREND_XMOM,2026-06-11,1375.806074185019
20.0,C5_TREND_XMOM,2026-06-12,1331.3368756278214
20.0,C5_TREND_XMOM,2026-06-15,1354.5787883594091
20.0,C5_TREND_XMOM,2026-06-16,1308.679420912125
20.0,C5_TREND_XMOM,2026-06-17,1313.5633608561427
20.0,C5_TREND_XMOM,2026-06-18,1316.979047528085
20.0,C5_TREND_XMOM,2026-06-22,1290.5375050124155
20.0,C5_TREND_XMOM,2026-06-23,1258.1090326911965
20.0,C5_TREND_XMOM,2026-06-24,1226.5935907485557
20.0,C5_TREND_XMOM,2026-06-25,1247.7256581602103
20.0,C5_TREND_XMOM,2026-06-26,1235.2374897232837
20.0,C5_TREND_XMOM,2026-06-29,1293.4330444249817
20.0,C5_TREND_XMOM,2026-06-30,1318.9379874279023
20.0,C5_TREND_XMOM,2026-07-01,1287.9335067332995
20.0,C5_TREND_XMOM,2026-07-02,1274.8668915076696
20.0,C5_TREND_XMOM,2026-07-06,1269.6851685242045
20.0,C5_TREND_XMOM,2026-07-07,1252.239287151445
20.0,C5_TREND_XMOM,2026-07-08,1263.5956163050841
20.0,C5_TREND_XMOM,2026-07-09,1265.308653576145
20.0,C5_TREND_XMOM,2026-07-10,1257.3573114039034
20.0,C5_TREND_XMOM,2026-07-13,1244.9349330690538
20.0,C5_TREND_XMOM,2026-07-14,1257.2266354229141
20.0,C5_TREND_XMOM,2026-07-15,1247.5878142129145
20.0,C5_TREND_XMOM,2026-07-16,1196.7533901948927
20.0,C5_TREND_XMOM,2026-07-17,1211.3693780430126
20.0,C5_TREND_XMOM,2026-07-20,1208.4208340901837
20.0,C5_TREND_XMOM,2026-07-21,1257.4268243604317
20.0,C5_TREND_XMOM,2026-07-22,1257.6699152555454
20.0,C5_TREND_XMOM,2026-07-23,1267.4620132901646
20.0,C5_TREND_XMOM,2026-07-24,1240.6130555941454
20.0,C5_TREND_XMOM,2026-07-27,1211.7152337817613
20.0,C5_TREND_XMOM,2026-07-28,1187.8115847455354
20.0,C5_TREND_XMOM,2026-07-29,1180.9793235424663
20.0,C5_TREND_XMOM,2026-07-30,1205.24524988373
20.0,C5_TREND_XMOM,2026-07-31,1211.5048928269862
20.0,C5_TREND_XMOM,2026-08-03,1206.754052155734
20.0,C5_TREND_XMOM,2026-08-04,1236.517757285094
20.0,C5_TREND_XMOM,2026-08-05,1238.979742530169
20.0,C5_TREND_XMOM,2026-08-06,1253.4218173905197
20.0,C5_TREND_XMOM,2026-08-07,1262.3936725391532
20.0,C5_TREND_XMOM,2026-08-10,1278.6446256373938
20.0,C5_TREND_XMOM,2026-08-11,1276.0333493754172
20.0,C5_TREND_XMOM,2026-08-12,1284.0397284434766
20.0,C5_TREND_XMOM,2026-08-13,1282.703223189077
20.0,C5_TREND_XMOM,2026-08-14,1264.5386357518892
20.0,C5_TREND_XMOM,2026-08-17,1276.1375328829847
20.0,C5_TREND_XMOM,2026-08-18,1261.6634846312775
20.0,C5_TREND_XMOM,2026-08-19,1257.6268507346786
20.0,C5_TREND_XMOM,2026-08-20,1257.7370820478993
20.0,C5_TREND_XMOM,2026-08-21,1262.8274628547024
20.0,C5_TREND_XMOM,2026-08-24,1241.212770027141
20.0,C5_TREND_XMOM,2026-08-25,1229.6087975896357
20.0,C5_TREND_XMOM,2026-08-26,1222.586435592762
20.0,C5_TREND_XMOM,2026-08-27,1242.8421732226411
20.0,C5_TREND_XMOM,2026-08-28,1230.8539986208843
